2026-07-15 10:11:19 | INFO     | __main__                  | Executing single scan cycle (--once flag detected)...
2026-07-15 10:11:19 | INFO     | backend.scanner           | ═══ Scan cycle started at 13:11:19 UTC ═══
2026-07-15 10:11:19 | INFO     | backend.data_fetcher      | Using curated crypto watchlist (40 assets).
2026-07-15 10:11:19 | INFO     | backend.scanner           | Market US_EQUITIES is CLOSED — skipping 50 tickers.
2026-07-15 10:11:19 | INFO     | backend.scanner           | Scanning CRYPTO (40 tickers)…
2026-07-15 10:11:21 | INFO     | backend.data_fetcher      | Binance host https://api.binance.com is working — caching as primary.
2026-07-15 10:12:26 | INFO     | backend.scanner           | ═══ Scan complete: 0 signal(s) found in 66.6s ═══
2026-07-15 10:12:26 | INFO     | __main__                  | Scan completed. 0 signal(s) found.
2026-07-15 10:12:59 | INFO     | __main__                  | Executing single scan cycle (--once flag detected)...
2026-07-15 10:12:59 | INFO     | backend.scanner           | ═══ Scan cycle started at 13:12:59 UTC ═══
2026-07-15 10:12:59 | INFO     | backend.data_fetcher      | Using curated crypto watchlist (40 assets).
2026-07-15 10:12:59 | INFO     | backend.scanner           | Market US_EQUITIES is CLOSED — skipping 50 tickers.
2026-07-15 10:12:59 | INFO     | backend.scanner           | Scanning CRYPTO (40 tickers)…
2026-07-15 10:13:01 | INFO     | backend.data_fetcher      | Binance host https://api.binance.com is working — caching as primary.
2026-07-15 10:14:00 | INFO     | backend.scanner           | ═══ Scan complete: 0 signal(s) found in 60.9s ═══
2026-07-15 10:14:00 | INFO     | __main__                  | Scan completed. 0 signal(s) found.
2026-07-15 10:21:39 | INFO     | __main__                  | Executing single scan cycle (--once flag detected)...
2026-07-15 10:21:39 | INFO     | backend.scanner           | ═══ Scan cycle started at 13:21:39 UTC ═══
2026-07-15 10:21:39 | INFO     | backend.data_fetcher      | Using curated crypto watchlist (40 assets).
2026-07-15 10:21:39 | INFO     | backend.scanner           | Market US_EQUITIES is CLOSED — skipping 50 tickers.
2026-07-15 10:21:39 | INFO     | backend.scanner           | Scanning CRYPTO (40 tickers)…
2026-07-15 10:21:41 | INFO     | backend.data_fetcher      | Binance host https://api.binance.com is working — caching as primary.
2026-07-15 10:22:42 | INFO     | backend.scanner           | ═══ Scan complete: 0 signal(s) found in 62.9s ═══
2026-07-15 10:22:42 | INFO     | __main__                  | Scan completed. 0 signal(s) found.
2026-07-15 10:39:25 | INFO     | __main__                  | Executing single scan cycle (--once flag detected)...
2026-07-15 10:39:25 | INFO     | backend.scanner           | ═══ Scan cycle started at 13:39:25 UTC ═══
2026-07-15 10:39:25 | INFO     | backend.data_fetcher      | Using curated crypto watchlist (40 assets).
2026-07-15 10:39:25 | INFO     | backend.scanner           | Scanning US_EQUITIES (50 tickers)…
2026-07-15 10:39:26 | WARNING  | backend.data_fetcher      | No daily data returned for AAPL.
2026-07-15 10:39:26 | WARNING  | backend.data_fetcher      | No daily data returned for MSFT.
2026-07-15 10:39:27 | WARNING  | backend.data_fetcher      | No daily data returned for GOOGL.
2026-07-15 10:39:28 | WARNING  | backend.data_fetcher      | No daily data returned for AMZN.
2026-07-15 10:39:28 | WARNING  | backend.data_fetcher      | No daily data returned for NVDA.
2026-07-15 10:39:28 | WARNING  | backend.data_fetcher      | No daily data returned for META.
2026-07-15 10:39:29 | WARNING  | backend.data_fetcher      | No daily data returned for TSLA.
2026-07-15 10:39:29 | WARNING  | backend.data_fetcher      | No daily data returned for BRK-B.
2026-07-15 10:39:30 | WARNING  | backend.data_fetcher      | No daily data returned for JPM.
2026-07-15 10:39:30 | WARNING  | backend.data_fetcher      | No daily data returned for V.
2026-07-15 10:39:31 | WARNING  | backend.data_fetcher      | No daily data returned for JNJ.
2026-07-15 10:39:32 | WARNING  | backend.data_fetcher      | No daily data returned for WMT.
2026-07-15 10:39:32 | WARNING  | backend.data_fetcher      | No daily data returned for PG.
2026-07-15 10:39:33 | WARNING  | backend.data_fetcher      | No daily data returned for MA.
2026-07-15 10:39:33 | WARNING  | backend.data_fetcher      | No daily data returned for UNH.
2026-07-15 10:39:34 | WARNING  | backend.data_fetcher      | No daily data returned for HD.
2026-07-15 10:39:35 | WARNING  | backend.data_fetcher      | No daily data returned for DIS.
2026-07-15 10:39:35 | WARNING  | backend.data_fetcher      | No daily data returned for BAC.
2026-07-15 10:39:36 | WARNING  | backend.data_fetcher      | No daily data returned for XOM.
2026-07-15 10:39:36 | WARNING  | backend.data_fetcher      | No daily data returned for PFE.
2026-07-15 10:39:37 | WARNING  | backend.data_fetcher      | No daily data returned for KO.
2026-07-15 10:39:38 | WARNING  | backend.data_fetcher      | No daily data returned for PEP.
2026-07-15 10:39:38 | WARNING  | backend.data_fetcher      | No daily data returned for CSCO.
2026-07-15 10:39:39 | WARNING  | backend.data_fetcher      | No daily data returned for ABT.
2026-07-15 10:39:39 | WARNING  | backend.data_fetcher      | No daily data returned for CRM.
2026-07-15 10:39:40 | WARNING  | backend.data_fetcher      | No daily data returned for AVGO.
2026-07-15 10:39:40 | WARNING  | backend.data_fetcher      | No daily data returned for TMO.
2026-07-15 10:39:41 | WARNING  | backend.data_fetcher      | No daily data returned for COST.
2026-07-15 10:39:42 | WARNING  | backend.data_fetcher      | No daily data returned for NKE.
2026-07-15 10:39:42 | WARNING  | backend.data_fetcher      | No daily data returned for MRK.
2026-07-15 10:39:43 | WARNING  | backend.data_fetcher      | No daily data returned for ACN.
2026-07-15 10:39:43 | WARNING  | backend.data_fetcher      | No daily data returned for LLY.
2026-07-15 10:39:44 | WARNING  | backend.data_fetcher      | No daily data returned for ABBV.
2026-07-15 10:39:45 | WARNING  | backend.data_fetcher      | No daily data returned for MCD.
2026-07-15 10:39:45 | WARNING  | backend.data_fetcher      | No daily data returned for TXN.
2026-07-15 10:39:46 | WARNING  | backend.data_fetcher      | No daily data returned for QCOM.
2026-07-15 10:39:46 | WARNING  | backend.data_fetcher      | No daily data returned for DHR.
2026-07-15 10:39:47 | WARNING  | backend.data_fetcher      | No daily data returned for NEE.
2026-07-15 10:39:48 | WARNING  | backend.data_fetcher      | No daily data returned for ORCL.
2026-07-15 10:39:48 | WARNING  | backend.data_fetcher      | No daily data returned for ADBE.
2026-07-15 10:39:49 | WARNING  | backend.data_fetcher      | No daily data returned for AMD.
2026-07-15 10:39:49 | WARNING  | backend.data_fetcher      | No daily data returned for INTC.
2026-07-15 10:39:50 | WARNING  | backend.data_fetcher      | No daily data returned for AMGN.
2026-07-15 10:39:51 | WARNING  | backend.data_fetcher      | No daily data returned for PM.
2026-07-15 10:39:51 | WARNING  | backend.data_fetcher      | No daily data returned for HON.
2026-07-15 10:39:52 | WARNING  | backend.data_fetcher      | No daily data returned for UPS.
2026-07-15 10:39:52 | WARNING  | backend.data_fetcher      | No daily data returned for IBM.
2026-07-15 10:39:53 | WARNING  | backend.data_fetcher      | No daily data returned for GE.
2026-07-15 10:39:53 | WARNING  | backend.data_fetcher      | No daily data returned for CAT.
2026-07-15 10:39:54 | WARNING  | backend.data_fetcher      | No daily data returned for BA.
2026-07-15 10:39:54 | INFO     | backend.scanner           | Scanning CRYPTO (40 tickers)…
2026-07-15 10:39:55 | INFO     | backend.data_fetcher      | Binance host https://api.binance.com is working — caching as primary.
2026-07-15 10:39:57 | INFO     | backend.trend_radar       | RADAR hit — dir=UP, ADX=23.1, triggers=['DONCHIAN_15', 'IMPULSE'], vol=1.39x, ROC10=6.2%
2026-07-15 10:39:57 | INFO     | backend.telegram_notifier | [DRY-RUN] Telegram alert:
📡 RADAR DE TENDENCIA
━━━━━━━━━━━━━━━━━━
🏷️ ETHUSDT — Crypto (Binance Spot)
🟢 Tendencia: ALCISTA
⚡ Disparador: Donchian(15) + Impulso
💪 ADX: 23.1  |  EMAs mixtas
📊 Volumen: 1.4x  |  ROC: +6.2%
💵 Precio: $1937.5600
⏰ 2026-07-15 13:39 UTC
→ Analizar: analyze.py ETHUSDT --market crypto
━━━━━━━━━━━━━━━━━━
2026-07-15 10:39:57 | INFO     | backend.scanner           | ✅ RADAR: UP ETHUSDT @ 1937.5600 [ADX=23.1, DONCHIAN_15+IMPULSE, Vol=1.4x, ROC=6.2%]
2026-07-15 10:40:18 | INFO     | backend.trend_radar       | RADAR hit — dir=UP, ADX=21.4, triggers=['DONCHIAN_15'], vol=1.50x, ROC10=15.0%
2026-07-15 10:40:18 | INFO     | backend.telegram_notifier | [DRY-RUN] Telegram alert:
📡 RADAR DE TENDENCIA
━━━━━━━━━━━━━━━━━━
🏷️ POLUSDT — Crypto (Binance Spot)
🟢 Tendencia: ALCISTA
⚡ Disparador: Donchian(15)
💪 ADX: 21.4  |  EMAs mixtas
📊 Volumen: 1.5x  |  ROC: +15.0%
💵 Precio: $0.0839
⏰ 2026-07-15 13:40 UTC
→ Analizar: analyze.py POLUSDT --market crypto
━━━━━━━━━━━━━━━━━━
2026-07-15 10:40:18 | INFO     | backend.scanner           | ✅ RADAR: UP POLUSDT @ 0.0839 [ADX=21.4, DONCHIAN_15, Vol=1.5x, ROC=15.0%]
2026-07-15 10:40:47 | INFO     | backend.scanner           | ═══ Scan complete: 2 signal(s) found in 81.9s ═══
2026-07-15 10:40:47 | INFO     | __main__                  | Scan completed. 2 signal(s) found.
2026-07-15 14:13:36 | INFO     | __main__                  | Executing single scan cycle (--once flag detected)...
2026-07-15 14:13:36 | INFO     | backend.scanner           | ═══ Scan cycle started at 17:13:36 UTC ═══
2026-07-15 14:13:36 | INFO     | backend.data_fetcher      | Using curated crypto watchlist (40 assets).
2026-07-15 14:13:36 | INFO     | backend.scanner           | Scanning US_EQUITIES (50 tickers)…
2026-07-15 14:13:40 | WARNING  | backend.data_fetcher      | No daily data returned for AAPL.
2026-07-15 14:13:41 | WARNING  | backend.data_fetcher      | No daily data returned for MSFT.
2026-07-15 14:13:41 | WARNING  | backend.data_fetcher      | No daily data returned for GOOGL.
2026-07-15 14:13:41 | WARNING  | backend.data_fetcher      | No daily data returned for AMZN.
2026-07-15 14:13:41 | WARNING  | backend.data_fetcher      | No daily data returned for NVDA.
2026-07-15 14:13:42 | WARNING  | backend.data_fetcher      | No daily data returned for META.
2026-07-15 14:13:42 | WARNING  | backend.data_fetcher      | No daily data returned for TSLA.
2026-07-15 14:13:42 | WARNING  | backend.data_fetcher      | No daily data returned for BRK-B.
2026-07-15 14:13:42 | WARNING  | backend.data_fetcher      | No daily data returned for JPM.
2026-07-15 14:13:42 | WARNING  | backend.data_fetcher      | No daily data returned for V.
2026-07-15 14:13:42 | WARNING  | backend.data_fetcher      | No daily data returned for JNJ.
2026-07-15 14:13:43 | WARNING  | backend.data_fetcher      | No daily data returned for WMT.
2026-07-15 14:13:43 | WARNING  | backend.data_fetcher      | No daily data returned for PG.
2026-07-15 14:13:43 | WARNING  | backend.data_fetcher      | No daily data returned for MA.
2026-07-15 14:13:43 | WARNING  | backend.data_fetcher      | No daily data returned for UNH.
2026-07-15 14:13:43 | WARNING  | backend.data_fetcher      | No daily data returned for HD.
2026-07-15 14:13:44 | WARNING  | backend.data_fetcher      | No daily data returned for DIS.
2026-07-15 14:13:44 | WARNING  | backend.data_fetcher      | No daily data returned for BAC.
2026-07-15 14:13:44 | WARNING  | backend.data_fetcher      | No daily data returned for XOM.
2026-07-15 14:13:44 | WARNING  | backend.data_fetcher      | No daily data returned for PFE.
2026-07-15 14:13:44 | WARNING  | backend.data_fetcher      | No daily data returned for KO.
2026-07-15 14:13:44 | WARNING  | backend.data_fetcher      | No daily data returned for PEP.
2026-07-15 14:13:44 | WARNING  | backend.data_fetcher      | No daily data returned for CSCO.
2026-07-15 14:13:45 | WARNING  | backend.data_fetcher      | No daily data returned for ABT.
2026-07-15 14:13:45 | WARNING  | backend.data_fetcher      | No daily data returned for CRM.
2026-07-15 14:13:45 | WARNING  | backend.data_fetcher      | No daily data returned for AVGO.
2026-07-15 14:13:45 | WARNING  | backend.data_fetcher      | No daily data returned for TMO.
2026-07-15 14:13:45 | WARNING  | backend.data_fetcher      | No daily data returned for COST.
2026-07-15 14:13:45 | WARNING  | backend.data_fetcher      | No daily data returned for NKE.
2026-07-15 14:13:46 | WARNING  | backend.data_fetcher      | No daily data returned for MRK.
2026-07-15 14:13:46 | WARNING  | backend.data_fetcher      | No daily data returned for ACN.
2026-07-15 14:13:46 | WARNING  | backend.data_fetcher      | No daily data returned for LLY.
2026-07-15 14:13:46 | WARNING  | backend.data_fetcher      | No daily data returned for ABBV.
2026-07-15 14:13:46 | WARNING  | backend.data_fetcher      | No daily data returned for MCD.
2026-07-15 14:13:47 | WARNING  | backend.data_fetcher      | No daily data returned for TXN.
2026-07-15 14:13:47 | WARNING  | backend.data_fetcher      | No daily data returned for QCOM.
2026-07-15 14:13:47 | WARNING  | backend.data_fetcher      | No daily data returned for DHR.
2026-07-15 14:13:47 | WARNING  | backend.data_fetcher      | No daily data returned for NEE.
2026-07-15 14:13:47 | WARNING  | backend.data_fetcher      | No daily data returned for ORCL.
2026-07-15 14:13:47 | WARNING  | backend.data_fetcher      | No daily data returned for ADBE.
2026-07-15 14:13:48 | WARNING  | backend.data_fetcher      | No daily data returned for AMD.
2026-07-15 14:13:48 | WARNING  | backend.data_fetcher      | No daily data returned for INTC.
2026-07-15 14:13:48 | WARNING  | backend.data_fetcher      | No daily data returned for AMGN.
2026-07-15 14:13:48 | WARNING  | backend.data_fetcher      | No daily data returned for PM.
2026-07-15 14:13:48 | WARNING  | backend.data_fetcher      | No daily data returned for HON.
2026-07-15 14:13:48 | WARNING  | backend.data_fetcher      | No daily data returned for UPS.
2026-07-15 14:13:48 | WARNING  | backend.data_fetcher      | No daily data returned for IBM.
2026-07-15 14:13:49 | WARNING  | backend.data_fetcher      | No daily data returned for GE.
2026-07-15 14:13:49 | WARNING  | backend.data_fetcher      | No daily data returned for CAT.
2026-07-15 14:13:49 | WARNING  | backend.data_fetcher      | No daily data returned for BA.
2026-07-15 14:13:49 | INFO     | backend.scanner           | Scanning CRYPTO (40 tickers)…
2026-07-15 14:13:50 | INFO     | backend.data_fetcher      | Binance host https://api.binance.com is working — caching as primary.
2026-07-15 14:13:52 | INFO     | backend.trend_radar       | RADAR hit — dir=UP, ADX=23.1, triggers=['DONCHIAN_15', 'IMPULSE'], vol=1.39x, ROC10=6.2%
2026-07-15 14:13:52 | INFO     | backend.telegram_notifier | [DRY-RUN] Telegram alert:
📡 RADAR DE TENDENCIA
━━━━━━━━━━━━━━━━━━
🏷️ ETHUSDT — Crypto (Binance Spot)
🟢 Tendencia: ALCISTA
⚡ Disparador: Donchian(15) (Ruptura Max/Min 15d) + Impulso (Vela rango amplio)
💪 ADX: 23.1 (Tendencia Naciendo)  |  Fase Temprana
📊 Volumen: 1.4x (Alto)  |  ROC: +6.2%
💵 Precio: $1922.6000
⏰ 2026-07-15 17:13 UTC
→ Analizar: analyze.py ETHUSDT --market crypto
━━━━━━━━━━━━━━━━━━
2026-07-15 14:13:52 | INFO     | backend.scanner           | ✅ RADAR: UP ETHUSDT @ 1922.6000 [ADX=23.1, DONCHIAN_15+IMPULSE, Vol=1.4x, ROC=6.2%]
2026-07-15 14:14:08 | INFO     | backend.trend_radar       | RADAR hit — dir=UP, ADX=21.4, triggers=['DONCHIAN_15'], vol=1.50x, ROC10=15.0%
2026-07-15 14:14:08 | INFO     | backend.telegram_notifier | [DRY-RUN] Telegram alert:
📡 RADAR DE TENDENCIA
━━━━━━━━━━━━━━━━━━
🏷️ POLUSDT — Crypto (Binance Spot)
🟢 Tendencia: ALCISTA
⚡ Disparador: Donchian(15) (Ruptura Max/Min 15d)
💪 ADX: 21.4 (Tendencia Naciendo)  |  Fase Temprana
📊 Volumen: 1.5x (Alto)  |  ROC: +15.0%
💵 Precio: $0.0835
⏰ 2026-07-15 17:14 UTC
→ Analizar: analyze.py POLUSDT --market crypto
━━━━━━━━━━━━━━━━━━
2026-07-15 14:14:08 | INFO     | backend.scanner           | ✅ RADAR: UP POLUSDT @ 0.0835 [ADX=21.4, DONCHIAN_15, Vol=1.5x, ROC=15.0%]
2026-07-15 14:14:35 | INFO     | backend.scanner           | ═══ Scan complete: 2 signal(s) found in 59.0s ═══
2026-07-15 14:14:35 | INFO     | __main__                  | Scan completed. 2 signal(s) found.
2026-07-16 10:50:39 | INFO     | __main__                  | Executing single scan cycle (--once flag detected)...
2026-07-16 10:50:39 | INFO     | backend.scanner           | ═══ Scan cycle started at 13:50:39 UTC ═══
2026-07-16 10:50:39 | INFO     | backend.data_fetcher      | Using curated crypto watchlist (40 assets).
2026-07-16 10:50:39 | INFO     | backend.scanner           | Scanning US_EQUITIES (50 tickers)…
2026-07-16 10:50:39 | WARNING  | backend.data_fetcher      | No daily data returned for AAPL.
2026-07-16 10:50:39 | WARNING  | backend.data_fetcher      | No daily data returned for MSFT.
2026-07-16 10:50:39 | WARNING  | backend.data_fetcher      | No daily data returned for GOOGL.
2026-07-16 10:50:40 | WARNING  | backend.data_fetcher      | No daily data returned for AMZN.
2026-07-16 10:50:40 | WARNING  | backend.data_fetcher      | No daily data returned for NVDA.
2026-07-16 10:50:40 | WARNING  | backend.data_fetcher      | No daily data returned for META.
2026-07-16 10:50:40 | WARNING  | backend.data_fetcher      | No daily data returned for TSLA.
2026-07-16 10:50:40 | WARNING  | backend.data_fetcher      | No daily data returned for BRK-B.
2026-07-16 10:50:40 | WARNING  | backend.data_fetcher      | No daily data returned for JPM.
2026-07-16 10:50:40 | WARNING  | backend.data_fetcher      | No daily data returned for V.
2026-07-16 10:50:41 | WARNING  | backend.data_fetcher      | No daily data returned for JNJ.
2026-07-16 10:50:41 | WARNING  | backend.data_fetcher      | No daily data returned for WMT.
2026-07-16 10:50:41 | WARNING  | backend.data_fetcher      | No daily data returned for PG.
2026-07-16 10:50:41 | WARNING  | backend.data_fetcher      | No daily data returned for MA.
2026-07-16 10:50:41 | WARNING  | backend.data_fetcher      | No daily data returned for UNH.
2026-07-16 10:50:41 | WARNING  | backend.data_fetcher      | No daily data returned for HD.
2026-07-16 10:50:42 | WARNING  | backend.data_fetcher      | No daily data returned for DIS.
2026-07-16 10:50:42 | WARNING  | backend.data_fetcher      | No daily data returned for BAC.
2026-07-16 10:50:42 | WARNING  | backend.data_fetcher      | No daily data returned for XOM.
2026-07-16 10:50:42 | WARNING  | backend.data_fetcher      | No daily data returned for PFE.
2026-07-16 10:50:42 | WARNING  | backend.data_fetcher      | No daily data returned for KO.
2026-07-16 10:50:42 | WARNING  | backend.data_fetcher      | No daily data returned for PEP.
2026-07-16 10:50:43 | WARNING  | backend.data_fetcher      | No daily data returned for CSCO.
2026-07-16 10:50:43 | WARNING  | backend.data_fetcher      | No daily data returned for ABT.
2026-07-16 10:50:43 | WARNING  | backend.data_fetcher      | No daily data returned for CRM.
2026-07-16 10:50:43 | WARNING  | backend.data_fetcher      | No daily data returned for AVGO.
2026-07-16 10:50:43 | WARNING  | backend.data_fetcher      | No daily data returned for TMO.
2026-07-16 10:50:43 | WARNING  | backend.data_fetcher      | No daily data returned for COST.
2026-07-16 10:50:44 | WARNING  | backend.data_fetcher      | No daily data returned for NKE.
2026-07-16 10:50:44 | WARNING  | backend.data_fetcher      | No daily data returned for MRK.
2026-07-16 10:50:44 | WARNING  | backend.data_fetcher      | No daily data returned for ACN.
2026-07-16 10:50:44 | WARNING  | backend.data_fetcher      | No daily data returned for LLY.
2026-07-16 10:50:44 | WARNING  | backend.data_fetcher      | No daily data returned for ABBV.
2026-07-16 10:50:44 | WARNING  | backend.data_fetcher      | No daily data returned for MCD.
2026-07-16 10:50:45 | WARNING  | backend.data_fetcher      | No daily data returned for TXN.
2026-07-16 10:50:45 | WARNING  | backend.data_fetcher      | No daily data returned for QCOM.
2026-07-16 10:50:45 | WARNING  | backend.data_fetcher      | No daily data returned for DHR.
2026-07-16 10:50:45 | WARNING  | backend.data_fetcher      | No daily data returned for NEE.
2026-07-16 10:50:45 | WARNING  | backend.data_fetcher      | No daily data returned for ORCL.
2026-07-16 10:50:45 | WARNING  | backend.data_fetcher      | No daily data returned for ADBE.
2026-07-16 10:50:46 | WARNING  | backend.data_fetcher      | No daily data returned for AMD.
2026-07-16 10:50:46 | WARNING  | backend.data_fetcher      | No daily data returned for INTC.
2026-07-16 10:50:46 | WARNING  | backend.data_fetcher      | No daily data returned for AMGN.
2026-07-16 10:50:46 | WARNING  | backend.data_fetcher      | No daily data returned for PM.
2026-07-16 10:50:46 | WARNING  | backend.data_fetcher      | No daily data returned for HON.
2026-07-16 10:50:46 | WARNING  | backend.data_fetcher      | No daily data returned for UPS.
2026-07-16 10:50:46 | WARNING  | backend.data_fetcher      | No daily data returned for IBM.
2026-07-16 10:50:47 | WARNING  | backend.data_fetcher      | No daily data returned for GE.
2026-07-16 10:50:47 | WARNING  | backend.data_fetcher      | No daily data returned for CAT.
2026-07-16 10:50:47 | WARNING  | backend.data_fetcher      | No daily data returned for BA.
2026-07-16 10:50:47 | INFO     | backend.scanner           | Scanning CRYPTO (40 tickers)…
2026-07-16 10:50:48 | INFO     | backend.data_fetcher      | Binance host https://api.binance.com is working — caching as primary.
2026-07-16 10:50:50 | INFO     | backend.trend_radar       | RADAR hit — dir=UP, ADX=23.8, triggers=['DONCHIAN_15'], vol=1.20x, ROC10=7.4%
2026-07-16 10:50:50 | INFO     | backend.telegram_notifier | [DRY-RUN] Telegram alert:
📡 RADAR DE TENDENCIA
━━━━━━━━━━━━━━━━━━
🏷️ ETHUSDT — Crypto (Binance Spot)
🟢 Tendencia: ALCISTA
⚡ Disparador: Donchian(15) (Ruptura Max/Min 15d)
💪 ADX: 23.8 (Tendencia Naciendo)  |  Fase Temprana
📊 Volumen: 1.2x (Alto)  |  ROC: +7.4%
💵 Precio: $1882.8000
⏰ 2026-07-16 13:50 UTC
→ Analizar: analyze.py ETHUSDT --market crypto
━━━━━━━━━━━━━━━━━━
2026-07-16 10:50:50 | INFO     | backend.scanner           | ✅ RADAR: UP ETHUSDT @ 1882.8000 [ADX=23.8, DONCHIAN_15, Vol=1.2x, ROC=7.4%]
2026-07-16 10:51:15 | INFO     | backend.trend_radar       | RADAR hit — dir=UP, ADX=32.2, triggers=['DONCHIAN_15', 'IMPULSE'], vol=1.32x, ROC10=30.8%
2026-07-16 10:51:15 | INFO     | backend.telegram_notifier | [DRY-RUN] Telegram alert:
📡 RADAR DE TENDENCIA
━━━━━━━━━━━━━━━━━━
🏷️ LDOUSDT — Crypto (Binance Spot)
🟢 Tendencia: ALCISTA
⚡ Disparador: Donchian(15) (Ruptura Max/Min 15d) + Impulso (Vela rango amplio)
💪 ADX: 32.2 (Tendencia Fuerte)  |  Fase Temprana
📊 Volumen: 1.3x (Alto)  |  ROC: +30.8%
💵 Precio: $0.3711
⏰ 2026-07-16 13:51 UTC
→ Analizar: analyze.py LDOUSDT --market crypto
━━━━━━━━━━━━━━━━━━
2026-07-16 10:51:15 | INFO     | backend.scanner           | ✅ RADAR: UP LDOUSDT @ 0.3711 [ADX=32.2, DONCHIAN_15+IMPULSE, Vol=1.3x, ROC=30.8%]
2026-07-16 10:51:27 | INFO     | backend.scanner           | ═══ Scan complete: 2 signal(s) found in 47.8s ═══
2026-07-16 10:51:27 | INFO     | __main__                  | Scan completed. 2 signal(s) found.
2026-07-16 10:51:50 | INFO     | backend.scanner           | Loaded 2 alert cooldown records from disk.
2026-07-16 10:51:50 | INFO     | __main__                  | Executing single scan cycle (--once flag detected)...
2026-07-16 10:51:50 | INFO     | backend.scanner           | ═══ Scan cycle started at 13:51:50 UTC ═══
2026-07-16 10:51:50 | INFO     | backend.data_fetcher      | Using curated crypto watchlist (40 assets).
2026-07-16 10:51:50 | INFO     | backend.scanner           | Scanning US_EQUITIES (50 tickers)…
2026-07-16 10:51:51 | WARNING  | backend.data_fetcher      | No daily data returned for AAPL.
2026-07-16 10:51:51 | WARNING  | backend.data_fetcher      | No daily data returned for MSFT.
2026-07-16 10:51:51 | WARNING  | backend.data_fetcher      | No daily data returned for GOOGL.
2026-07-16 10:51:51 | WARNING  | backend.data_fetcher      | No daily data returned for AMZN.
2026-07-16 10:51:51 | WARNING  | backend.data_fetcher      | No daily data returned for NVDA.
2026-07-16 10:51:51 | WARNING  | backend.data_fetcher      | No daily data returned for META.
2026-07-16 10:51:52 | WARNING  | backend.data_fetcher      | No daily data returned for TSLA.
2026-07-16 10:51:52 | WARNING  | backend.data_fetcher      | No daily data returned for BRK-B.
2026-07-16 10:51:52 | WARNING  | backend.data_fetcher      | No daily data returned for JPM.
2026-07-16 10:51:52 | WARNING  | backend.data_fetcher      | No daily data returned for V.
2026-07-16 10:51:53 | WARNING  | backend.data_fetcher      | No daily data returned for JNJ.
2026-07-16 10:51:53 | WARNING  | backend.data_fetcher      | No daily data returned for WMT.
2026-07-16 10:51:53 | WARNING  | backend.data_fetcher      | No daily data returned for PG.
2026-07-16 10:51:53 | WARNING  | backend.data_fetcher      | No daily data returned for MA.
2026-07-16 10:51:53 | WARNING  | backend.data_fetcher      | No daily data returned for UNH.
2026-07-16 10:51:53 | WARNING  | backend.data_fetcher      | No daily data returned for HD.
2026-07-16 10:51:54 | WARNING  | backend.data_fetcher      | No daily data returned for DIS.
2026-07-16 10:51:54 | WARNING  | backend.data_fetcher      | No daily data returned for BAC.
2026-07-16 10:51:54 | WARNING  | backend.data_fetcher      | No daily data returned for XOM.
2026-07-16 10:51:54 | WARNING  | backend.data_fetcher      | No daily data returned for PFE.
2026-07-16 10:51:54 | WARNING  | backend.data_fetcher      | No daily data returned for KO.
2026-07-16 10:51:54 | WARNING  | backend.data_fetcher      | No daily data returned for PEP.
2026-07-16 10:51:55 | WARNING  | backend.data_fetcher      | No daily data returned for CSCO.
2026-07-16 10:51:55 | WARNING  | backend.data_fetcher      | No daily data returned for ABT.
2026-07-16 10:51:55 | WARNING  | backend.data_fetcher      | No daily data returned for CRM.
2026-07-16 10:51:55 | WARNING  | backend.data_fetcher      | No daily data returned for AVGO.
2026-07-16 10:51:55 | WARNING  | backend.data_fetcher      | No daily data returned for TMO.
2026-07-16 10:51:55 | WARNING  | backend.data_fetcher      | No daily data returned for COST.
2026-07-16 10:51:56 | WARNING  | backend.data_fetcher      | No daily data returned for NKE.
2026-07-16 10:51:56 | WARNING  | backend.data_fetcher      | No daily data returned for MRK.
2026-07-16 10:51:56 | WARNING  | backend.data_fetcher      | No daily data returned for ACN.
2026-07-16 10:51:56 | WARNING  | backend.data_fetcher      | No daily data returned for LLY.
2026-07-16 10:51:56 | WARNING  | backend.data_fetcher      | No daily data returned for ABBV.
2026-07-16 10:51:56 | WARNING  | backend.data_fetcher      | No daily data returned for MCD.
2026-07-16 10:51:57 | WARNING  | backend.data_fetcher      | No daily data returned for TXN.
2026-07-16 10:51:57 | WARNING  | backend.data_fetcher      | No daily data returned for QCOM.
2026-07-16 10:51:57 | WARNING  | backend.data_fetcher      | No daily data returned for DHR.
2026-07-16 10:51:57 | WARNING  | backend.data_fetcher      | No daily data returned for NEE.
2026-07-16 10:51:57 | WARNING  | backend.data_fetcher      | No daily data returned for ORCL.
2026-07-16 10:51:57 | WARNING  | backend.data_fetcher      | No daily data returned for ADBE.
2026-07-16 10:51:58 | WARNING  | backend.data_fetcher      | No daily data returned for AMD.
2026-07-16 10:51:58 | WARNING  | backend.data_fetcher      | No daily data returned for INTC.
2026-07-16 10:51:58 | WARNING  | backend.data_fetcher      | No daily data returned for AMGN.
2026-07-16 10:51:58 | WARNING  | backend.data_fetcher      | No daily data returned for PM.
2026-07-16 10:51:58 | WARNING  | backend.data_fetcher      | No daily data returned for HON.
2026-07-16 10:51:58 | WARNING  | backend.data_fetcher      | No daily data returned for UPS.
2026-07-16 10:51:58 | WARNING  | backend.data_fetcher      | No daily data returned for IBM.
2026-07-16 10:51:59 | WARNING  | backend.data_fetcher      | No daily data returned for GE.
2026-07-16 10:51:59 | WARNING  | backend.data_fetcher      | No daily data returned for CAT.
2026-07-16 10:51:59 | WARNING  | backend.data_fetcher      | No daily data returned for BA.
2026-07-16 10:51:59 | INFO     | backend.scanner           | Scanning CRYPTO (40 tickers)…
2026-07-16 10:52:00 | INFO     | backend.data_fetcher      | Binance host https://api.binance.com is working — caching as primary.
2026-07-16 10:52:01 | INFO     | backend.trend_radar       | RADAR hit — dir=UP, ADX=23.8, triggers=['DONCHIAN_15'], vol=1.20x, ROC10=7.4%
2026-07-16 10:52:28 | INFO     | backend.trend_radar       | RADAR hit — dir=UP, ADX=32.2, triggers=['DONCHIAN_15', 'IMPULSE'], vol=1.32x, ROC10=30.8%
2026-07-16 10:52:39 | INFO     | backend.scanner           | ═══ Scan complete: 0 signal(s) found in 48.8s ═══
2026-07-16 10:52:39 | INFO     | __main__                  | Scan completed. 0 signal(s) found.
2026-07-21 14:50:34 | INFO     | backend.scanner           | Loaded 46 alert cooldown records from disk.
2026-07-21 14:50:34 | INFO     | __main__                  | Executing single scan cycle (--once flag detected)...
2026-07-21 14:50:34 | INFO     | backend.scanner           | ═══ Scan cycle started at 17:50:34 UTC ═══
2026-07-21 14:50:34 | INFO     | backend.data_fetcher      | Using curated crypto watchlist (40 assets).
2026-07-21 14:50:34 | INFO     | backend.scanner           | Scanning US_EQUITIES (72 tickers)…
2026-07-21 14:50:59 | INFO     | backend.trend_radar       | RADAR hit — dir=DOWN, ADX=38.2, triggers=['DONCHIAN_15'], vol=0.92x, ROC10=-15.3%
2026-07-21 14:51:11 | WARNING  | backend.data_fetcher      | No daily data returned for SQ.
2026-07-21 14:51:16 | INFO     | backend.trend_radar       | RADAR hit — dir=UP, ADX=20.4, triggers=['DONCHIAN_15'], vol=1.12x, ROC10=20.3%
2026-07-21 14:51:21 | WARNING  | backend.data_fetcher      | No daily data returned for BITF.
2026-07-21 14:51:21 | INFO     | backend.scanner           | Scanning CRYPTO (40 tickers)…
2026-07-21 14:51:22 | INFO     | backend.data_fetcher      | Binance host https://api.binance.com is working — caching as primary.
2026-07-21 14:52:14 | INFO     | backend.scanner           | ═══ Scan complete: 0 signal(s) found in 99.5s ═══
2026-07-21 14:52:15 | INFO     | backend.data_fetcher      | fetch_sp500_hourly for AAPL: downloaded 145 candles. Last candle: Open=327.0700 Close=327.3750 Vol=1941485 Time=2026-07-21 13:30:00-04:00
2026-07-21 14:52:16 | INFO     | backend.data_fetcher      | fetch_sp500_hourly for MSFT: downloaded 145 candles. Last candle: Open=399.4550 Close=399.3000 Vol=508745 Time=2026-07-21 13:30:00-04:00
2026-07-21 14:52:17 | INFO     | backend.data_fetcher      | fetch_sp500_hourly for GOOGL: downloaded 145 candles. Last candle: Open=349.1400 Close=349.0600 Vol=502880 Time=2026-07-21 13:30:00-04:00
2026-07-21 14:52:17 | INFO     | backend.data_fetcher      | fetch_sp500_hourly for AMZN: downloaded 145 candles. Last candle: Open=248.6150 Close=248.7700 Vol=575154 Time=2026-07-21 13:30:00-04:00
2026-07-21 14:52:18 | INFO     | backend.data_fetcher      | fetch_sp500_hourly for NVDA: downloaded 145 candles. Last candle: Open=206.1250 Close=206.6200 Vol=3415902 Time=2026-07-21 13:30:00-04:00
2026-07-21 14:52:18 | INFO     | backend.data_fetcher      | fetch_sp500_hourly for META: downloaded 145 candles. Last candle: Open=646.6850 Close=646.7901 Vol=325012 Time=2026-07-21 13:30:00-04:00
2026-07-21 14:52:19 | INFO     | backend.data_fetcher      | fetch_sp500_hourly for TSLA: downloaded 145 candles. Last candle: Open=379.4538 Close=379.7200 Vol=689390 Time=2026-07-21 13:30:00-04:00
2026-07-21 14:52:20 | INFO     | backend.data_fetcher      | fetch_sp500_hourly for BRK-B: downloaded 145 candles. Last candle: Open=489.8300 Close=490.2100 Vol=54360 Time=2026-07-21 13:30:00-04:00
2026-07-21 14:52:20 | INFO     | backend.data_fetcher      | fetch_sp500_hourly for JPM: downloaded 145 candles. Last candle: Open=344.8772 Close=345.2000 Vol=97760 Time=2026-07-21 13:30:00-04:00
2026-07-21 14:52:21 | INFO     | backend.data_fetcher      | fetch_sp500_hourly for V: downloaded 145 candles. Last candle: Open=358.1500 Close=357.8800 Vol=153497 Time=2026-07-21 13:30:00-04:00
2026-07-21 14:52:21 | INFO     | backend.data_fetcher      | fetch_sp500_hourly for JNJ: downloaded 145 candles. Last candle: Open=249.2850 Close=249.1901 Vol=133379 Time=2026-07-21 13:30:00-04:00
2026-07-21 14:52:22 | INFO     | backend.data_fetcher      | fetch_sp500_hourly for WMT: downloaded 145 candles. Last candle: Open=110.1100 Close=110.3200 Vol=488750 Time=2026-07-21 13:30:00-04:00
2026-07-21 14:52:23 | INFO     | backend.data_fetcher      | fetch_sp500_hourly for PG: downloaded 145 candles. Last candle: Open=147.5000 Close=147.5400 Vol=154774 Time=2026-07-21 13:30:00-04:00
2026-07-21 14:52:23 | INFO     | backend.data_fetcher      | fetch_sp500_hourly for MA: downloaded 145 candles. Last candle: Open=541.5900 Close=540.5700 Vol=287641 Time=2026-07-21 13:30:00-04:00
2026-07-21 14:52:24 | INFO     | backend.data_fetcher      | fetch_sp500_hourly for UNH: downloaded 145 candles. Last candle: Open=434.9950 Close=434.4800 Vol=123296 Time=2026-07-21 13:30:00-04:00
2026-07-21 14:52:25 | INFO     | backend.data_fetcher      | fetch_sp500_hourly for HD: downloaded 145 candles. Last candle: Open=331.8700 Close=331.5900 Vol=49986 Time=2026-07-21 13:30:00-04:00
2026-07-21 14:52:25 | INFO     | backend.data_fetcher      | fetch_sp500_hourly for DIS: downloaded 145 candles. Last candle: Open=96.2550 Close=96.4400 Vol=282142 Time=2026-07-21 13:30:00-04:00
2026-07-21 14:52:26 | INFO     | backend.data_fetcher      | fetch_sp500_hourly for BAC: downloaded 145 candles. Last candle: Open=61.4300 Close=61.4853 Vol=583954 Time=2026-07-21 13:30:00-04:00
2026-07-21 14:52:27 | INFO     | backend.data_fetcher      | fetch_sp500_hourly for XOM: downloaded 145 candles. Last candle: Open=150.6800 Close=150.8900 Vol=293354 Time=2026-07-21 13:30:00-04:00
2026-07-21 14:52:27 | INFO     | backend.data_fetcher      | fetch_sp500_hourly for PFE: downloaded 145 candles. Last candle: Open=24.8200 Close=24.8299 Vol=525058 Time=2026-07-21 13:30:00-04:00
2026-07-21 14:52:28 | INFO     | backend.data_fetcher      | fetch_sp500_hourly for KO: downloaded 145 candles. Last candle: Open=82.0400 Close=82.1450 Vol=332531 Time=2026-07-21 13:30:00-04:00
2026-07-21 14:52:29 | INFO     | backend.data_fetcher      | fetch_sp500_hourly for PEP: downloaded 145 candles. Last candle: Open=134.7700 Close=134.8610 Vol=184952 Time=2026-07-21 13:30:00-04:00
2026-07-21 14:52:29 | INFO     | backend.data_fetcher      | fetch_sp500_hourly for CSCO: downloaded 145 candles. Last candle: Open=111.0350 Close=111.4800 Vol=623775 Time=2026-07-21 13:30:00-04:00
2026-07-21 14:52:30 | INFO     | backend.data_fetcher      | fetch_sp500_hourly for ABT: downloaded 145 candles. Last candle: Open=100.1900 Close=100.1700 Vol=275897 Time=2026-07-21 13:30:00-04:00
2026-07-21 14:52:30 | INFO     | backend.data_fetcher      | fetch_sp500_hourly for CRM: downloaded 145 candles. Last candle: Open=169.0800 Close=169.3000 Vol=195545 Time=2026-07-21 13:30:00-04:00
2026-07-21 14:52:31 | INFO     | backend.data_fetcher      | fetch_sp500_hourly for AVGO: downloaded 145 candles. Last candle: Open=386.5400 Close=386.8000 Vol=333884 Time=2026-07-21 13:30:00-04:00
2026-07-21 14:52:31 | INFO     | backend.data_fetcher      | fetch_sp500_hourly for TMO: downloaded 145 candles. Last candle: Open=519.9950 Close=522.5700 Vol=86667 Time=2026-07-21 13:30:00-04:00
2026-07-21 14:52:32 | INFO     | backend.data_fetcher      | fetch_sp500_hourly for COST: downloaded 145 candles. Last candle: Open=927.9450 Close=929.1150 Vol=40632 Time=2026-07-21 13:30:00-04:00
2026-07-21 14:52:33 | INFO     | backend.data_fetcher      | fetch_sp500_hourly for NKE: downloaded 145 candles. Last candle: Open=43.1050 Close=43.2000 Vol=243142 Time=2026-07-21 13:30:00-04:00
2026-07-21 14:52:33 | INFO     | backend.data_fetcher      | fetch_sp500_hourly for MRK: downloaded 145 candles. Last candle: Open=125.5700 Close=125.4400 Vol=124114 Time=2026-07-21 13:30:00-04:00
2026-07-21 14:52:34 | INFO     | backend.data_fetcher      | fetch_sp500_hourly for ACN: downloaded 145 candles. Last candle: Open=140.6800 Close=140.5300 Vol=120449 Time=2026-07-21 13:30:00-04:00
2026-07-21 14:52:35 | INFO     | backend.data_fetcher      | fetch_sp500_hourly for LLY: downloaded 145 candles. Last candle: Open=1161.7300 Close=1160.2200 Vol=37340 Time=2026-07-21 13:30:00-04:00
2026-07-21 14:52:36 | INFO     | backend.data_fetcher      | fetch_sp500_hourly for ABBV: downloaded 145 candles. Last candle: Open=255.4450 Close=255.3100 Vol=62446 Time=2026-07-21 13:30:00-04:00
2026-07-21 14:52:36 | INFO     | backend.data_fetcher      | fetch_sp500_hourly for MCD: downloaded 145 candles. Last candle: Open=265.1300 Close=265.2000 Vol=65894 Time=2026-07-21 13:30:00-04:00
2026-07-21 14:52:37 | INFO     | backend.data_fetcher      | fetch_sp500_hourly for TXN: downloaded 145 candles. Last candle: Open=294.1800 Close=294.2900 Vol=175634 Time=2026-07-21 13:30:00-04:00
2026-07-21 14:52:37 | INFO     | backend.data_fetcher      | fetch_sp500_hourly for QCOM: downloaded 145 candles. Last candle: Open=172.9350 Close=173.1500 Vol=184737 Time=2026-07-21 13:30:00-04:00
2026-07-21 14:52:38 | INFO     | backend.data_fetcher      | fetch_sp500_hourly for DHR: downloaded 145 candles. Last candle: Open=176.9550 Close=178.9900 Vol=752241 Time=2026-07-21 13:30:00-04:00
2026-07-21 14:52:39 | INFO     | backend.data_fetcher      | fetch_sp500_hourly for NEE: downloaded 145 candles. Last candle: Open=87.8400 Close=88.0050 Vol=120043 Time=2026-07-21 13:30:00-04:00
2026-07-21 14:52:39 | INFO     | backend.data_fetcher      | fetch_sp500_hourly for ORCL: downloaded 145 candles. Last candle: Open=125.8200 Close=126.5600 Vol=1548206 Time=2026-07-21 13:30:00-04:00
2026-07-21 14:52:40 | INFO     | backend.data_fetcher      | fetch_sp500_hourly for ADBE: downloaded 145 candles. Last candle: Open=226.4450 Close=226.6700 Vol=124404 Time=2026-07-21 13:30:00-04:00
2026-07-21 14:52:40 | INFO     | backend.data_fetcher      | fetch_sp500_hourly for AMD: downloaded 145 candles. Last candle: Open=543.4050 Close=543.2000 Vol=852710 Time=2026-07-21 13:30:00-04:00
2026-07-21 14:52:41 | INFO     | backend.data_fetcher      | fetch_sp500_hourly for INTC: downloaded 145 candles. Last candle: Open=104.7900 Close=105.1497 Vol=3882693 Time=2026-07-21 13:30:00-04:00
2026-07-21 14:52:42 | INFO     | backend.data_fetcher      | fetch_sp500_hourly for AMGN: downloaded 145 candles. Last candle: Open=364.6350 Close=364.2500 Vol=65066 Time=2026-07-21 13:30:00-04:00
2026-07-21 14:52:42 | INFO     | backend.data_fetcher      | fetch_sp500_hourly for PM: downloaded 145 candles. Last candle: Open=190.5100 Close=190.1250 Vol=84179 Time=2026-07-21 13:30:00-04:00
2026-07-21 14:52:43 | INFO     | backend.data_fetcher      | fetch_sp500_hourly for HON: downloaded 145 candles. Last candle: Open=232.1200 Close=231.4900 Vol=62391 Time=2026-07-21 13:30:00-04:00
2026-07-21 14:52:44 | INFO     | backend.data_fetcher      | fetch_sp500_hourly for UPS: downloaded 145 candles. Last candle: Open=115.8300 Close=115.8750 Vol=71427 Time=2026-07-21 13:30:00-04:00
2026-07-21 14:52:44 | INFO     | backend.data_fetcher      | fetch_sp500_hourly for IBM: downloaded 145 candles. Last candle: Open=210.6850 Close=212.3300 Vol=382350 Time=2026-07-21 13:30:00-04:00
2026-07-21 14:52:45 | INFO     | backend.data_fetcher      | fetch_sp500_hourly for GE: downloaded 145 candles. Last candle: Open=341.6050 Close=341.3750 Vol=125161 Time=2026-07-21 13:30:00-04:00
2026-07-21 14:52:46 | INFO     | backend.data_fetcher      | fetch_sp500_hourly for CAT: downloaded 145 candles. Last candle: Open=891.3800 Close=892.5000 Vol=54501 Time=2026-07-21 13:30:00-04:00
2026-07-21 14:52:46 | INFO     | backend.data_fetcher      | fetch_sp500_hourly for BA: downloaded 145 candles. Last candle: Open=208.8500 Close=207.1100 Vol=429492 Time=2026-07-21 13:30:00-04:00
2026-07-21 14:52:47 | INFO     | backend.data_fetcher      | fetch_sp500_hourly for NFLX: downloaded 145 candles. Last candle: Open=66.9450 Close=67.0850 Vol=1902715 Time=2026-07-21 13:30:00-04:00
2026-07-21 14:52:48 | INFO     | backend.data_fetcher      | fetch_sp500_hourly for MU: downloaded 145 candles. Last candle: Open=975.3400 Close=973.3800 Vol=1404188 Time=2026-07-21 13:30:00-04:00
2026-07-21 14:52:48 | INFO     | backend.data_fetcher      | fetch_sp500_hourly for PYPL: downloaded 145 candles. Last candle: Open=55.7500 Close=55.7000 Vol=231174 Time=2026-07-21 13:30:00-04:00
2026-07-21 14:52:49 | WARNING  | backend.data_fetcher      | No daily data returned for SQ.
2026-07-21 14:52:50 | WARNING  | backend.data_fetcher      | No hourly data returned for SQ.
2026-07-21 14:52:50 | INFO     | backend.data_fetcher      | fetch_sp500_hourly for BABA: downloaded 145 candles. Last candle: Open=118.1200 Close=118.1800 Vol=228366 Time=2026-07-21 13:30:00-04:00
2026-07-21 14:52:51 | INFO     | backend.data_fetcher      | fetch_sp500_hourly for COIN: downloaded 145 candles. Last candle: Open=179.5520 Close=178.6700 Vol=224036 Time=2026-07-21 13:30:00-04:00
2026-07-21 14:52:51 | INFO     | backend.data_fetcher      | fetch_sp500_hourly for MSTR: downloaded 145 candles. Last candle: Open=101.4400 Close=101.1600 Vol=360226 Time=2026-07-21 13:30:00-04:00
2026-07-21 14:52:52 | INFO     | backend.data_fetcher      | fetch_sp500_hourly for GS: downloaded 145 candles. Last candle: Open=1084.5300 Close=1084.2000 Vol=31306 Time=2026-07-21 13:30:00-04:00
2026-07-21 14:52:52 | INFO     | backend.data_fetcher      | fetch_sp500_hourly for MRVL: downloaded 145 candles. Last candle: Open=208.6200 Close=209.3400 Vol=441947 Time=2026-07-21 13:30:00-04:00
2026-07-21 14:52:53 | INFO     | backend.data_fetcher      | fetch_sp500_hourly for SMCI: downloaded 145 candles. Last candle: Open=25.2350 Close=25.3150 Vol=969154 Time=2026-07-21 13:30:00-04:00
2026-07-21 14:52:54 | INFO     | backend.data_fetcher      | fetch_sp500_hourly for GLD: downloaded 145 candles. Last candle: Open=373.5900 Close=373.1900 Vol=100404 Time=2026-07-21 13:30:00-04:00
2026-07-21 14:52:54 | INFO     | backend.data_fetcher      | fetch_sp500_hourly for SLV: downloaded 145 candles. Last candle: Open=53.2200 Close=53.1050 Vol=217573 Time=2026-07-21 13:30:00-04:00
2026-07-21 14:52:55 | INFO     | backend.data_fetcher      | fetch_sp500_hourly for USO: downloaded 145 candles. Last candle: Open=128.1700 Close=128.3600 Vol=89163 Time=2026-07-21 13:30:00-04:00
2026-07-21 14:52:55 | INFO     | backend.data_fetcher      | fetch_sp500_hourly for HUT: downloaded 145 candles. Last candle: Open=108.9200 Close=109.1100 Vol=155470 Time=2026-07-21 13:30:00-04:00
2026-07-21 14:52:56 | INFO     | backend.data_fetcher      | fetch_sp500_hourly for KEEL: downloaded 145 candles. Last candle: Open=4.6550 Close=4.6303 Vol=601859 Time=2026-07-21 13:30:00-04:00
2026-07-21 14:52:56 | INFO     | backend.data_fetcher      | fetch_sp500_hourly for RIOT: downloaded 145 candles. Last candle: Open=21.6700 Close=21.4700 Vol=547005 Time=2026-07-21 13:30:00-04:00
2026-07-21 14:52:57 | INFO     | backend.data_fetcher      | fetch_sp500_hourly for MARA: downloaded 145 candles. Last candle: Open=12.5900 Close=12.4650 Vol=4802591 Time=2026-07-21 13:30:00-04:00
2026-07-21 14:52:57 | INFO     | backend.data_fetcher      | fetch_sp500_hourly for CLSK: downloaded 145 candles. Last candle: Open=15.5400 Close=15.4701 Vol=599553 Time=2026-07-21 13:30:00-04:00
2026-07-21 14:52:58 | INFO     | backend.data_fetcher      | fetch_sp500_hourly for IREN: downloaded 145 candles. Last candle: Open=42.3600 Close=42.0699 Vol=1298297 Time=2026-07-21 13:30:00-04:00
2026-07-21 14:52:58 | INFO     | backend.data_fetcher      | fetch_sp500_hourly for CIFR: downloaded 145 candles. Last candle: Open=24.1350 Close=24.0450 Vol=1383802 Time=2026-07-21 13:30:00-04:00
2026-07-21 14:52:59 | INFO     | backend.data_fetcher      | fetch_sp500_hourly for WULF: downloaded 145 candles. Last candle: Open=20.2950 Close=20.1976 Vol=1739048 Time=2026-07-21 13:30:00-04:00
2026-07-21 14:53:00 | WARNING  | backend.data_fetcher      | No daily data returned for BITF.
2026-07-21 14:53:01 | WARNING  | backend.data_fetcher      | No hourly data returned for BITF.
2026-07-21 14:54:47 | INFO     | backend.capitulation_engine | ═══ Capitulation scan started — 110 tickers ═══
2026-07-21 14:54:47 | INFO     | backend.capitulation_engine | ═══ Capitulation analysis started for AAPL (US_EQUITIES) ═══
2026-07-21 14:54:47 | INFO     | backend.capitulation_engine | AAPL — no shock detected (drop < 2%). Skipping.
2026-07-21 14:54:47 | INFO     | backend.capitulation_engine | ═══ Capitulation analysis started for MSFT (US_EQUITIES) ═══
2026-07-21 14:54:47 | INFO     | backend.capitulation_engine | MSFT — no shock detected (drop < 2%). Skipping.
2026-07-21 14:54:47 | INFO     | backend.capitulation_engine | ═══ Capitulation analysis started for GOOGL (US_EQUITIES) ═══
2026-07-21 14:54:47 | INFO     | backend.capitulation_engine | GOOGL — no shock detected (drop < 2%). Skipping.
2026-07-21 14:54:47 | INFO     | backend.capitulation_engine | ═══ Capitulation analysis started for AMZN (US_EQUITIES) ═══
2026-07-21 14:54:47 | INFO     | backend.capitulation_engine | AMZN — no shock detected (drop < 2%). Skipping.
2026-07-21 14:54:47 | INFO     | backend.capitulation_engine | ═══ Capitulation analysis started for NVDA (US_EQUITIES) ═══
2026-07-21 14:54:47 | INFO     | backend.capitulation_engine | NVDA — no shock detected (drop < 2%). Skipping.
2026-07-21 14:54:47 | INFO     | backend.capitulation_engine | ═══ Capitulation analysis started for META (US_EQUITIES) ═══
2026-07-21 14:54:47 | INFO     | backend.capitulation_engine | META — no shock detected (drop < 2%). Skipping.
2026-07-21 14:54:47 | INFO     | backend.capitulation_engine | ═══ Capitulation analysis started for TSLA (US_EQUITIES) ═══
2026-07-21 14:54:47 | INFO     | backend.capitulation_engine | TSLA — no shock detected (drop < 2%). Skipping.
2026-07-21 14:54:47 | INFO     | backend.capitulation_engine | ═══ Capitulation analysis started for BRK-B (US_EQUITIES) ═══
2026-07-21 14:54:47 | INFO     | backend.capitulation_engine | BRK-B — no shock detected (drop < 2%). Skipping.
2026-07-21 14:54:47 | INFO     | backend.capitulation_engine | ═══ Capitulation analysis started for JPM (US_EQUITIES) ═══
2026-07-21 14:54:47 | INFO     | backend.capitulation_engine | JPM — no shock detected (drop < 2%). Skipping.
2026-07-21 14:54:47 | INFO     | backend.capitulation_engine | ═══ Capitulation analysis started for V (US_EQUITIES) ═══
2026-07-21 14:54:47 | INFO     | backend.capitulation_engine | V — no shock detected (drop < 2%). Skipping.
2026-07-21 14:54:47 | INFO     | backend.capitulation_engine | ═══ Capitulation analysis started for JNJ (US_EQUITIES) ═══
2026-07-21 14:54:47 | INFO     | backend.capitulation_engine | JNJ — no shock detected (drop < 2%). Skipping.
2026-07-21 14:54:47 | INFO     | backend.capitulation_engine | ═══ Capitulation analysis started for WMT (US_EQUITIES) ═══
2026-07-21 14:54:47 | INFO     | backend.capitulation_engine | WMT — no shock detected (drop < 2%). Skipping.
2026-07-21 14:54:47 | INFO     | backend.capitulation_engine | ═══ Capitulation analysis started for PG (US_EQUITIES) ═══
2026-07-21 14:54:47 | INFO     | backend.capitulation_engine | PG — no shock detected (drop < 2%). Skipping.
2026-07-21 14:54:47 | INFO     | backend.capitulation_engine | ═══ Capitulation analysis started for MA (US_EQUITIES) ═══
2026-07-21 14:54:47 | INFO     | backend.capitulation_engine | MA — no shock detected (drop < 2%). Skipping.
2026-07-21 14:54:47 | INFO     | backend.capitulation_engine | ═══ Capitulation analysis started for UNH (US_EQUITIES) ═══
2026-07-21 14:54:47 | INFO     | backend.capitulation_engine | UNH — no shock detected (drop < 2%). Skipping.
2026-07-21 14:54:47 | INFO     | backend.capitulation_engine | ═══ Capitulation analysis started for HD (US_EQUITIES) ═══
2026-07-21 14:54:47 | INFO     | backend.capitulation_engine | HD — no shock detected (drop < 2%). Skipping.
2026-07-21 14:54:47 | INFO     | backend.capitulation_engine | ═══ Capitulation analysis started for DIS (US_EQUITIES) ═══
2026-07-21 14:54:47 | INFO     | backend.capitulation_engine | DIS — no shock detected (drop < 2%). Skipping.
2026-07-21 14:54:47 | INFO     | backend.capitulation_engine | ═══ Capitulation analysis started for BAC (US_EQUITIES) ═══
2026-07-21 14:54:47 | INFO     | backend.capitulation_engine | BAC — no shock detected (drop < 2%). Skipping.
2026-07-21 14:54:47 | INFO     | backend.capitulation_engine | ═══ Capitulation analysis started for XOM (US_EQUITIES) ═══
2026-07-21 14:54:47 | INFO     | backend.capitulation_engine | XOM — no shock detected (drop < 2%). Skipping.
2026-07-21 14:54:47 | INFO     | backend.capitulation_engine | ═══ Capitulation analysis started for PFE (US_EQUITIES) ═══
2026-07-21 14:54:47 | INFO     | backend.capitulation_engine | PFE — no shock detected (drop < 2%). Skipping.
2026-07-21 14:54:47 | INFO     | backend.capitulation_engine | ═══ Capitulation analysis started for KO (US_EQUITIES) ═══
2026-07-21 14:54:47 | INFO     | backend.capitulation_engine | KO — no shock detected (drop < 2%). Skipping.
2026-07-21 14:54:47 | INFO     | backend.capitulation_engine | ═══ Capitulation analysis started for PEP (US_EQUITIES) ═══
2026-07-21 14:54:47 | INFO     | backend.capitulation_engine | PEP — no shock detected (drop < 2%). Skipping.
2026-07-21 14:54:47 | INFO     | backend.capitulation_engine | ═══ Capitulation analysis started for CSCO (US_EQUITIES) ═══
2026-07-21 14:54:47 | INFO     | backend.capitulation_engine | CSCO — no shock detected (drop < 2%). Skipping.
2026-07-21 14:54:47 | INFO     | backend.capitulation_engine | ═══ Capitulation analysis started for ABT (US_EQUITIES) ═══
2026-07-21 14:54:47 | INFO     | backend.capitulation_engine | ABT — no shock detected (drop < 2%). Skipping.
2026-07-21 14:54:47 | INFO     | backend.capitulation_engine | ═══ Capitulation analysis started for CRM (US_EQUITIES) ═══
2026-07-21 14:54:47 | INFO     | backend.shock_detector    | SHOCK detected: return=-2.61%, low=166.9300, vol_ratio=0.36x
2026-07-21 14:54:47 | INFO     | backend.shock_detector    | Shock classification: benchmark_return=0.90%, is_idiosyncratic=True
2026-07-21 14:54:47 | INFO     | backend.capitulation_engine | CRM SHOCK: drop=-2.61%, idiosyncratic=True, cap_low=166.9300, vol_ratio=0.36x
2026-07-21 14:54:47 | INFO     | backend.price_structure   | Running SMC analysis on daily timeframe (300 rows).
2026-07-21 14:54:47 | INFO     | backend.price_structure   | Running SMC analysis on 4H timeframe (42 rows).
2026-07-21 14:54:47 | INFO     | backend.price_structure   | Price-structure analysis complete: 40 confluence zones found.
2026-07-21 14:54:47 | INFO     | backend.capitulation_engine | CRM STRUCTURE: msb_1d=5, fvg_1d=8, ob_1d=5, confluence=40
2026-07-21 14:54:47 | INFO     | backend.capitulation_engine | CRM VOLUME PROFILE: POC=171.4325, VAH=174.3640, VAL=161.5720, price_vs_va=in_value_area
2026-07-21 14:54:51 | INFO     | backend.fundamental_filter | Fundamentals for CRM: {'ebit': 3038000000.0, 'interest_expense': 317000000.0, 'current_assets': 21613000000.0, 'current_liabilities': 27502000000.0, 'inventory': None}
2026-07-21 14:54:51 | INFO     | backend.fundamental_filter | Solvency evaluation: solvent=False, ICR=9.58, CR=0.79, QR=0.79, flags=['Liquidity stress (Current Ratio=0.79)']
2026-07-21 14:54:51 | INFO     | backend.capitulation_engine | CRM FUNDAMENTAL FILTER: FAILED — ['Liquidity stress (Current Ratio=0.79)']. Marking as EVITAR.
2026-07-21 14:54:51 | INFO     | backend.capitulation_engine | ═══ Capitulation analysis started for AVGO (US_EQUITIES) ═══
2026-07-21 14:54:51 | INFO     | backend.capitulation_engine | AVGO — no shock detected (drop < 2%). Skipping.
2026-07-21 14:54:51 | INFO     | backend.capitulation_engine | ═══ Capitulation analysis started for TMO (US_EQUITIES) ═══
2026-07-21 14:54:51 | INFO     | backend.capitulation_engine | TMO — no shock detected (drop < 2%). Skipping.
2026-07-21 14:54:51 | INFO     | backend.capitulation_engine | ═══ Capitulation analysis started for COST (US_EQUITIES) ═══
2026-07-21 14:54:51 | INFO     | backend.capitulation_engine | COST — no shock detected (drop < 2%). Skipping.
2026-07-21 14:54:51 | INFO     | backend.capitulation_engine | ═══ Capitulation analysis started for NKE (US_EQUITIES) ═══
2026-07-21 14:54:51 | INFO     | backend.capitulation_engine | NKE — no shock detected (drop < 2%). Skipping.
2026-07-21 14:54:51 | INFO     | backend.capitulation_engine | ═══ Capitulation analysis started for MRK (US_EQUITIES) ═══
2026-07-21 14:54:51 | INFO     | backend.capitulation_engine | MRK — no shock detected (drop < 2%). Skipping.
2026-07-21 14:54:51 | INFO     | backend.capitulation_engine | ═══ Capitulation analysis started for ACN (US_EQUITIES) ═══
2026-07-21 14:54:51 | INFO     | backend.shock_detector    | SHOCK detected: return=-2.90%, low=140.3100, vol_ratio=0.19x
2026-07-21 14:54:51 | INFO     | backend.shock_detector    | Shock classification: benchmark_return=0.90%, is_idiosyncratic=True
2026-07-21 14:54:51 | INFO     | backend.capitulation_engine | ACN SHOCK: drop=-2.90%, idiosyncratic=True, cap_low=140.3100, vol_ratio=0.19x
2026-07-21 14:54:51 | INFO     | backend.price_structure   | Running SMC analysis on daily timeframe (300 rows).
2026-07-21 14:54:51 | INFO     | backend.price_structure   | Running SMC analysis on 4H timeframe (42 rows).
2026-07-21 14:54:51 | INFO     | backend.price_structure   | Price-structure analysis complete: 22 confluence zones found.
2026-07-21 14:54:51 | INFO     | backend.capitulation_engine | ACN STRUCTURE: msb_1d=5, fvg_1d=5, ob_1d=5, confluence=22
2026-07-21 14:54:51 | INFO     | backend.capitulation_engine | ACN VOLUME PROFILE: POC=138.4460, VAH=145.3688, VAL=128.4464, price_vs_va=in_value_area
2026-07-21 14:54:52 | INFO     | backend.fundamental_filter | Fundamentals for ACN: {'ebit': 3220473000.0, 'interest_expense': 70645000.0, 'current_assets': 28938345000.0, 'current_liabilities': 21609107000.0, 'inventory': None}
2026-07-21 14:54:52 | INFO     | backend.fundamental_filter | Solvency evaluation: solvent=True, ICR=45.59, CR=1.34, QR=1.34, flags=[]
2026-07-21 14:54:52 | INFO     | backend.capitulation_engine | ACN FUNDAMENTAL FILTER: PASSED
2026-07-21 14:54:52 | WARNING  | backend.asymmetric_trade  | Invalid risk calculation: entry=139.7200, SL=139.8839, risk=-0.1639
2026-07-21 14:54:52 | INFO     | backend.capitulation_engine | ACN — no valid R:R >= 3.0 achievable. Verdict: EVITAR.
2026-07-21 14:54:52 | INFO     | backend.capitulation_engine | ═══ Capitulation analysis started for LLY (US_EQUITIES) ═══
2026-07-21 14:54:52 | INFO     | backend.capitulation_engine | LLY — no shock detected (drop < 2%). Skipping.
2026-07-21 14:54:52 | INFO     | backend.capitulation_engine | ═══ Capitulation analysis started for ABBV (US_EQUITIES) ═══
2026-07-21 14:54:52 | INFO     | backend.capitulation_engine | ABBV — no shock detected (drop < 2%). Skipping.
2026-07-21 14:54:52 | INFO     | backend.capitulation_engine | ═══ Capitulation analysis started for MCD (US_EQUITIES) ═══
2026-07-21 14:54:52 | INFO     | backend.capitulation_engine | MCD — no shock detected (drop < 2%). Skipping.
2026-07-21 14:54:52 | INFO     | backend.capitulation_engine | ═══ Capitulation analysis started for TXN (US_EQUITIES) ═══
2026-07-21 14:54:52 | INFO     | backend.capitulation_engine | TXN — no shock detected (drop < 2%). Skipping.
2026-07-21 14:54:52 | INFO     | backend.capitulation_engine | ═══ Capitulation analysis started for QCOM (US_EQUITIES) ═══
2026-07-21 14:54:52 | INFO     | backend.capitulation_engine | QCOM — no shock detected (drop < 2%). Skipping.
2026-07-21 14:54:52 | INFO     | backend.capitulation_engine | ═══ Capitulation analysis started for DHR (US_EQUITIES) ═══
2026-07-21 14:54:52 | INFO     | backend.shock_detector    | SHOCK detected: return=-11.00%, low=165.9500, vol_ratio=4.05x
2026-07-21 14:54:52 | INFO     | backend.shock_detector    | Shock classification: benchmark_return=0.90%, is_idiosyncratic=True
2026-07-21 14:54:52 | INFO     | backend.capitulation_engine | DHR SHOCK: drop=-11.00%, idiosyncratic=True, cap_low=165.9500, vol_ratio=4.05x
2026-07-21 14:54:52 | INFO     | backend.price_structure   | Running SMC analysis on daily timeframe (300 rows).
2026-07-21 14:54:52 | INFO     | backend.price_structure   | Running SMC analysis on 4H timeframe (42 rows).
2026-07-21 14:54:52 | INFO     | backend.price_structure   | Price-structure analysis complete: 58 confluence zones found.
2026-07-21 14:54:52 | INFO     | backend.capitulation_engine | DHR STRUCTURE: msb_1d=5, fvg_1d=7, ob_1d=5, confluence=58
2026-07-21 14:54:52 | INFO     | backend.capitulation_engine | DHR VOLUME PROFILE: POC=193.9262, VAH=204.9516, VAL=190.2510, price_vs_va=below_val
2026-07-21 14:54:53 | INFO     | backend.fundamental_filter | Fundamentals for DHR: {'ebit': 1298000000.0, 'interest_expense': 63000000.0, 'current_assets': 13935000000.0, 'current_liabilities': 7460000000.0, 'inventory': 2608000000.0}
2026-07-21 14:54:53 | INFO     | backend.fundamental_filter | Solvency evaluation: solvent=True, ICR=20.60, CR=1.87, QR=1.52, flags=[]
2026-07-21 14:54:53 | INFO     | backend.capitulation_engine | DHR FUNDAMENTAL FILTER: PASSED
2026-07-21 14:54:53 | INFO     | backend.asymmetric_trade  | Asymmetric levels: entry=174.1986, SL=164.8324, TP=202.2972, R:R=3.0 (MIN_RR)
2026-07-21 14:54:53 | INFO     | backend.asymmetric_trade  | Position sizing: capital=100000.00, risk_pct=1.00%, risk_amount=1000.00, risk_per_unit=9.3662, qty=106.7670
2026-07-21 14:54:53 | INFO     | backend.capitulation_engine | ✅ DHR VERDICT: APTO_COMPRA_ASIMETRICA | Entry=174.1986, SL=164.8324, TP=202.2972, R:R=1:3.0, Confidence=100%
2026-07-21 14:54:53 | INFO     | backend.capitulation_engine | ═══ Capitulation analysis started for NEE (US_EQUITIES) ═══
2026-07-21 14:54:53 | INFO     | backend.capitulation_engine | NEE — no shock detected (drop < 2%). Skipping.
2026-07-21 14:54:53 | INFO     | backend.capitulation_engine | ═══ Capitulation analysis started for ORCL (US_EQUITIES) ═══
2026-07-21 14:54:53 | INFO     | backend.capitulation_engine | ORCL — no shock detected (drop < 2%). Skipping.
2026-07-21 14:54:53 | INFO     | backend.capitulation_engine | ═══ Capitulation analysis started for ADBE (US_EQUITIES) ═══
2026-07-21 14:54:53 | INFO     | backend.shock_detector    | SHOCK detected: return=-3.44%, low=222.3000, vol_ratio=0.51x
2026-07-21 14:54:53 | INFO     | backend.shock_detector    | Shock classification: benchmark_return=0.90%, is_idiosyncratic=True
2026-07-21 14:54:53 | INFO     | backend.capitulation_engine | ADBE SHOCK: drop=-3.44%, idiosyncratic=True, cap_low=222.3000, vol_ratio=0.51x
2026-07-21 14:54:53 | INFO     | backend.price_structure   | Running SMC analysis on daily timeframe (300 rows).
2026-07-21 14:54:53 | INFO     | backend.price_structure   | Running SMC analysis on 4H timeframe (42 rows).
2026-07-21 14:54:53 | INFO     | backend.price_structure   | Price-structure analysis complete: 49 confluence zones found.
2026-07-21 14:54:53 | INFO     | backend.capitulation_engine | ADBE STRUCTURE: msb_1d=5, fvg_1d=12, ob_1d=5, confluence=49
2026-07-21 14:54:53 | INFO     | backend.capitulation_engine | ADBE VOLUME PROFILE: POC=220.3265, VAH=240.1500, VAL=207.2720, price_vs_va=in_value_area
2026-07-21 14:54:54 | INFO     | backend.fundamental_filter | Fundamentals for ADBE: {'ebit': 2303000000.0, 'interest_expense': 65000000.0, 'current_assets': 9068000000.0, 'current_liabilities': 12078000000.0, 'inventory': None}
2026-07-21 14:54:54 | INFO     | backend.fundamental_filter | Solvency evaluation: solvent=False, ICR=35.43, CR=0.75, QR=0.75, flags=['Liquidity stress (Current Ratio=0.75)']
2026-07-21 14:54:54 | INFO     | backend.capitulation_engine | ADBE FUNDAMENTAL FILTER: FAILED — ['Liquidity stress (Current Ratio=0.75)']. Marking as EVITAR.
2026-07-21 14:54:54 | INFO     | backend.capitulation_engine | ═══ Capitulation analysis started for AMD (US_EQUITIES) ═══
2026-07-21 14:54:54 | INFO     | backend.capitulation_engine | AMD — no shock detected (drop < 2%). Skipping.
2026-07-21 14:54:54 | INFO     | backend.capitulation_engine | ═══ Capitulation analysis started for INTC (US_EQUITIES) ═══
2026-07-21 14:54:54 | INFO     | backend.capitulation_engine | INTC — no shock detected (drop < 2%). Skipping.
2026-07-21 14:54:54 | INFO     | backend.capitulation_engine | ═══ Capitulation analysis started for AMGN (US_EQUITIES) ═══
2026-07-21 14:54:54 | INFO     | backend.capitulation_engine | AMGN — no shock detected (drop < 2%). Skipping.
2026-07-21 14:54:54 | INFO     | backend.capitulation_engine | ═══ Capitulation analysis started for PM (US_EQUITIES) ═══
2026-07-21 14:54:54 | INFO     | backend.capitulation_engine | PM — no shock detected (drop < 2%). Skipping.
2026-07-21 14:54:54 | INFO     | backend.capitulation_engine | ═══ Capitulation analysis started for HON (US_EQUITIES) ═══
2026-07-21 14:54:54 | INFO     | backend.capitulation_engine | HON — no shock detected (drop < 2%). Skipping.
2026-07-21 14:54:54 | INFO     | backend.capitulation_engine | ═══ Capitulation analysis started for UPS (US_EQUITIES) ═══
2026-07-21 14:54:54 | INFO     | backend.capitulation_engine | UPS — no shock detected (drop < 2%). Skipping.
2026-07-21 14:54:54 | INFO     | backend.capitulation_engine | ═══ Capitulation analysis started for IBM (US_EQUITIES) ═══
2026-07-21 14:54:54 | INFO     | backend.capitulation_engine | IBM — no shock detected (drop < 2%). Skipping.
2026-07-21 14:54:54 | INFO     | backend.capitulation_engine | ═══ Capitulation analysis started for GE (US_EQUITIES) ═══
2026-07-21 14:54:54 | INFO     | backend.capitulation_engine | GE — no shock detected (drop < 2%). Skipping.
2026-07-21 14:54:54 | INFO     | backend.capitulation_engine | ═══ Capitulation analysis started for CAT (US_EQUITIES) ═══
2026-07-21 14:54:54 | INFO     | backend.capitulation_engine | CAT — no shock detected (drop < 2%). Skipping.
2026-07-21 14:54:54 | INFO     | backend.capitulation_engine | ═══ Capitulation analysis started for BA (US_EQUITIES) ═══
2026-07-21 14:54:54 | INFO     | backend.capitulation_engine | BA — no shock detected (drop < 2%). Skipping.
2026-07-21 14:54:54 | INFO     | backend.capitulation_engine | ═══ Capitulation analysis started for NFLX (US_EQUITIES) ═══
2026-07-21 14:54:54 | INFO     | backend.capitulation_engine | NFLX — no shock detected (drop < 2%). Skipping.
2026-07-21 14:54:54 | INFO     | backend.capitulation_engine | ═══ Capitulation analysis started for MU (US_EQUITIES) ═══
2026-07-21 14:54:54 | INFO     | backend.capitulation_engine | MU — no shock detected (drop < 2%). Skipping.
2026-07-21 14:54:54 | INFO     | backend.capitulation_engine | ═══ Capitulation analysis started for PYPL (US_EQUITIES) ═══
2026-07-21 14:54:54 | INFO     | backend.capitulation_engine | PYPL — no shock detected (drop < 2%). Skipping.
2026-07-21 14:54:54 | INFO     | backend.capitulation_engine | ═══ Capitulation analysis started for BABA (US_EQUITIES) ═══
2026-07-21 14:54:54 | INFO     | backend.capitulation_engine | BABA — no shock detected (drop < 2%). Skipping.
2026-07-21 14:54:54 | INFO     | backend.capitulation_engine | ═══ Capitulation analysis started for COIN (US_EQUITIES) ═══
2026-07-21 14:54:54 | INFO     | backend.capitulation_engine | COIN — no shock detected (drop < 2%). Skipping.
2026-07-21 14:54:54 | INFO     | backend.capitulation_engine | ═══ Capitulation analysis started for MSTR (US_EQUITIES) ═══
2026-07-21 14:54:54 | INFO     | backend.capitulation_engine | MSTR — no shock detected (drop < 2%). Skipping.
2026-07-21 14:54:54 | INFO     | backend.capitulation_engine | ═══ Capitulation analysis started for GS (US_EQUITIES) ═══
2026-07-21 14:54:54 | INFO     | backend.capitulation_engine | GS — no shock detected (drop < 2%). Skipping.
2026-07-21 14:54:54 | INFO     | backend.capitulation_engine | ═══ Capitulation analysis started for MRVL (US_EQUITIES) ═══
2026-07-21 14:54:54 | INFO     | backend.capitulation_engine | MRVL — no shock detected (drop < 2%). Skipping.
2026-07-21 14:54:54 | INFO     | backend.capitulation_engine | ═══ Capitulation analysis started for SMCI (US_EQUITIES) ═══
2026-07-21 14:54:54 | INFO     | backend.capitulation_engine | SMCI — no shock detected (drop < 2%). Skipping.
2026-07-21 14:54:54 | INFO     | backend.capitulation_engine | ═══ Capitulation analysis started for GLD (US_EQUITIES) ═══
2026-07-21 14:54:54 | INFO     | backend.capitulation_engine | GLD — no shock detected (drop < 2%). Skipping.
2026-07-21 14:54:54 | INFO     | backend.capitulation_engine | ═══ Capitulation analysis started for SLV (US_EQUITIES) ═══
2026-07-21 14:54:54 | INFO     | backend.capitulation_engine | SLV — no shock detected (drop < 2%). Skipping.
2026-07-21 14:54:54 | INFO     | backend.capitulation_engine | ═══ Capitulation analysis started for USO (US_EQUITIES) ═══
2026-07-21 14:54:54 | INFO     | backend.capitulation_engine | USO — no shock detected (drop < 2%). Skipping.
2026-07-21 14:54:54 | INFO     | backend.capitulation_engine | ═══ Capitulation analysis started for HUT (US_EQUITIES) ═══
2026-07-21 14:54:54 | INFO     | backend.capitulation_engine | HUT — no shock detected (drop < 2%). Skipping.
2026-07-21 14:54:54 | INFO     | backend.capitulation_engine | ═══ Capitulation analysis started for KEEL (US_EQUITIES) ═══
2026-07-21 14:54:54 | INFO     | backend.capitulation_engine | KEEL — no shock detected (drop < 2%). Skipping.
2026-07-21 14:54:54 | INFO     | backend.capitulation_engine | ═══ Capitulation analysis started for RIOT (US_EQUITIES) ═══
2026-07-21 14:54:54 | INFO     | backend.capitulation_engine | RIOT — no shock detected (drop < 2%). Skipping.
2026-07-21 14:54:54 | INFO     | backend.capitulation_engine | ═══ Capitulation analysis started for MARA (US_EQUITIES) ═══
2026-07-21 14:54:54 | INFO     | backend.capitulation_engine | MARA — no shock detected (drop < 2%). Skipping.
2026-07-21 14:54:54 | INFO     | backend.capitulation_engine | ═══ Capitulation analysis started for CLSK (US_EQUITIES) ═══
2026-07-21 14:54:54 | INFO     | backend.capitulation_engine | CLSK — no shock detected (drop < 2%). Skipping.
2026-07-21 14:54:54 | INFO     | backend.capitulation_engine | ═══ Capitulation analysis started for IREN (US_EQUITIES) ═══
2026-07-21 14:54:54 | INFO     | backend.capitulation_engine | IREN — no shock detected (drop < 2%). Skipping.
2026-07-21 14:54:54 | INFO     | backend.capitulation_engine | ═══ Capitulation analysis started for CIFR (US_EQUITIES) ═══
2026-07-21 14:54:54 | INFO     | backend.capitulation_engine | CIFR — no shock detected (drop < 2%). Skipping.
2026-07-21 14:54:54 | INFO     | backend.capitulation_engine | ═══ Capitulation analysis started for WULF (US_EQUITIES) ═══
2026-07-21 14:54:54 | INFO     | backend.capitulation_engine | WULF — no shock detected (drop < 2%). Skipping.
2026-07-21 14:54:54 | INFO     | backend.capitulation_engine | ═══ Capitulation analysis started for BTCUSDT (CRYPTO) ═══
2026-07-21 14:54:54 | INFO     | backend.capitulation_engine | BTCUSDT — no shock detected (drop < 2%). Skipping.
2026-07-21 14:54:54 | INFO     | backend.capitulation_engine | ═══ Capitulation analysis started for ETHUSDT (CRYPTO) ═══
2026-07-21 14:54:54 | INFO     | backend.capitulation_engine | ETHUSDT — no shock detected (drop < 2%). Skipping.
2026-07-21 14:54:54 | INFO     | backend.capitulation_engine | ═══ Capitulation analysis started for SOLUSDT (CRYPTO) ═══
2026-07-21 14:54:54 | INFO     | backend.capitulation_engine | SOLUSDT — no shock detected (drop < 2%). Skipping.
2026-07-21 14:54:54 | INFO     | backend.capitulation_engine | ═══ Capitulation analysis started for BNBUSDT (CRYPTO) ═══
2026-07-21 14:54:54 | INFO     | backend.capitulation_engine | BNBUSDT — no shock detected (drop < 2%). Skipping.
2026-07-21 14:54:54 | INFO     | backend.capitulation_engine | ═══ Capitulation analysis started for XRPUSDT (CRYPTO) ═══
2026-07-21 14:54:54 | INFO     | backend.capitulation_engine | XRPUSDT — no shock detected (drop < 2%). Skipping.
2026-07-21 14:54:54 | INFO     | backend.capitulation_engine | ═══ Capitulation analysis started for ADAUSDT (CRYPTO) ═══
2026-07-21 14:54:54 | INFO     | backend.capitulation_engine | ADAUSDT — no shock detected (drop < 2%). Skipping.
2026-07-21 14:54:54 | INFO     | backend.capitulation_engine | ═══ Capitulation analysis started for AVAXUSDT (CRYPTO) ═══
2026-07-21 14:54:54 | INFO     | backend.capitulation_engine | AVAXUSDT — no shock detected (drop < 2%). Skipping.
2026-07-21 14:54:54 | INFO     | backend.capitulation_engine | ═══ Capitulation analysis started for DOGEUSDT (CRYPTO) ═══
2026-07-21 14:54:54 | INFO     | backend.capitulation_engine | DOGEUSDT — no shock detected (drop < 2%). Skipping.
2026-07-21 14:54:54 | INFO     | backend.capitulation_engine | ═══ Capitulation analysis started for TRXUSDT (CRYPTO) ═══
2026-07-21 14:54:54 | INFO     | backend.capitulation_engine | TRXUSDT — no shock detected (drop < 2%). Skipping.
2026-07-21 14:54:54 | INFO     | backend.capitulation_engine | ═══ Capitulation analysis started for DOTUSDT (CRYPTO) ═══
2026-07-21 14:54:54 | INFO     | backend.capitulation_engine | DOTUSDT — no shock detected (drop < 2%). Skipping.
2026-07-21 14:54:54 | INFO     | backend.capitulation_engine | ═══ Capitulation analysis started for LTCUSDT (CRYPTO) ═══
2026-07-21 14:54:54 | INFO     | backend.capitulation_engine | LTCUSDT — no shock detected (drop < 2%). Skipping.
2026-07-21 14:54:54 | INFO     | backend.capitulation_engine | ═══ Capitulation analysis started for BCHUSDT (CRYPTO) ═══
2026-07-21 14:54:54 | INFO     | backend.capitulation_engine | BCHUSDT — no shock detected (drop < 2%). Skipping.
2026-07-21 14:54:54 | INFO     | backend.capitulation_engine | ═══ Capitulation analysis started for XLMUSDT (CRYPTO) ═══
2026-07-21 14:54:54 | INFO     | backend.capitulation_engine | XLMUSDT — no shock detected (drop < 2%). Skipping.
2026-07-21 14:54:54 | INFO     | backend.capitulation_engine | ═══ Capitulation analysis started for NEARUSDT (CRYPTO) ═══
2026-07-21 14:54:54 | INFO     | backend.shock_detector    | SHOCK detected: return=-2.32%, low=1.9200, vol_ratio=0.66x
2026-07-21 14:54:54 | INFO     | backend.shock_detector    | Shock classification: benchmark_return=1.55%, is_idiosyncratic=True
2026-07-21 14:54:54 | INFO     | backend.capitulation_engine | NEARUSDT SHOCK: drop=-2.32%, idiosyncratic=True, cap_low=1.9200, vol_ratio=0.66x
2026-07-21 14:54:54 | INFO     | backend.price_structure   | Running SMC analysis on daily timeframe (300 rows).
2026-07-21 14:54:54 | INFO     | backend.price_structure   | Running SMC analysis on 4H timeframe (31 rows).
2026-07-21 14:54:54 | INFO     | backend.price_structure   | Price-structure analysis complete: 20 confluence zones found.
2026-07-21 14:54:54 | INFO     | backend.capitulation_engine | NEARUSDT STRUCTURE: msb_1d=5, fvg_1d=3, ob_1d=5, confluence=20
2026-07-21 14:54:54 | INFO     | backend.capitulation_engine | NEARUSDT VOLUME PROFILE: POC=1.9191, VAH=1.9693, VAL=1.8949, price_vs_va=in_value_area
2026-07-21 14:54:54 | INFO     | backend.fundamental_filter | Correlation filter: corr=0.590, asset_ret=-0.0232, bench_ret=0.0155, idiosyncratic=True
2026-07-21 14:54:54 | INFO     | backend.capitulation_engine | NEARUSDT FUNDAMENTAL FILTER: FAILED — []. Marking as EVITAR.
2026-07-21 14:54:54 | INFO     | backend.capitulation_engine | ═══ Capitulation analysis started for APTUSDT (CRYPTO) ═══
2026-07-21 14:54:54 | INFO     | backend.capitulation_engine | APTUSDT — no shock detected (drop < 2%). Skipping.
2026-07-21 14:54:54 | INFO     | backend.capitulation_engine | ═══ Capitulation analysis started for SUIUSDT (CRYPTO) ═══
2026-07-21 14:54:54 | INFO     | backend.capitulation_engine | SUIUSDT — no shock detected (drop < 2%). Skipping.
2026-07-21 14:54:54 | INFO     | backend.capitulation_engine | ═══ Capitulation analysis started for POLUSDT (CRYPTO) ═══
2026-07-21 14:54:54 | INFO     | backend.capitulation_engine | POLUSDT — no shock detected (drop < 2%). Skipping.
2026-07-21 14:54:54 | INFO     | backend.capitulation_engine | ═══ Capitulation analysis started for ARBUSDT (CRYPTO) ═══
2026-07-21 14:54:54 | INFO     | backend.capitulation_engine | ARBUSDT — no shock detected (drop < 2%). Skipping.
2026-07-21 14:54:54 | INFO     | backend.capitulation_engine | ═══ Capitulation analysis started for OPUSDT (CRYPTO) ═══
2026-07-21 14:54:54 | INFO     | backend.capitulation_engine | OPUSDT — no shock detected (drop < 2%). Skipping.
2026-07-21 14:54:54 | INFO     | backend.capitulation_engine | ═══ Capitulation analysis started for ATOMUSDT (CRYPTO) ═══
2026-07-21 14:54:54 | INFO     | backend.capitulation_engine | ATOMUSDT — no shock detected (drop < 2%). Skipping.
2026-07-21 14:54:54 | INFO     | backend.capitulation_engine | ═══ Capitulation analysis started for INJUSDT (CRYPTO) ═══
2026-07-21 14:54:54 | INFO     | backend.capitulation_engine | INJUSDT — no shock detected (drop < 2%). Skipping.
2026-07-21 14:54:54 | INFO     | backend.capitulation_engine | ═══ Capitulation analysis started for SEIUSDT (CRYPTO) ═══
2026-07-21 14:54:54 | INFO     | backend.capitulation_engine | SEIUSDT — no shock detected (drop < 2%). Skipping.
2026-07-21 14:54:54 | INFO     | backend.capitulation_engine | ═══ Capitulation analysis started for TIAUSDT (CRYPTO) ═══
2026-07-21 14:54:54 | INFO     | backend.capitulation_engine | TIAUSDT — no shock detected (drop < 2%). Skipping.
2026-07-21 14:54:54 | INFO     | backend.capitulation_engine | ═══ Capitulation analysis started for HBARUSDT (CRYPTO) ═══
2026-07-21 14:54:54 | INFO     | backend.capitulation_engine | HBARUSDT — no shock detected (drop < 2%). Skipping.
2026-07-21 14:54:54 | INFO     | backend.capitulation_engine | ═══ Capitulation analysis started for LINKUSDT (CRYPTO) ═══
2026-07-21 14:54:54 | INFO     | backend.capitulation_engine | LINKUSDT — no shock detected (drop < 2%). Skipping.
2026-07-21 14:54:54 | INFO     | backend.capitulation_engine | ═══ Capitulation analysis started for UNIUSDT (CRYPTO) ═══
2026-07-21 14:54:54 | INFO     | backend.capitulation_engine | UNIUSDT — no shock detected (drop < 2%). Skipping.
2026-07-21 14:54:54 | INFO     | backend.capitulation_engine | ═══ Capitulation analysis started for AAVEUSDT (CRYPTO) ═══
2026-07-21 14:54:54 | INFO     | backend.capitulation_engine | AAVEUSDT — no shock detected (drop < 2%). Skipping.
2026-07-21 14:54:54 | INFO     | backend.capitulation_engine | ═══ Capitulation analysis started for LDOUSDT (CRYPTO) ═══
2026-07-21 14:54:54 | INFO     | backend.capitulation_engine | LDOUSDT — no shock detected (drop < 2%). Skipping.
2026-07-21 14:54:54 | INFO     | backend.capitulation_engine | ═══ Capitulation analysis started for RUNEUSDT (CRYPTO) ═══
2026-07-21 14:54:54 | INFO     | backend.capitulation_engine | RUNEUSDT — no shock detected (drop < 2%). Skipping.
2026-07-21 14:54:54 | INFO     | backend.capitulation_engine | ═══ Capitulation analysis started for FILUSDT (CRYPTO) ═══
2026-07-21 14:54:54 | INFO     | backend.capitulation_engine | FILUSDT — no shock detected (drop < 2%). Skipping.
2026-07-21 14:54:54 | INFO     | backend.capitulation_engine | ═══ Capitulation analysis started for RENDERUSDT (CRYPTO) ═══
2026-07-21 14:54:54 | INFO     | backend.capitulation_engine | RENDERUSDT — no shock detected (drop < 2%). Skipping.
2026-07-21 14:54:54 | INFO     | backend.capitulation_engine | ═══ Capitulation analysis started for GRTUSDT (CRYPTO) ═══
2026-07-21 14:54:54 | INFO     | backend.capitulation_engine | GRTUSDT — no shock detected (drop < 2%). Skipping.
2026-07-21 14:54:54 | INFO     | backend.capitulation_engine | ═══ Capitulation analysis started for ONDOUSDT (CRYPTO) ═══
2026-07-21 14:54:54 | INFO     | backend.capitulation_engine | ONDOUSDT — no shock detected (drop < 2%). Skipping.
2026-07-21 14:54:54 | INFO     | backend.capitulation_engine | ═══ Capitulation analysis started for ICPUSDT (CRYPTO) ═══
2026-07-21 14:54:54 | INFO     | backend.capitulation_engine | ICPUSDT — no shock detected (drop < 2%). Skipping.
2026-07-21 14:54:54 | INFO     | backend.capitulation_engine | ═══ Capitulation analysis started for WLDUSDT (CRYPTO) ═══
2026-07-21 14:54:54 | INFO     | backend.capitulation_engine | WLDUSDT — no shock detected (drop < 2%). Skipping.
2026-07-21 14:54:54 | INFO     | backend.capitulation_engine | ═══ Capitulation analysis started for ENAUSDT (CRYPTO) ═══
2026-07-21 14:54:54 | INFO     | backend.capitulation_engine | ENAUSDT — no shock detected (drop < 2%). Skipping.
2026-07-21 14:54:54 | INFO     | backend.capitulation_engine | ═══ Capitulation analysis started for TAOUSDT (CRYPTO) ═══
2026-07-21 14:54:54 | INFO     | backend.capitulation_engine | TAOUSDT — no shock detected (drop < 2%). Skipping.
2026-07-21 14:54:54 | INFO     | backend.capitulation_engine | ═══ Capitulation analysis started for PEPEUSDT (CRYPTO) ═══
2026-07-21 14:54:54 | INFO     | backend.capitulation_engine | PEPEUSDT — no shock detected (drop < 2%). Skipping.
2026-07-21 14:54:54 | INFO     | backend.capitulation_engine | ═══ Capitulation analysis started for JUPUSDT (CRYPTO) ═══
2026-07-21 14:54:54 | INFO     | backend.capitulation_engine | JUPUSDT — no shock detected (drop < 2%). Skipping.
2026-07-21 14:54:54 | INFO     | backend.capitulation_engine | ═══ Capitulation analysis started for PYTHUSDT (CRYPTO) ═══
2026-07-21 14:54:54 | INFO     | backend.capitulation_engine | PYTHUSDT — no shock detected (drop < 2%). Skipping.
2026-07-21 14:54:54 | INFO     | backend.capitulation_engine | ═══ Capitulation scan complete — 1 signals found ═══
2026-07-21 14:54:54 | INFO     | backend.scanner           | Saved 1 capitulation signals to disk.
2026-07-21 14:54:54 | ERROR    | backend.scanner           | Failed to save capitulation signals: name '_sync_to_render_backend' is not defined
2026-07-21 14:54:54 | INFO     | backend.scanner           | Saved 1 capitulation signals to disk.
2026-07-21 14:54:54 | ERROR    | backend.scanner           | Failed to save capitulation signals: name '_sync_to_render_backend' is not defined
2026-07-21 14:54:54 | INFO     | __main__                  | Scan completed. 0 signal(s) found.
2026-07-21 15:04:39 | INFO     | backend.data_fetcher      | Fetched top 2 crypto tickers by 24h volume (excl. stablecoins): ['BTCUSDT', 'ETHUSDT']
2026-07-21 15:04:39 | INFO     | root                      | Returned top-N tickers: ['BTCUSDT', 'ETHUSDT']
2026-07-21 15:04:39 | WARNING  | backend.fundamental_filter | Insufficient ticker data for correlation filter (0 rows, need 21).
2026-07-21 15:04:39 | WARNING  | backend.fundamental_filter | Insufficient benchmark data for correlation filter (0 rows, need 21).
2026-07-21 15:04:39 | INFO     | backend.scanner           | Loaded 46 alert cooldown records from disk.
2026-07-21 15:04:39 | INFO     | backend.data_fetcher      | Binance host https://api.binance.com is working — caching as primary.
2026-07-21 15:04:39 | WARNING  | backend.data_fetcher      | Binance host https://api.binance.com exhausted 1 retries with status 500 — trying next host.
2026-07-21 15:04:39 | WARNING  | backend.data_fetcher      | Binance host https://data-api.binance.vision geo-blocked (451) — trying next host.
2026-07-21 15:04:39 | ERROR    | backend.data_fetcher      | All Binance hosts failed for /api/v3/klines. Last error: https://data-api.binance.vision → 451 (geo-blocked)
2026-07-21 15:04:39 | WARNING  | backend.data_fetcher      | Binance host https://api.binance.com geo-blocked (451) — trying next host.
2026-07-21 15:04:39 | INFO     | backend.data_fetcher      | Binance host https://data-api.binance.vision is working — caching as primary.
2026-07-21 15:04:39 | WARNING  | backend.data_fetcher      | Binance host https://data-api.binance.vision returned status 429 on attempt 1/2 — retrying in 0.53s...
2026-07-21 15:04:39 | INFO     | root                      | Sleep delays called on 429 retry: [0.5288493434953165]
2026-07-21 15:04:50 | INFO     | backend.data_fetcher      | Fetched top 2 crypto tickers by 24h volume (excl. stablecoins): ['BTCUSDT', 'ETHUSDT']
2026-07-21 15:04:50 | INFO     | root                      | Returned top-N tickers: ['BTCUSDT', 'ETHUSDT']
2026-07-21 15:04:50 | WARNING  | backend.fundamental_filter | Insufficient ticker data for correlation filter (0 rows, need 21).
2026-07-21 15:04:50 | WARNING  | backend.fundamental_filter | Insufficient benchmark data for correlation filter (0 rows, need 21).
2026-07-21 15:04:50 | INFO     | backend.scanner           | Loaded 46 alert cooldown records from disk.
2026-07-21 15:04:50 | INFO     | backend.data_fetcher      | Binance host https://api.binance.com is working — caching as primary.
2026-07-21 15:04:50 | WARNING  | backend.data_fetcher      | Binance host https://api.binance.com exhausted 1 retries with status 500 — trying next host.
2026-07-21 15:04:50 | WARNING  | backend.data_fetcher      | Binance host https://data-api.binance.vision geo-blocked (451) — trying next host.
2026-07-21 15:04:50 | ERROR    | backend.data_fetcher      | All Binance hosts failed for /api/v3/klines. Last error: https://data-api.binance.vision → 451 (geo-blocked)
2026-07-21 15:04:50 | WARNING  | backend.data_fetcher      | Binance host https://api.binance.com geo-blocked (451) — trying next host.
2026-07-21 15:04:50 | INFO     | backend.data_fetcher      | Binance host https://data-api.binance.vision is working — caching as primary.
2026-07-21 15:04:51 | WARNING  | backend.data_fetcher      | Binance host https://data-api.binance.vision returned status 429 on attempt 1/2 — retrying in 0.42s...
2026-07-21 15:04:51 | INFO     | root                      | Sleep delays called on 429 retry: [0.4233008213570095]
2026-07-21 15:05:45 | INFO     | backend.data_fetcher      | Fetched top 2 crypto tickers by 24h volume (excl. stablecoins): ['BTCUSDT', 'ETHUSDT']
2026-07-21 15:05:45 | INFO     | root                      | Returned top-N tickers: ['BTCUSDT', 'ETHUSDT']
2026-07-21 15:05:45 | WARNING  | backend.fundamental_filter | Insufficient ticker data for correlation filter (0 rows, need 21).
2026-07-21 15:05:45 | WARNING  | backend.fundamental_filter | Insufficient benchmark data for correlation filter (0 rows, need 21).
2026-07-21 15:05:45 | INFO     | backend.scanner           | Loaded 46 alert cooldown records from disk.
2026-07-21 15:05:45 | INFO     | backend.data_fetcher      | Binance host https://api.binance.com is working — caching as primary.
2026-07-21 15:05:45 | WARNING  | backend.data_fetcher      | Binance host https://api.binance.com exhausted 1 retries with status 500 — trying next host.
2026-07-21 15:05:45 | WARNING  | backend.data_fetcher      | Binance host https://data-api.binance.vision geo-blocked (451) — trying next host.
2026-07-21 15:05:45 | ERROR    | backend.data_fetcher      | All Binance hosts failed for /api/v3/klines. Last error: https://data-api.binance.vision → 451 (geo-blocked)
2026-07-21 15:05:45 | WARNING  | backend.data_fetcher      | Binance host https://api.binance.com geo-blocked (451) — trying next host.
2026-07-21 15:05:45 | INFO     | backend.data_fetcher      | Binance host https://data-api.binance.vision is working — caching as primary.
2026-07-21 15:05:45 | WARNING  | backend.data_fetcher      | Binance host https://data-api.binance.vision returned status 429 on attempt 1/2 — retrying in 0.21s...
2026-07-21 15:05:45 | INFO     | root                      | Sleep delays called on 429 retry: [0.2068034797519414]
2026-07-21 15:06:47 | INFO     | backend.data_fetcher      | Fetched top 2 crypto tickers by 24h volume (excl. stablecoins): ['BTCUSDT', 'ETHUSDT']
2026-07-21 15:06:47 | INFO     | root                      | Returned top-N tickers: ['BTCUSDT', 'ETHUSDT']
2026-07-21 15:06:47 | WARNING  | backend.fundamental_filter | Insufficient ticker data for correlation filter (0 rows, need 21).
2026-07-21 15:06:47 | WARNING  | backend.fundamental_filter | Insufficient benchmark data for correlation filter (0 rows, need 21).
2026-07-21 15:06:47 | INFO     | backend.scanner           | Loaded 46 alert cooldown records from disk.
2026-07-21 15:06:47 | INFO     | backend.data_fetcher      | Binance host https://api.binance.com is working — caching as primary.
2026-07-21 15:06:47 | WARNING  | backend.data_fetcher      | Binance host https://api.binance.com exhausted 1 retries with status 500 — trying next host.
2026-07-21 15:06:47 | WARNING  | backend.data_fetcher      | Binance host https://data-api.binance.vision geo-blocked (451) — trying next host.
2026-07-21 15:06:47 | ERROR    | backend.data_fetcher      | All Binance hosts failed for /api/v3/klines. Last error: https://data-api.binance.vision → 451 (geo-blocked)
2026-07-21 15:06:47 | WARNING  | backend.data_fetcher      | Binance host https://api.binance.com geo-blocked (451) — trying next host.
2026-07-21 15:06:47 | INFO     | backend.data_fetcher      | Binance host https://data-api.binance.vision is working — caching as primary.
2026-07-21 15:06:47 | WARNING  | backend.data_fetcher      | Binance host https://data-api.binance.vision returned status 429 on attempt 1/2 — retrying in 0.30s...
2026-07-21 15:06:47 | INFO     | root                      | Sleep delays called on 429 retry: [0.29818180844527065]
2026-07-21 15:06:47 | INFO     | backend.shock_detector    | SHOCK detected: effective_return=-5.50%, low=94.5000, vol_ratio=1.00x (bar_idx=-3)
2026-07-21 15:07:02 | INFO     | backend.data_fetcher      | Fetched top 2 crypto tickers by 24h volume (excl. stablecoins): ['BTCUSDT', 'ETHUSDT']
2026-07-21 15:07:02 | INFO     | root                      | Returned top-N tickers: ['BTCUSDT', 'ETHUSDT']
2026-07-21 15:07:02 | WARNING  | backend.fundamental_filter | Insufficient ticker data for correlation filter (0 rows, need 21).
2026-07-21 15:07:02 | WARNING  | backend.fundamental_filter | Insufficient benchmark data for correlation filter (0 rows, need 21).
2026-07-21 15:07:02 | INFO     | backend.scanner           | Loaded 46 alert cooldown records from disk.
2026-07-21 15:07:02 | INFO     | backend.data_fetcher      | Binance host https://api.binance.com is working — caching as primary.
2026-07-21 15:07:02 | WARNING  | backend.data_fetcher      | Binance host https://api.binance.com exhausted 1 retries with status 500 — trying next host.
2026-07-21 15:07:02 | WARNING  | backend.data_fetcher      | Binance host https://data-api.binance.vision geo-blocked (451) — trying next host.
2026-07-21 15:07:02 | ERROR    | backend.data_fetcher      | All Binance hosts failed for /api/v3/klines. Last error: https://data-api.binance.vision → 451 (geo-blocked)
2026-07-21 15:07:02 | WARNING  | backend.data_fetcher      | Binance host https://api.binance.com geo-blocked (451) — trying next host.
2026-07-21 15:07:02 | INFO     | backend.data_fetcher      | Binance host https://data-api.binance.vision is working — caching as primary.
2026-07-21 15:07:02 | WARNING  | backend.data_fetcher      | Binance host https://data-api.binance.vision returned status 429 on attempt 1/2 — retrying in 0.58s...
2026-07-21 15:07:02 | INFO     | root                      | Sleep delays called on 429 retry: [0.583912750816754]
2026-07-21 15:07:02 | INFO     | backend.shock_detector    | SHOCK detected: effective_return=-5.50%, low=94.5000, vol_ratio=1.00x (bar_idx=-3)
2026-07-21 15:07:02 | INFO     | backend.scanner           | Loaded 46 alert cooldown records from disk.
2026-07-21 15:07:02 | INFO     | backend.scanner           | Saved 2 capitulation signals to disk.
2026-07-21 15:07:02 | INFO     | backend.scanner           | Loaded 46 alert cooldown records from disk.
2026-07-21 15:08:37 | INFO     | backend.data_fetcher      | Fetched top 2 crypto tickers by 24h volume (excl. stablecoins): ['BTCUSDT', 'ETHUSDT']
2026-07-21 15:08:37 | INFO     | root                      | Returned top-N tickers: ['BTCUSDT', 'ETHUSDT']
2026-07-21 15:08:37 | WARNING  | backend.fundamental_filter | Insufficient ticker data for correlation filter (0 rows, need 21).
2026-07-21 15:08:37 | WARNING  | backend.fundamental_filter | Insufficient benchmark data for correlation filter (0 rows, need 21).
2026-07-21 15:08:37 | INFO     | backend.scanner           | Loaded 46 alert cooldown records from disk.
2026-07-21 15:08:37 | INFO     | backend.data_fetcher      | Binance host https://api.binance.com is working — caching as primary.
2026-07-21 15:08:37 | WARNING  | backend.data_fetcher      | Binance host https://api.binance.com exhausted 1 retries with status 500 — trying next host.
2026-07-21 15:08:37 | WARNING  | backend.data_fetcher      | Binance host https://data-api.binance.vision geo-blocked (451) — trying next host.
2026-07-21 15:08:37 | ERROR    | backend.data_fetcher      | All Binance hosts failed for /api/v3/klines. Last error: https://data-api.binance.vision → 451 (geo-blocked)
2026-07-21 15:08:37 | WARNING  | backend.data_fetcher      | Binance host https://api.binance.com geo-blocked (451) — trying next host.
2026-07-21 15:08:37 | INFO     | backend.data_fetcher      | Binance host https://data-api.binance.vision is working — caching as primary.
2026-07-21 15:08:37 | WARNING  | backend.data_fetcher      | Binance host https://data-api.binance.vision returned status 429 on attempt 1/2 — retrying in 0.37s...
2026-07-21 15:08:37 | INFO     | root                      | Sleep delays called on 429 retry: [0.3678484299109561]
2026-07-21 15:08:37 | INFO     | backend.shock_detector    | SHOCK detected: effective_return=-5.50%, low=94.5000, vol_ratio=1.00x (bar_idx=-3)
2026-07-21 15:08:37 | INFO     | backend.scanner           | Loaded 46 alert cooldown records from disk.
2026-07-21 15:08:37 | INFO     | backend.scanner           | Saved 2 capitulation signals to disk.
2026-07-21 15:08:37 | INFO     | backend.scanner           | Loaded 46 alert cooldown records from disk.
2026-07-21 15:08:42 | INFO     | backend.data_fetcher      | Fetched top 2 crypto tickers by 24h volume (excl. stablecoins): ['BTCUSDT', 'ETHUSDT']
2026-07-21 15:08:42 | INFO     | root                      | Returned top-N tickers: ['BTCUSDT', 'ETHUSDT']
2026-07-21 15:08:42 | WARNING  | backend.fundamental_filter | Insufficient ticker data for correlation filter (0 rows, need 21).
2026-07-21 15:08:42 | WARNING  | backend.fundamental_filter | Insufficient benchmark data for correlation filter (0 rows, need 21).
2026-07-21 15:08:42 | INFO     | backend.scanner           | Loaded 46 alert cooldown records from disk.
2026-07-21 15:08:42 | INFO     | backend.data_fetcher      | Binance host https://api.binance.com is working — caching as primary.
2026-07-21 15:08:42 | WARNING  | backend.data_fetcher      | Binance host https://api.binance.com exhausted 1 retries with status 500 — trying next host.
2026-07-21 15:08:42 | WARNING  | backend.data_fetcher      | Binance host https://data-api.binance.vision geo-blocked (451) — trying next host.
2026-07-21 15:08:42 | ERROR    | backend.data_fetcher      | All Binance hosts failed for /api/v3/klines. Last error: https://data-api.binance.vision → 451 (geo-blocked)
2026-07-21 15:08:42 | WARNING  | backend.data_fetcher      | Binance host https://api.binance.com geo-blocked (451) — trying next host.
2026-07-21 15:08:42 | INFO     | backend.data_fetcher      | Binance host https://data-api.binance.vision is working — caching as primary.
2026-07-21 15:08:42 | WARNING  | backend.data_fetcher      | Binance host https://data-api.binance.vision returned status 429 on attempt 1/2 — retrying in 0.47s...
2026-07-21 15:08:42 | INFO     | root                      | Sleep delays called on 429 retry: [0.4683817308333428]
2026-07-21 15:08:42 | INFO     | backend.shock_detector    | SHOCK detected: effective_return=-5.50%, low=94.5000, vol_ratio=1.00x (bar_idx=-3)
2026-07-21 15:08:42 | INFO     | backend.scanner           | Loaded 46 alert cooldown records from disk.
2026-07-21 15:08:42 | INFO     | backend.scanner           | Saved 2 capitulation signals to disk.
2026-07-21 15:08:42 | INFO     | backend.scanner           | Loaded 46 alert cooldown records from disk.
2026-07-21 15:08:44 | INFO     | backend.data_fetcher      | Fetched top 2 crypto tickers by 24h volume (excl. stablecoins): ['BTCUSDT', 'ETHUSDT']
2026-07-21 15:08:44 | INFO     | root                      | Returned top-N tickers: ['BTCUSDT', 'ETHUSDT']
2026-07-21 15:08:44 | WARNING  | backend.fundamental_filter | Insufficient ticker data for correlation filter (0 rows, need 21).
2026-07-21 15:08:44 | WARNING  | backend.fundamental_filter | Insufficient benchmark data for correlation filter (0 rows, need 21).
2026-07-21 15:08:44 | INFO     | backend.scanner           | Loaded 46 alert cooldown records from disk.
2026-07-21 15:08:44 | INFO     | backend.data_fetcher      | Binance host https://api.binance.com is working — caching as primary.
2026-07-21 15:08:44 | WARNING  | backend.data_fetcher      | Binance host https://api.binance.com exhausted 1 retries with status 500 — trying next host.
2026-07-21 15:08:44 | WARNING  | backend.data_fetcher      | Binance host https://data-api.binance.vision geo-blocked (451) — trying next host.
2026-07-21 15:08:44 | ERROR    | backend.data_fetcher      | All Binance hosts failed for /api/v3/klines. Last error: https://data-api.binance.vision → 451 (geo-blocked)
2026-07-21 15:08:44 | WARNING  | backend.data_fetcher      | Binance host https://api.binance.com geo-blocked (451) — trying next host.
2026-07-21 15:08:44 | INFO     | backend.data_fetcher      | Binance host https://data-api.binance.vision is working — caching as primary.
2026-07-21 15:08:44 | WARNING  | backend.data_fetcher      | Binance host https://data-api.binance.vision returned status 429 on attempt 1/2 — retrying in 0.33s...
2026-07-21 15:08:44 | INFO     | root                      | Sleep delays called on 429 retry: [0.33464129685152894]
2026-07-21 15:08:44 | INFO     | backend.shock_detector    | SHOCK detected: effective_return=-5.50%, low=94.5000, vol_ratio=1.00x (bar_idx=-3)
2026-07-21 15:08:44 | INFO     | backend.scanner           | Loaded 46 alert cooldown records from disk.
2026-07-21 15:08:44 | INFO     | backend.scanner           | Saved 2 capitulation signals to disk.
2026-07-21 15:08:44 | INFO     | backend.scanner           | Loaded 46 alert cooldown records from disk.
2026-07-21 15:08:49 | INFO     | backend.data_fetcher      | Fetched top 2 crypto tickers by 24h volume (excl. stablecoins): ['BTCUSDT', 'ETHUSDT']
2026-07-21 15:08:49 | INFO     | root                      | Returned top-N tickers: ['BTCUSDT', 'ETHUSDT']
2026-07-21 15:08:49 | WARNING  | backend.fundamental_filter | Insufficient ticker data for correlation filter (0 rows, need 21).
2026-07-21 15:08:49 | WARNING  | backend.fundamental_filter | Insufficient benchmark data for correlation filter (0 rows, need 21).
2026-07-21 15:08:49 | INFO     | backend.scanner           | Loaded 46 alert cooldown records from disk.
2026-07-21 15:08:49 | INFO     | backend.data_fetcher      | Binance host https://api.binance.com is working — caching as primary.
2026-07-21 15:08:49 | WARNING  | backend.data_fetcher      | Binance host https://api.binance.com exhausted 1 retries with status 500 — trying next host.
2026-07-21 15:08:49 | WARNING  | backend.data_fetcher      | Binance host https://data-api.binance.vision geo-blocked (451) — trying next host.
2026-07-21 15:08:49 | ERROR    | backend.data_fetcher      | All Binance hosts failed for /api/v3/klines. Last error: https://data-api.binance.vision → 451 (geo-blocked)
2026-07-21 15:08:49 | WARNING  | backend.data_fetcher      | Binance host https://api.binance.com geo-blocked (451) — trying next host.
2026-07-21 15:08:49 | INFO     | backend.data_fetcher      | Binance host https://data-api.binance.vision is working — caching as primary.
2026-07-21 15:08:49 | WARNING  | backend.data_fetcher      | Binance host https://data-api.binance.vision returned status 429 on attempt 1/2 — retrying in 0.36s...
2026-07-21 15:08:49 | INFO     | root                      | Sleep delays called on 429 retry: [0.35572564002472506]
2026-07-21 15:08:49 | INFO     | backend.shock_detector    | SHOCK detected: effective_return=-5.50%, low=94.5000, vol_ratio=1.00x (bar_idx=-3)
2026-07-21 15:08:49 | INFO     | backend.scanner           | Loaded 46 alert cooldown records from disk.
2026-07-21 15:08:49 | INFO     | backend.scanner           | Saved 2 capitulation signals to disk.
2026-07-21 15:08:49 | INFO     | backend.scanner           | Loaded 46 alert cooldown records from disk.
2026-07-21 15:08:54 | INFO     | backend.data_fetcher      | Fetched top 2 crypto tickers by 24h volume (excl. stablecoins): ['BTCUSDT', 'ETHUSDT']
2026-07-21 15:08:54 | INFO     | root                      | Returned top-N tickers: ['BTCUSDT', 'ETHUSDT']
2026-07-21 15:08:54 | WARNING  | backend.fundamental_filter | Insufficient ticker data for correlation filter (0 rows, need 21).
2026-07-21 15:08:54 | WARNING  | backend.fundamental_filter | Insufficient benchmark data for correlation filter (0 rows, need 21).
2026-07-21 15:08:54 | INFO     | backend.scanner           | Loaded 46 alert cooldown records from disk.
2026-07-21 15:08:54 | INFO     | backend.data_fetcher      | Binance host https://api.binance.com is working — caching as primary.
2026-07-21 15:08:54 | WARNING  | backend.data_fetcher      | Binance host https://api.binance.com exhausted 1 retries with status 500 — trying next host.
2026-07-21 15:08:54 | WARNING  | backend.data_fetcher      | Binance host https://data-api.binance.vision geo-blocked (451) — trying next host.
2026-07-21 15:08:54 | ERROR    | backend.data_fetcher      | All Binance hosts failed for /api/v3/klines. Last error: https://data-api.binance.vision → 451 (geo-blocked)
2026-07-21 15:08:54 | WARNING  | backend.data_fetcher      | Binance host https://api.binance.com geo-blocked (451) — trying next host.
2026-07-21 15:08:54 | INFO     | backend.data_fetcher      | Binance host https://data-api.binance.vision is working — caching as primary.
2026-07-21 15:08:54 | WARNING  | backend.data_fetcher      | Binance host https://data-api.binance.vision returned status 429 on attempt 1/2 — retrying in 0.21s...
2026-07-21 15:08:54 | INFO     | root                      | Sleep delays called on 429 retry: [0.21142053635091118]
2026-07-21 15:08:54 | INFO     | backend.shock_detector    | SHOCK detected: effective_return=-5.50%, low=94.5000, vol_ratio=1.00x (bar_idx=-3)
2026-07-21 15:08:54 | INFO     | backend.scanner           | Loaded 46 alert cooldown records from disk.
2026-07-21 15:08:54 | INFO     | backend.scanner           | Saved 2 capitulation signals to disk.
2026-07-21 15:08:54 | INFO     | backend.scanner           | Loaded 46 alert cooldown records from disk.
2026-07-21 15:09:10 | INFO     | backend.data_fetcher      | Fetched top 2 crypto tickers by 24h volume (excl. stablecoins): ['BTCUSDT', 'ETHUSDT']
2026-07-21 15:09:10 | INFO     | root                      | Returned top-N tickers: ['BTCUSDT', 'ETHUSDT']
2026-07-21 15:09:10 | WARNING  | backend.fundamental_filter | Insufficient ticker data for correlation filter (0 rows, need 21).
2026-07-21 15:09:10 | WARNING  | backend.fundamental_filter | Insufficient benchmark data for correlation filter (0 rows, need 21).
2026-07-21 15:09:10 | INFO     | backend.scanner           | Loaded 46 alert cooldown records from disk.
2026-07-21 15:09:10 | INFO     | backend.data_fetcher      | Binance host https://api.binance.com is working — caching as primary.
2026-07-21 15:09:10 | WARNING  | backend.data_fetcher      | Binance host https://api.binance.com exhausted 1 retries with status 500 — trying next host.
2026-07-21 15:09:10 | WARNING  | backend.data_fetcher      | Binance host https://data-api.binance.vision geo-blocked (451) — trying next host.
2026-07-21 15:09:10 | ERROR    | backend.data_fetcher      | All Binance hosts failed for /api/v3/klines. Last error: https://data-api.binance.vision → 451 (geo-blocked)
2026-07-21 15:09:10 | WARNING  | backend.data_fetcher      | Binance host https://api.binance.com geo-blocked (451) — trying next host.
2026-07-21 15:09:10 | INFO     | backend.data_fetcher      | Binance host https://data-api.binance.vision is working — caching as primary.
2026-07-21 15:09:10 | WARNING  | backend.data_fetcher      | Binance host https://data-api.binance.vision returned status 429 on attempt 1/2 — retrying in 0.30s...
2026-07-21 15:09:10 | INFO     | root                      | Sleep delays called on 429 retry: [0.3045018676482476]
2026-07-21 15:09:10 | INFO     | backend.shock_detector    | SHOCK detected: effective_return=-5.50%, low=94.5000, vol_ratio=1.00x (bar_idx=-3)
2026-07-21 15:09:10 | INFO     | backend.scanner           | Loaded 46 alert cooldown records from disk.
2026-07-21 15:09:10 | INFO     | backend.scanner           | Saved 2 capitulation signals to disk.
2026-07-21 15:09:10 | INFO     | backend.scanner           | Loaded 46 alert cooldown records from disk.
2026-07-21 15:09:19 | INFO     | backend.data_fetcher      | Fetched top 2 crypto tickers by 24h volume (excl. stablecoins): ['BTCUSDT', 'ETHUSDT']
2026-07-21 15:09:19 | INFO     | root                      | Returned top-N tickers: ['BTCUSDT', 'ETHUSDT']
2026-07-21 15:09:19 | WARNING  | backend.fundamental_filter | Insufficient ticker data for correlation filter (0 rows, need 21).
2026-07-21 15:09:19 | WARNING  | backend.fundamental_filter | Insufficient benchmark data for correlation filter (0 rows, need 21).
2026-07-21 15:09:19 | INFO     | backend.scanner           | Loaded 46 alert cooldown records from disk.
2026-07-21 15:09:19 | INFO     | backend.data_fetcher      | Binance host https://api.binance.com is working — caching as primary.
2026-07-21 15:09:19 | WARNING  | backend.data_fetcher      | Binance host https://api.binance.com exhausted 1 retries with status 500 — trying next host.
2026-07-21 15:09:19 | WARNING  | backend.data_fetcher      | Binance host https://data-api.binance.vision geo-blocked (451) — trying next host.
2026-07-21 15:09:19 | ERROR    | backend.data_fetcher      | All Binance hosts failed for /api/v3/klines. Last error: https://data-api.binance.vision → 451 (geo-blocked)
2026-07-21 15:09:19 | WARNING  | backend.data_fetcher      | Binance host https://api.binance.com geo-blocked (451) — trying next host.
2026-07-21 15:09:19 | INFO     | backend.data_fetcher      | Binance host https://data-api.binance.vision is working — caching as primary.
2026-07-21 15:09:19 | WARNING  | backend.data_fetcher      | Binance host https://data-api.binance.vision returned status 429 on attempt 1/2 — retrying in 0.48s...
2026-07-21 15:09:19 | INFO     | root                      | Sleep delays called on 429 retry: [0.4823020073917358]
2026-07-21 15:09:19 | INFO     | backend.scanner           | Loaded 46 alert cooldown records from disk.
2026-07-21 15:09:19 | INFO     | backend.scanner           | Saved 1 capitulation signals to disk.
2026-07-21 15:09:20 | INFO     | backend.scanner           | Loaded 46 alert cooldown records from disk.
2026-07-21 15:09:20 | WARNING  | backend.scanner           | Failed loading existing capitulation signals: Expecting property name enclosed in double quotes: line 1 column 3 (char 2)
2026-07-21 15:09:20 | INFO     | backend.scanner           | Saved 1 capitulation signals to disk.
2026-07-21 15:09:20 | INFO     | backend.shock_detector    | SHOCK detected: effective_return=-4.00%, low=96.0000, vol_ratio=1.00x (bar_idx=-1)
2026-07-21 15:09:20 | INFO     | backend.scanner           | Loaded 46 alert cooldown records from disk.
2026-07-21 15:09:20 | INFO     | backend.scanner           | Saved 1 capitulation signals to disk.
2026-07-21 15:09:20 | INFO     | backend.scanner           | Loaded 46 alert cooldown records from disk.
2026-07-21 15:09:20 | INFO     | backend.scanner           | Loaded 46 alert cooldown records from disk.
2026-07-21 15:09:20 | INFO     | backend.shock_detector    | SHOCK detected: effective_return=-5.50%, low=94.5000, vol_ratio=1.00x (bar_idx=-3)
2026-07-21 15:09:20 | INFO     | backend.scanner           | Loaded 46 alert cooldown records from disk.
2026-07-21 15:09:20 | INFO     | backend.scanner           | Saved 2 capitulation signals to disk.
2026-07-21 15:09:20 | INFO     | backend.scanner           | Loaded 46 alert cooldown records from disk.
2026-07-21 15:12:44 | INFO     | backend.data_fetcher      | Fetched top 2 crypto tickers by 24h volume (excl. stablecoins): ['BTCUSDT', 'ETHUSDT']
2026-07-21 15:12:44 | INFO     | root                      | Returned top-N tickers: ['BTCUSDT', 'ETHUSDT']
2026-07-21 15:12:44 | WARNING  | backend.fundamental_filter | Insufficient ticker data for correlation filter (0 rows, need 21).
2026-07-21 15:12:44 | WARNING  | backend.fundamental_filter | Insufficient benchmark data for correlation filter (0 rows, need 21).
2026-07-21 15:12:44 | INFO     | backend.scanner           | Loaded 46 alert cooldown records from disk.
2026-07-21 15:12:44 | INFO     | backend.data_fetcher      | Binance host https://api.binance.com is working — caching as primary.
2026-07-21 15:12:44 | WARNING  | backend.data_fetcher      | Binance host https://api.binance.com exhausted 1 retries with status 500 — trying next host.
2026-07-21 15:12:44 | WARNING  | backend.data_fetcher      | Binance host https://data-api.binance.vision geo-blocked (451) — trying next host.
2026-07-21 15:12:44 | ERROR    | backend.data_fetcher      | All Binance hosts failed for /api/v3/klines. Last error: https://data-api.binance.vision → 451 (geo-blocked)
2026-07-21 15:12:44 | WARNING  | backend.data_fetcher      | Binance host https://api.binance.com geo-blocked (451) — trying next host.
2026-07-21 15:12:44 | INFO     | backend.data_fetcher      | Binance host https://data-api.binance.vision is working — caching as primary.
2026-07-21 15:12:44 | WARNING  | backend.data_fetcher      | Binance host https://data-api.binance.vision returned status 429 on attempt 1/2 — retrying in 0.38s...
2026-07-21 15:12:44 | INFO     | root                      | Sleep delays called on 429 retry: [0.3829637216050962]
2026-07-21 15:12:44 | INFO     | backend.scanner           | Loaded 46 alert cooldown records from disk.
2026-07-21 15:12:44 | INFO     | backend.scanner           | Saved 1 capitulation signals to disk.
2026-07-21 15:12:44 | INFO     | backend.scanner           | Loaded 46 alert cooldown records from disk.
2026-07-21 15:12:44 | WARNING  | backend.scanner           | Failed loading existing capitulation signals: Expecting property name enclosed in double quotes: line 1 column 3 (char 2)
2026-07-21 15:12:44 | INFO     | backend.scanner           | Saved 1 capitulation signals to disk.
2026-07-21 15:12:44 | INFO     | backend.shock_detector    | SHOCK detected: effective_return=-4.00%, low=96.0000, vol_ratio=1.00x (bar_idx=-1)
2026-07-21 15:12:44 | INFO     | backend.scanner           | Loaded 46 alert cooldown records from disk.
2026-07-21 15:12:44 | INFO     | backend.scanner           | Saved 1 capitulation signals to disk.
2026-07-21 15:12:44 | INFO     | backend.scanner           | Loaded 46 alert cooldown records from disk.
2026-07-21 15:12:44 | INFO     | backend.scanner           | Loaded 46 alert cooldown records from disk.
2026-07-21 15:12:44 | INFO     | backend.shock_detector    | SHOCK detected: effective_return=-5.50%, low=94.5000, vol_ratio=1.00x (bar_idx=-3)
2026-07-21 15:12:44 | INFO     | backend.scanner           | Loaded 46 alert cooldown records from disk.
2026-07-21 15:12:44 | INFO     | backend.scanner           | Saved 2 capitulation signals to disk.
2026-07-21 15:12:44 | INFO     | backend.scanner           | Loaded 46 alert cooldown records from disk.
2026-07-21 15:14:29 | INFO     | backend.data_fetcher      | Fetched top 2 crypto tickers by 24h volume (excl. stablecoins): ['BTCUSDT', 'ETHUSDT']
2026-07-21 15:14:29 | INFO     | root                      | Returned top-N tickers: ['BTCUSDT', 'ETHUSDT']
2026-07-21 15:14:29 | WARNING  | backend.fundamental_filter | Insufficient ticker data for correlation filter (0 rows, need 21).
2026-07-21 15:14:29 | WARNING  | backend.fundamental_filter | Insufficient benchmark data for correlation filter (0 rows, need 21).
2026-07-21 15:14:29 | INFO     | backend.scanner           | Loaded 46 alert cooldown records from disk.
2026-07-21 15:14:29 | INFO     | backend.data_fetcher      | Binance host https://api.binance.com is working — caching as primary.
2026-07-21 15:14:29 | WARNING  | backend.data_fetcher      | Binance host https://api.binance.com exhausted 1 retries with status 500 — trying next host.
2026-07-21 15:14:29 | WARNING  | backend.data_fetcher      | Binance host https://data-api.binance.vision geo-blocked (451) — trying next host.
2026-07-21 15:14:29 | ERROR    | backend.data_fetcher      | All Binance hosts failed for /api/v3/klines. Last error: https://data-api.binance.vision → 451 (geo-blocked)
2026-07-21 15:14:29 | WARNING  | backend.data_fetcher      | Binance host https://api.binance.com geo-blocked (451) — trying next host.
2026-07-21 15:14:29 | INFO     | backend.data_fetcher      | Binance host https://data-api.binance.vision is working — caching as primary.
2026-07-21 15:14:29 | WARNING  | backend.data_fetcher      | Binance host https://data-api.binance.vision returned status 429 on attempt 1/2 — retrying in 0.41s...
2026-07-21 15:14:29 | INFO     | root                      | Sleep delays called on 429 retry: [0.4119818037397225]
2026-07-21 15:14:29 | INFO     | backend.scanner           | Loaded 46 alert cooldown records from disk.
2026-07-21 15:14:29 | INFO     | backend.scanner           | Saved 1 capitulation signals to disk.
2026-07-21 15:14:29 | INFO     | backend.scanner           | Loaded 46 alert cooldown records from disk.
2026-07-21 15:14:29 | WARNING  | backend.scanner           | Failed loading existing capitulation signals: Expecting property name enclosed in double quotes: line 1 column 3 (char 2)
2026-07-21 15:14:29 | INFO     | backend.scanner           | Saved 1 capitulation signals to disk.
2026-07-21 15:14:29 | INFO     | backend.shock_detector    | SHOCK detected: effective_return=-4.00%, low=96.0000, vol_ratio=1.00x (bar_idx=-1)
2026-07-21 15:14:29 | INFO     | backend.scanner           | Loaded 46 alert cooldown records from disk.
2026-07-21 15:14:29 | INFO     | backend.scanner           | Saved 1 capitulation signals to disk.
2026-07-21 15:14:29 | INFO     | backend.scanner           | Loaded 46 alert cooldown records from disk.
2026-07-21 15:14:29 | INFO     | backend.scanner           | Loaded 46 alert cooldown records from disk.
2026-07-21 15:14:29 | INFO     | backend.shock_detector    | SHOCK detected: effective_return=-5.50%, low=94.5000, vol_ratio=1.00x (bar_idx=-3)
2026-07-21 15:14:29 | INFO     | backend.scanner           | Loaded 46 alert cooldown records from disk.
2026-07-21 15:14:29 | INFO     | backend.scanner           | Saved 2 capitulation signals to disk.
2026-07-21 15:14:29 | INFO     | backend.scanner           | Loaded 46 alert cooldown records from disk.
2026-07-21 15:14:39 | INFO     | backend.data_fetcher      | Fetched top 2 crypto tickers by 24h volume (excl. stablecoins): ['BTCUSDT', 'ETHUSDT']
2026-07-21 15:14:39 | INFO     | root                      | Returned top-N tickers: ['BTCUSDT', 'ETHUSDT']
2026-07-21 15:14:39 | WARNING  | backend.fundamental_filter | Insufficient ticker data for correlation filter (0 rows, need 21).
2026-07-21 15:14:39 | WARNING  | backend.fundamental_filter | Insufficient benchmark data for correlation filter (0 rows, need 21).
2026-07-21 15:14:39 | INFO     | backend.scanner           | Loaded 46 alert cooldown records from disk.
2026-07-21 15:14:39 | INFO     | backend.data_fetcher      | Binance host https://api.binance.com is working — caching as primary.
2026-07-21 15:14:39 | WARNING  | backend.data_fetcher      | Binance host https://api.binance.com exhausted 1 retries with status 500 — trying next host.
2026-07-21 15:14:39 | WARNING  | backend.data_fetcher      | Binance host https://data-api.binance.vision geo-blocked (451) — trying next host.
2026-07-21 15:14:39 | ERROR    | backend.data_fetcher      | All Binance hosts failed for /api/v3/klines. Last error: https://data-api.binance.vision → 451 (geo-blocked)
2026-07-21 15:14:39 | WARNING  | backend.data_fetcher      | Binance host https://api.binance.com geo-blocked (451) — trying next host.
2026-07-21 15:14:39 | INFO     | backend.data_fetcher      | Binance host https://data-api.binance.vision is working — caching as primary.
2026-07-21 15:14:39 | WARNING  | backend.data_fetcher      | Binance host https://data-api.binance.vision returned status 429 on attempt 1/2 — retrying in 0.31s...
2026-07-21 15:14:39 | INFO     | root                      | Sleep delays called on 429 retry: [0.3058485768482244]
2026-07-21 15:14:39 | INFO     | backend.scanner           | Loaded 46 alert cooldown records from disk.
2026-07-21 15:14:39 | INFO     | backend.scanner           | Saved 1 capitulation signals to disk.
2026-07-21 15:14:39 | INFO     | backend.scanner           | Loaded 46 alert cooldown records from disk.
2026-07-21 15:14:39 | WARNING  | backend.scanner           | Failed loading existing capitulation signals: Expecting property name enclosed in double quotes: line 1 column 3 (char 2)
2026-07-21 15:14:39 | INFO     | backend.scanner           | Saved 1 capitulation signals to disk.
2026-07-21 15:14:39 | INFO     | backend.shock_detector    | SHOCK detected: effective_return=-4.00%, low=96.0000, vol_ratio=1.00x (bar_idx=-1)
2026-07-21 15:14:39 | INFO     | backend.scanner           | Loaded 46 alert cooldown records from disk.
2026-07-21 15:14:39 | INFO     | backend.scanner           | Saved 1 capitulation signals to disk.
2026-07-21 15:14:39 | INFO     | backend.scanner           | Loaded 46 alert cooldown records from disk.
2026-07-21 15:14:39 | INFO     | backend.scanner           | Loaded 46 alert cooldown records from disk.
2026-07-21 15:14:39 | INFO     | backend.shock_detector    | SHOCK detected: effective_return=-5.50%, low=94.5000, vol_ratio=1.00x (bar_idx=-3)
2026-07-21 15:14:39 | INFO     | backend.scanner           | Loaded 46 alert cooldown records from disk.
2026-07-21 15:14:39 | INFO     | backend.scanner           | Saved 2 capitulation signals to disk.
2026-07-21 15:14:39 | INFO     | backend.scanner           | Loaded 46 alert cooldown records from disk.
2026-07-21 15:14:52 | INFO     | backend.data_fetcher      | Fetched top 2 crypto tickers by 24h volume (excl. stablecoins): ['BTCUSDT', 'ETHUSDT']
2026-07-21 15:14:52 | INFO     | root                      | Returned top-N tickers: ['BTCUSDT', 'ETHUSDT']
2026-07-21 15:14:52 | WARNING  | backend.fundamental_filter | Insufficient ticker data for correlation filter (0 rows, need 21).
2026-07-21 15:14:52 | WARNING  | backend.fundamental_filter | Insufficient benchmark data for correlation filter (0 rows, need 21).
2026-07-21 15:14:52 | INFO     | backend.data_fetcher      | Fetched top 2 crypto tickers by 24h volume (excl. stablecoins): ['BTCUSDT', 'ETHUSDT']
2026-07-21 15:14:52 | INFO     | root                      | Returned top-N tickers: ['BTCUSDT', 'ETHUSDT']
2026-07-21 15:14:52 | INFO     | backend.scanner           | Loaded 46 alert cooldown records from disk.
2026-07-21 15:14:52 | WARNING  | backend.fundamental_filter | Insufficient ticker data for correlation filter (0 rows, need 21).
2026-07-21 15:14:52 | WARNING  | backend.fundamental_filter | Insufficient benchmark data for correlation filter (0 rows, need 21).
2026-07-21 15:14:52 | INFO     | backend.data_fetcher      | Binance host https://api.binance.com is working — caching as primary.
2026-07-21 15:14:52 | INFO     | backend.scanner           | Loaded 46 alert cooldown records from disk.
2026-07-21 15:14:52 | WARNING  | backend.data_fetcher      | Binance host https://api.binance.com exhausted 1 retries with status 500 — trying next host.
2026-07-21 15:14:52 | WARNING  | backend.data_fetcher      | Binance host https://data-api.binance.vision geo-blocked (451) — trying next host.
2026-07-21 15:14:52 | ERROR    | backend.data_fetcher      | All Binance hosts failed for /api/v3/klines. Last error: https://data-api.binance.vision → 451 (geo-blocked)
2026-07-21 15:14:52 | WARNING  | backend.data_fetcher      | Binance host https://api.binance.com geo-blocked (451) — trying next host.
2026-07-21 15:14:52 | INFO     | backend.data_fetcher      | Binance host https://data-api.binance.vision is working — caching as primary.
2026-07-21 15:14:52 | WARNING  | backend.data_fetcher      | Binance host https://data-api.binance.vision returned status 429 on attempt 1/2 — retrying in 0.49s...
2026-07-21 15:14:52 | INFO     | root                      | Sleep delays called on 429 retry: [0.49096298370605984]
2026-07-21 15:14:52 | INFO     | backend.data_fetcher      | Binance host https://api.binance.com is working — caching as primary.
2026-07-21 15:14:52 | WARNING  | backend.data_fetcher      | Binance host https://api.binance.com exhausted 1 retries with status 500 — trying next host.
2026-07-21 15:14:52 | WARNING  | backend.data_fetcher      | Binance host https://data-api.binance.vision geo-blocked (451) — trying next host.
2026-07-21 15:14:52 | ERROR    | backend.data_fetcher      | All Binance hosts failed for /api/v3/klines. Last error: https://data-api.binance.vision → 451 (geo-blocked)
2026-07-21 15:14:52 | WARNING  | backend.data_fetcher      | Binance host https://api.binance.com geo-blocked (451) — trying next host.
2026-07-21 15:14:52 | INFO     | backend.data_fetcher      | Binance host https://data-api.binance.vision is working — caching as primary.
2026-07-21 15:14:52 | WARNING  | backend.data_fetcher      | Binance host https://data-api.binance.vision returned status 429 on attempt 1/2 — retrying in 0.28s...
2026-07-21 15:14:52 | INFO     | root                      | Sleep delays called on 429 retry: [0.2814982274860383]
2026-07-21 15:14:52 | INFO     | backend.scanner           | Loaded 46 alert cooldown records from disk.
2026-07-21 15:14:52 | INFO     | backend.scanner           | Saved 1 capitulation signals to disk.
2026-07-21 15:14:52 | INFO     | backend.scanner           | Loaded 46 alert cooldown records from disk.
2026-07-21 15:14:52 | INFO     | backend.scanner           | Loaded 46 alert cooldown records from disk.
2026-07-21 15:14:52 | INFO     | backend.scanner           | Saved 1 capitulation signals to disk.
gnals: Expecting property name enclosed in double quotes: line 1 column 3 (char 2)
2026-07-21 15:14:52 | INFO     | backend.scanner           | Saved 1 capitulation signals to disk.
2026-07-21 15:14:52 | INFO     | backend.scanner           | Loaded 46 alert cooldown records from disk.
2026-07-21 15:14:52 | WARNING  | backend.scanner           | Failed loading existing capitulation signals: Expecting property name enclosed in double quotes: line 1 column 3 (char 2)
2026-07-21 15:14:52 | INFO     | backend.scanner           | Saved 1 capitulation signals to disk.
2026-07-21 15:14:52 | INFO     | backend.shock_detector    | SHOCK detected: effective_return=-4.00%, low=96.0000, vol_ratio=1.00x (bar_idx=-1)
2026-07-21 15:14:52 | INFO     | backend.scanner           | Loaded 46 alert cooldown records from disk.
2026-07-21 15:14:52 | INFO     | backend.scanner           | Saved 1 capitulation signals to disk.
2026-07-21 15:14:52 | INFO     | backend.shock_detector    | SHOCK detected: effective_return=-4.00%, low=96.0000, vol_ratio=1.00x (bar_idx=-1)
2026-07-21 15:14:52 | INFO     | backend.scanner           | Loaded 46 alert cooldown records from disk.
2026-07-21 15:14:52 | INFO     | backend.scanner           | Loaded 46 alert cooldown records from disk.
2026-07-21 15:14:52 | INFO     | backend.scanner           | Saved 1 capitulation signals to disk.
2026-07-21 15:14:52 | INFO     | backend.scanner           | Loaded 46 alert cooldown records from disk.
2026-07-21 15:14:52 | INFO     | backend.scanner           | Loaded 46 alert cooldown records from disk.
2026-07-21 15:14:52 | INFO     | backend.scanner           | Loaded 46 alert cooldown records from disk.
2026-07-21 15:14:52 | INFO     | backend.shock_detector    | SHOCK detected: effective_return=-5.50%, low=94.5000, vol_ratio=1.00x (bar_idx=-3)
2026-07-21 15:14:52 | INFO     | backend.scanner           | Loaded 46 alert cooldown records from disk.
2026-07-21 15:14:52 | INFO     | backend.shock_detector    | SHOCK detected: effective_return=-5.50%, low=94.5000, vol_ratio=1.00x (bar_idx=-3)
2026-07-21 15:14:52 | INFO     | backend.scanner           | Saved 2 capitulation signals to disk.
2026-07-21 15:14:52 | INFO     | backend.scanner           | Loaded 46 alert cooldown records from disk.
2026-07-21 15:14:52 | INFO     | backend.scanner           | Loaded 46 alert cooldown records from disk.
2026-07-21 15:14:52 | INFO     | backend.scanner           | Saved 2 capitulation signals to disk.
2026-07-21 15:14:52 | INFO     | backend.scanner           | Loaded 46 alert cooldown records from disk.
2026-07-21 15:15:44 | INFO     | backend.data_fetcher      | Fetched top 2 crypto tickers by 24h volume (excl. stablecoins): ['BTCUSDT', 'ETHUSDT']
2026-07-21 15:15:44 | INFO     | root                      | Returned top-N tickers: ['BTCUSDT', 'ETHUSDT']
2026-07-21 15:15:44 | WARNING  | backend.fundamental_filter | Insufficient ticker data for correlation filter (0 rows, need 21).
2026-07-21 15:15:44 | WARNING  | backend.fundamental_filter | Insufficient benchmark data for correlation filter (0 rows, need 21).
2026-07-21 15:15:44 | INFO     | backend.scanner           | Loaded 46 alert cooldown records from disk.
2026-07-21 15:15:44 | INFO     | backend.data_fetcher      | Binance host https://api.binance.com is working — caching as primary.
2026-07-21 15:15:44 | WARNING  | backend.data_fetcher      | Binance host https://api.binance.com exhausted 1 retries with status 500 — trying next host.
2026-07-21 15:15:44 | WARNING  | backend.data_fetcher      | Binance host https://data-api.binance.vision geo-blocked (451) — trying next host.
2026-07-21 15:15:44 | ERROR    | backend.data_fetcher      | All Binance hosts failed for /api/v3/klines. Last error: https://data-api.binance.vision → 451 (geo-blocked)
2026-07-21 15:15:44 | WARNING  | backend.data_fetcher      | Binance host https://api.binance.com geo-blocked (451) — trying next host.
2026-07-21 15:15:44 | INFO     | backend.data_fetcher      | Binance host https://data-api.binance.vision is working — caching as primary.
2026-07-21 15:15:44 | WARNING  | backend.data_fetcher      | Binance host https://data-api.binance.vision returned status 429 on attempt 1/2 — retrying in 0.47s...
2026-07-21 15:15:44 | INFO     | root                      | Sleep delays called on 429 retry: [0.4661739102574285]
2026-07-21 15:15:44 | INFO     | backend.scanner           | Loaded 46 alert cooldown records from disk.
2026-07-21 15:15:44 | INFO     | backend.scanner           | Saved 1 capitulation signals to disk.
2026-07-21 15:15:44 | INFO     | backend.scanner           | Loaded 46 alert cooldown records from disk.
2026-07-21 15:15:44 | WARNING  | backend.scanner           | Failed loading existing capitulation signals: Expecting property name enclosed in double quotes: line 1 column 3 (char 2)
2026-07-21 15:15:44 | INFO     | backend.scanner           | Saved 1 capitulation signals to disk.
2026-07-21 15:15:44 | INFO     | backend.shock_detector    | SHOCK detected: effective_return=-4.00%, low=96.0000, vol_ratio=1.00x (bar_idx=-1)
2026-07-21 15:15:44 | INFO     | backend.scanner           | Loaded 46 alert cooldown records from disk.
2026-07-21 15:15:44 | INFO     | backend.scanner           | Saved 1 capitulation signals to disk.
2026-07-21 15:15:44 | INFO     | backend.scanner           | Loaded 46 alert cooldown records from disk.
2026-07-21 15:15:44 | INFO     | backend.scanner           | Loaded 46 alert cooldown records from disk.
2026-07-21 15:15:44 | INFO     | backend.shock_detector    | SHOCK detected: effective_return=-5.50%, low=94.5000, vol_ratio=1.00x (bar_idx=-3)
2026-07-21 15:15:44 | INFO     | backend.scanner           | Loaded 46 alert cooldown records from disk.
2026-07-21 15:15:44 | INFO     | backend.scanner           | Saved 2 capitulation signals to disk.
2026-07-21 15:15:44 | INFO     | backend.scanner           | Loaded 46 alert cooldown records from disk.
2026-07-21 15:19:43 | INFO     | backend.data_fetcher      | Fetched top 2 crypto tickers by 24h volume (excl. stablecoins): ['BTCUSDT', 'ETHUSDT']
2026-07-21 15:19:43 | INFO     | root                      | Returned top-N tickers: ['BTCUSDT', 'ETHUSDT']
2026-07-21 15:19:43 | WARNING  | backend.fundamental_filter | Insufficient ticker data for correlation filter (0 rows, need 21).
2026-07-21 15:19:43 | WARNING  | backend.fundamental_filter | Insufficient benchmark data for correlation filter (0 rows, need 21).
2026-07-21 15:19:43 | INFO     | backend.scanner           | Loaded 46 alert cooldown records from disk.
2026-07-21 15:19:43 | INFO     | backend.data_fetcher      | Binance host https://api.binance.com is working — caching as primary.
2026-07-21 15:19:43 | WARNING  | backend.data_fetcher      | Binance host https://api.binance.com exhausted 1 retries with status 500 — trying next host.
2026-07-21 15:19:43 | WARNING  | backend.data_fetcher      | Binance host https://data-api.binance.vision geo-blocked (451) — trying next host.
2026-07-21 15:19:43 | ERROR    | backend.data_fetcher      | All Binance hosts failed for /api/v3/klines. Last error: https://data-api.binance.vision → 451 (geo-blocked)
2026-07-21 15:19:43 | WARNING  | backend.data_fetcher      | Binance host https://api.binance.com geo-blocked (451) — trying next host.
2026-07-21 15:19:43 | INFO     | backend.data_fetcher      | Binance host https://data-api.binance.vision is working — caching as primary.
2026-07-21 15:19:43 | WARNING  | backend.data_fetcher      | Binance host https://data-api.binance.vision returned status 429 on attempt 1/2 — retrying in 0.24s...
2026-07-21 15:19:43 | INFO     | root                      | Sleep delays called on 429 retry: [0.23851551966442988]
2026-07-21 15:19:43 | INFO     | backend.scanner           | Loaded 46 alert cooldown records from disk.
2026-07-21 15:19:43 | INFO     | backend.scanner           | Saved 1 capitulation signals to disk.
2026-07-21 15:19:43 | INFO     | backend.scanner           | Loaded 46 alert cooldown records from disk.
2026-07-21 15:19:43 | WARNING  | backend.scanner           | Failed loading existing capitulation signals: Expecting property name enclosed in double quotes: line 1 column 3 (char 2)
2026-07-21 15:19:43 | INFO     | backend.scanner           | Saved 1 capitulation signals to disk.
2026-07-21 15:19:43 | INFO     | backend.shock_detector    | SHOCK detected: effective_return=-4.00%, low=96.0000, vol_ratio=1.00x (bar_idx=-1)
2026-07-21 15:19:43 | INFO     | backend.scanner           | Loaded 46 alert cooldown records from disk.
2026-07-21 15:19:43 | INFO     | backend.scanner           | Saved 1 capitulation signals to disk.
2026-07-21 15:19:43 | INFO     | backend.scanner           | Loaded 46 alert cooldown records from disk.
2026-07-21 15:19:43 | INFO     | backend.scanner           | Loaded 46 alert cooldown records from disk.
2026-07-21 15:19:43 | INFO     | backend.shock_detector    | SHOCK detected: effective_return=-5.50%, low=94.5000, vol_ratio=1.00x (bar_idx=-3)
2026-07-21 15:19:43 | INFO     | backend.scanner           | Loaded 46 alert cooldown records from disk.
2026-07-21 15:19:43 | INFO     | backend.scanner           | Saved 2 capitulation signals to disk.
2026-07-21 15:19:43 | INFO     | backend.scanner           | Loaded 46 alert cooldown records from disk.
2026-07-21 15:30:59 | INFO     | backend.data_fetcher      | Fetched top 2 crypto tickers by 24h volume (excl. stablecoins): ['BTCUSDT', 'ETHUSDT']
2026-07-21 15:30:59 | INFO     | root                      | Returned top-N tickers: ['BTCUSDT', 'ETHUSDT']
2026-07-21 15:30:59 | WARNING  | backend.fundamental_filter | Insufficient ticker data for correlation filter (0 rows, need 21).
2026-07-21 15:30:59 | WARNING  | backend.fundamental_filter | Insufficient benchmark data for correlation filter (0 rows, need 21).
2026-07-21 15:30:59 | INFO     | backend.scanner           | Loaded 46 alert cooldown records from disk.
2026-07-21 15:31:00 | INFO     | backend.data_fetcher      | Binance host https://api.binance.com is working — caching as primary.
2026-07-21 15:31:00 | WARNING  | backend.data_fetcher      | Binance host https://api.binance.com exhausted 1 retries with status 500 — trying next host.
2026-07-21 15:31:00 | WARNING  | backend.data_fetcher      | Binance host https://data-api.binance.vision geo-blocked (451) — trying next host.
2026-07-21 15:31:00 | ERROR    | backend.data_fetcher      | All Binance hosts failed for /api/v3/klines. Last error: https://data-api.binance.vision → 451 (geo-blocked)
2026-07-21 15:31:00 | WARNING  | backend.data_fetcher      | Binance host https://api.binance.com geo-blocked (451) — trying next host.
2026-07-21 15:31:00 | INFO     | backend.data_fetcher      | Binance host https://data-api.binance.vision is working — caching as primary.
2026-07-21 15:31:00 | WARNING  | backend.data_fetcher      | Binance host https://data-api.binance.vision returned status 429 on attempt 1/2 — retrying in 0.49s...
2026-07-21 15:31:00 | INFO     | root                      | Sleep delays called on 429 retry: [0.4903825151778357]
2026-07-21 15:31:00 | INFO     | backend.scanner           | Loaded 46 alert cooldown records from disk.
2026-07-21 15:31:00 | INFO     | backend.scanner           | Saved 1 capitulation signals to disk.
2026-07-21 15:31:00 | INFO     | backend.scanner           | Loaded 46 alert cooldown records from disk.
2026-07-21 15:31:00 | WARNING  | backend.scanner           | Failed loading existing capitulation signals: Expecting property name enclosed in double quotes: line 1 column 3 (char 2)
2026-07-21 15:31:00 | INFO     | backend.scanner           | Saved 1 capitulation signals to disk.
2026-07-21 15:31:00 | INFO     | backend.shock_detector    | SHOCK detected: effective_return=-4.00%, low=96.0000, vol_ratio=1.00x (bar_idx=-1)
2026-07-21 15:31:00 | INFO     | backend.scanner           | Loaded 46 alert cooldown records from disk.
2026-07-21 15:31:00 | INFO     | backend.scanner           | Saved 1 capitulation signals to disk.
2026-07-21 15:31:00 | INFO     | backend.scanner           | Loaded 46 alert cooldown records from disk.
2026-07-21 15:31:00 | INFO     | backend.scanner           | Loaded 46 alert cooldown records from disk.
2026-07-21 15:31:00 | INFO     | backend.shock_detector    | SHOCK detected: effective_return=-5.50%, low=94.5000, vol_ratio=1.00x (bar_idx=-3)
2026-07-21 15:31:00 | INFO     | backend.scanner           | Loaded 46 alert cooldown records from disk.
2026-07-21 15:31:00 | INFO     | backend.scanner           | Saved 2 capitulation signals to disk.
2026-07-21 15:31:00 | INFO     | backend.scanner           | Loaded 46 alert cooldown records from disk.
2026-07-21 15:31:14 | INFO     | backend.scanner           | Loaded 46 alert cooldown records from disk.
2026-07-21 15:31:14 | INFO     | __main__                  | Executing single scan cycle (--once flag detected)...
2026-07-21 15:31:14 | INFO     | backend.scanner           | ═══ Scan cycle started at 18:31:14 UTC ═══
2026-07-21 15:31:14 | INFO     | backend.data_fetcher      | Using curated crypto watchlist (40 assets).
2026-07-21 15:31:14 | INFO     | backend.scanner           | Scanning US_EQUITIES (72 tickers)…
2026-07-21 15:31:33 | INFO     | backend.trend_radar       | RADAR hit — dir=DOWN, ADX=38.2, triggers=['DONCHIAN_15'], vol=0.92x, ROC10=-15.3%
2026-07-21 15:31:40 | ERROR    | yfinance                  | $SQ: possibly delisted; no price data found  (period=300d) (Yahoo error = "No data found, symbol may be delisted")
2026-07-21 15:31:40 | ERROR    | yfinance                  | 
1 Failed download:
2026-07-21 15:31:40 | ERROR    | yfinance                  | ['SQ']: possibly delisted; no price data found  (period=300d) (Yahoo error = "No data found, symbol may be delisted")
2026-07-21 15:31:40 | WARNING  | backend.data_fetcher      | yfinance download returned empty DataFrame for SQ (attempt 1/3).
2026-07-21 15:31:40 | INFO     | backend.data_fetcher      | Retrying yfinance download for SQ in 1.27s...
2026-07-21 15:31:43 | ERROR    | yfinance                  | $SQ: possibly delisted; no price data found  (period=300d) (Yahoo error = "No data found, symbol may be delisted")
2026-07-21 15:31:43 | ERROR    | yfinance                  | 
1 Failed download:
2026-07-21 15:31:43 | ERROR    | yfinance                  | ['SQ']: possibly delisted; no price data found  (period=300d) (Yahoo error = "No data found, symbol may be delisted")
2026-07-21 15:31:43 | WARNING  | backend.data_fetcher      | yfinance download returned empty DataFrame for SQ (attempt 2/3).
2026-07-21 15:31:43 | INFO     | backend.data_fetcher      | Retrying yfinance download for SQ in 2.49s...
2026-07-21 15:31:46 | ERROR    | yfinance                  | $SQ: possibly delisted; no price data found  (period=300d) (Yahoo error = "No data found, symbol may be delisted")
2026-07-21 15:31:46 | ERROR    | yfinance                  | 
1 Failed download:
2026-07-21 15:31:46 | ERROR    | yfinance                  | ['SQ']: possibly delisted; no price data found  (period=300d) (Yahoo error = "No data found, symbol may be delisted")
2026-07-21 15:31:46 | WARNING  | backend.data_fetcher      | yfinance download returned empty DataFrame for SQ (attempt 3/3).
2026-07-21 15:31:46 | ERROR    | backend.data_fetcher      | yfinance download failed for SQ after 3 retries.
2026-07-21 15:31:46 | WARNING  | backend.data_fetcher      | No daily data returned for SQ.
2026-07-21 15:31:50 | INFO     | backend.trend_radar       | RADAR hit — dir=UP, ADX=20.4, triggers=['DONCHIAN_15'], vol=1.12x, ROC10=20.3%
2026-07-21 15:31:54 | ERROR    | yfinance                  | $BITF: possibly delisted; no price data found  (period=300d) (Yahoo error = "No data found, symbol may be delisted")
2026-07-21 15:31:54 | ERROR    | yfinance                  | 
1 Failed download:
2026-07-21 15:31:54 | ERROR    | yfinance                  | ['BITF']: possibly delisted; no price data found  (period=300d) (Yahoo error = "No data found, symbol may be delisted")
2026-07-21 15:31:54 | WARNING  | backend.data_fetcher      | yfinance download returned empty DataFrame for BITF (attempt 1/3).
2026-07-21 15:31:54 | INFO     | backend.data_fetcher      | Retrying yfinance download for BITF in 1.47s...
2026-07-21 15:31:56 | ERROR    | yfinance                  | $BITF: possibly delisted; no price data found  (period=300d) (Yahoo error = "No data found, symbol may be delisted")
2026-07-21 15:31:56 | ERROR    | yfinance                  | 
1 Failed download:
2026-07-21 15:31:56 | ERROR    | yfinance                  | ['BITF']: possibly delisted; no price data found  (period=300d) (Yahoo error = "No data found, symbol may be delisted")
2026-07-21 15:31:56 | WARNING  | backend.data_fetcher      | yfinance download returned empty DataFrame for BITF (attempt 2/3).
2026-07-21 15:31:56 | INFO     | backend.data_fetcher      | Retrying yfinance download for BITF in 2.22s...
2026-07-21 15:31:59 | ERROR    | yfinance                  | $BITF: possibly delisted; no price data found  (period=300d) (Yahoo error = "No data found, symbol may be delisted")
2026-07-21 15:31:59 | ERROR    | yfinance                  | 
1 Failed download:
2026-07-21 15:31:59 | ERROR    | yfinance                  | ['BITF']: possibly delisted; no price data found  (period=300d) (Yahoo error = "No data found, symbol may be delisted")
2026-07-21 15:31:59 | WARNING  | backend.data_fetcher      | yfinance download returned empty DataFrame for BITF (attempt 3/3).
2026-07-21 15:31:59 | ERROR    | backend.data_fetcher      | yfinance download failed for BITF after 3 retries.
2026-07-21 15:31:59 | WARNING  | backend.data_fetcher      | No daily data returned for BITF.
2026-07-21 15:31:59 | INFO     | backend.scanner           | Scanning CRYPTO (40 tickers)…
2026-07-21 15:32:00 | INFO     | backend.data_fetcher      | Binance host https://api.binance.com is working — caching as primary.
2026-07-21 15:32:18 | INFO     | backend.scanner           | ═══ Scan complete: 0 signal(s) found in 64.5s ═══
2026-07-21 15:32:20 | INFO     | backend.data_fetcher      | fetch_sp500_hourly for AAPL: downloaded 146 candles. Last candle: Open=327.2500 Close=327.3300 Vol=70073 Time=2026-07-21 14:30:00-04:00
2026-07-21 15:32:21 | INFO     | backend.data_fetcher      | fetch_sp500_hourly for MSFT: downloaded 146 candles. Last candle: Open=398.7650 Close=398.6400 Vol=35193 Time=2026-07-21 14:30:00-04:00
2026-07-21 15:32:21 | INFO     | backend.data_fetcher      | fetch_sp500_hourly for GOOGL: downloaded 146 candles. Last candle: Open=348.8200 Close=348.6200 Vol=42597 Time=2026-07-21 14:30:00-04:00
2026-07-21 15:32:22 | INFO     | backend.data_fetcher      | fetch_sp500_hourly for AMZN: downloaded 146 candles. Last candle: Open=248.2200 Close=247.8900 Vol=87790 Time=2026-07-21 14:30:00-04:00
2026-07-21 15:32:23 | INFO     | backend.data_fetcher      | fetch_sp500_hourly for NVDA: downloaded 146 candles. Last candle: Open=206.2499 Close=206.2650 Vol=242607 Time=2026-07-21 14:30:00-04:00
2026-07-21 15:32:24 | INFO     | backend.data_fetcher      | fetch_sp500_hourly for META: downloaded 146 candles. Last candle: Open=647.7000 Close=647.3100 Vol=28463 Time=2026-07-21 14:30:00-04:00
2026-07-21 15:32:24 | INFO     | backend.data_fetcher      | fetch_sp500_hourly for TSLA: downloaded 146 candles. Last candle: Open=380.0400 Close=379.8850 Vol=55696 Time=2026-07-21 14:30:00-04:00
2026-07-21 15:32:25 | INFO     | backend.data_fetcher      | fetch_sp500_hourly for BRK-B: downloaded 146 candles. Last candle: Open=489.7400 Close=489.8100 Vol=8243 Time=2026-07-21 14:30:00-04:00
2026-07-21 15:32:26 | INFO     | backend.data_fetcher      | fetch_sp500_hourly for JPM: downloaded 146 candles. Last candle: Open=345.0800 Close=345.0749 Vol=12986 Time=2026-07-21 14:30:00-04:00
2026-07-21 15:32:27 | INFO     | backend.data_fetcher      | fetch_sp500_hourly for V: downloaded 146 candles. Last candle: Open=356.7800 Close=356.6800 Vol=7631 Time=2026-07-21 14:30:00-04:00
2026-07-21 15:32:28 | INFO     | backend.data_fetcher      | fetch_sp500_hourly for JNJ: downloaded 146 candles. Last candle: Open=249.4899 Close=249.3050 Vol=9928 Time=2026-07-21 14:30:00-04:00
2026-07-21 15:32:28 | INFO     | backend.data_fetcher      | fetch_sp500_hourly for WMT: downloaded 146 candles. Last candle: Open=110.5403 Close=110.5750 Vol=52576 Time=2026-07-21 14:30:00-04:00
2026-07-21 15:32:29 | INFO     | backend.data_fetcher      | fetch_sp500_hourly for PG: downloaded 146 candles. Last candle: Open=147.7300 Close=147.6650 Vol=11001 Time=2026-07-21 14:30:00-04:00
2026-07-21 15:32:30 | INFO     | backend.data_fetcher      | fetch_sp500_hourly for MA: downloaded 146 candles. Last candle: Open=538.3000 Close=538.3900 Vol=4922 Time=2026-07-21 14:30:00-04:00
2026-07-21 15:32:31 | INFO     | backend.data_fetcher      | fetch_sp500_hourly for UNH: downloaded 146 candles. Last candle: Open=434.0600 Close=433.9400 Vol=12643 Time=2026-07-21 14:30:00-04:00
2026-07-21 15:32:31 | INFO     | backend.data_fetcher      | fetch_sp500_hourly for HD: downloaded 146 candles. Last candle: Open=330.5300 Close=330.4300 Vol=5908 Time=2026-07-21 14:30:00-04:00
2026-07-21 15:32:32 | INFO     | backend.data_fetcher      | fetch_sp500_hourly for DIS: downloaded 146 candles. Last candle: Open=96.5050 Close=96.5950 Vol=21573 Time=2026-07-21 14:30:00-04:00
2026-07-21 15:32:33 | INFO     | backend.data_fetcher      | fetch_sp500_hourly for BAC: downloaded 146 candles. Last candle: Open=61.2750 Close=61.3000 Vol=90899 Time=2026-07-21 14:30:00-04:00
2026-07-21 15:32:34 | INFO     | backend.data_fetcher      | fetch_sp500_hourly for XOM: downloaded 146 candles. Last candle: Open=151.0000 Close=151.0550 Vol=43773 Time=2026-07-21 14:30:00-04:00
2026-07-21 15:32:35 | INFO     | backend.data_fetcher      | fetch_sp500_hourly for PFE: downloaded 146 candles. Last candle: Open=24.8600 Close=24.8500 Vol=30916 Time=2026-07-21 14:30:00-04:00
2026-07-21 15:32:35 | INFO     | backend.data_fetcher      | fetch_sp500_hourly for KO: downloaded 146 candles. Last candle: Open=82.1250 Close=82.0800 Vol=28444 Time=2026-07-21 14:30:00-04:00
2026-07-21 15:32:36 | INFO     | backend.data_fetcher      | fetch_sp500_hourly for PEP: downloaded 146 candles. Last candle: Open=134.8850 Close=134.8300 Vol=13606 Time=2026-07-21 14:30:00-04:00
2026-07-21 15:32:37 | INFO     | backend.data_fetcher      | fetch_sp500_hourly for CSCO: downloaded 146 candles. Last candle: Open=111.2650 Close=111.2695 Vol=34993 Time=2026-07-21 14:30:00-04:00
2026-07-21 15:32:38 | INFO     | backend.data_fetcher      | fetch_sp500_hourly for ABT: downloaded 146 candles. Last candle: Open=99.8600 Close=99.6900 Vol=25325 Time=2026-07-21 14:30:00-04:00
2026-07-21 15:32:38 | INFO     | backend.data_fetcher      | fetch_sp500_hourly for CRM: downloaded 146 candles. Last candle: Open=170.5000 Close=170.4200 Vol=25211 Time=2026-07-21 14:30:00-04:00
2026-07-21 15:32:40 | INFO     | backend.data_fetcher      | fetch_sp500_hourly for AVGO: downloaded 146 candles. Last candle: Open=385.9000 Close=385.7400 Vol=27763 Time=2026-07-21 14:30:00-04:00
2026-07-21 15:32:40 | INFO     | backend.data_fetcher      | fetch_sp500_hourly for TMO: downloaded 146 candles. Last candle: Open=521.1400 Close=521.0900 Vol=7461 Time=2026-07-21 14:30:00-04:00
2026-07-21 15:32:41 | INFO     | backend.data_fetcher      | fetch_sp500_hourly for COST: downloaded 146 candles. Last candle: Open=930.3507 Close=930.5800 Vol=2133 Time=2026-07-21 14:30:00-04:00
2026-07-21 15:32:42 | INFO     | backend.data_fetcher      | fetch_sp500_hourly for NKE: downloaded 146 candles. Last candle: Open=43.1700 Close=43.1450 Vol=29750 Time=2026-07-21 14:30:00-04:00
2026-07-21 15:32:43 | INFO     | backend.data_fetcher      | fetch_sp500_hourly for MRK: downloaded 146 candles. Last candle: Open=125.7599 Close=125.6950 Vol=21551 Time=2026-07-21 14:30:00-04:00
2026-07-21 15:32:43 | INFO     | backend.data_fetcher      | fetch_sp500_hourly for ACN: downloaded 146 candles. Last candle: Open=140.9900 Close=140.9500 Vol=10175 Time=2026-07-21 14:30:00-04:00
2026-07-21 15:32:44 | INFO     | backend.data_fetcher      | fetch_sp500_hourly for LLY: downloaded 146 candles. Last candle: Open=1164.8101 Close=1163.6750 Vol=4247 Time=2026-07-21 14:30:00-04:00
2026-07-21 15:32:45 | INFO     | backend.data_fetcher      | fetch_sp500_hourly for ABBV: downloaded 146 candles. Last candle: Open=255.3550 Close=255.2600 Vol=7628 Time=2026-07-21 14:30:00-04:00
2026-07-21 15:32:46 | INFO     | backend.data_fetcher      | fetch_sp500_hourly for MCD: downloaded 146 candles. Last candle: Open=265.1000 Close=265.1200 Vol=10981 Time=2026-07-21 14:30:00-04:00
2026-07-21 15:32:46 | INFO     | backend.data_fetcher      | fetch_sp500_hourly for TXN: downloaded 146 candles. Last candle: Open=293.4000 Close=293.3900 Vol=27795 Time=2026-07-21 14:30:00-04:00
2026-07-21 15:32:47 | INFO     | backend.data_fetcher      | fetch_sp500_hourly for QCOM: downloaded 146 candles. Last candle: Open=172.9400 Close=172.9000 Vol=18700 Time=2026-07-21 14:30:00-04:00
2026-07-21 15:32:48 | INFO     | backend.data_fetcher      | fetch_sp500_hourly for DHR: downloaded 146 candles. Last candle: Open=178.0600 Close=178.1200 Vol=76901 Time=2026-07-21 14:30:00-04:00
2026-07-21 15:32:49 | INFO     | backend.data_fetcher      | fetch_sp500_hourly for NEE: downloaded 146 candles. Last candle: Open=87.9000 Close=87.8750 Vol=23454 Time=2026-07-21 14:30:00-04:00
2026-07-21 15:32:49 | INFO     | backend.data_fetcher      | fetch_sp500_hourly for ORCL: downloaded 146 candles. Last candle: Open=127.0800 Close=126.9000 Vol=80234 Time=2026-07-21 14:30:00-04:00
2026-07-21 15:32:50 | INFO     | backend.data_fetcher      | fetch_sp500_hourly for ADBE: downloaded 146 candles. Last candle: Open=227.0600 Close=227.0300 Vol=14354 Time=2026-07-21 14:30:00-04:00
2026-07-21 15:32:51 | INFO     | backend.data_fetcher      | fetch_sp500_hourly for AMD: downloaded 146 candles. Last candle: Open=542.1550 Close=542.2300 Vol=42882 Time=2026-07-21 14:30:00-04:00
2026-07-21 15:32:52 | INFO     | backend.data_fetcher      | fetch_sp500_hourly for INTC: downloaded 146 candles. Last candle: Open=105.1400 Close=105.0656 Vol=248490 Time=2026-07-21 14:30:00-04:00
2026-07-21 15:32:52 | INFO     | backend.data_fetcher      | fetch_sp500_hourly for AMGN: downloaded 146 candles. Last candle: Open=364.8699 Close=364.5400 Vol=5610 Time=2026-07-21 14:30:00-04:00
2026-07-21 15:32:53 | INFO     | backend.data_fetcher      | fetch_sp500_hourly for PM: downloaded 146 candles. Last candle: Open=189.9600 Close=189.7350 Vol=15616 Time=2026-07-21 14:30:00-04:00
2026-07-21 15:32:54 | INFO     | backend.data_fetcher      | fetch_sp500_hourly for HON: downloaded 146 candles. Last candle: Open=230.5800 Close=230.5900 Vol=2919 Time=2026-07-21 14:30:00-04:00
2026-07-21 15:32:55 | INFO     | backend.data_fetcher      | fetch_sp500_hourly for UPS: downloaded 146 candles. Last candle: Open=115.9400 Close=115.9200 Vol=9500 Time=2026-07-21 14:30:00-04:00
2026-07-21 15:32:55 | INFO     | backend.data_fetcher      | fetch_sp500_hourly for IBM: downloaded 146 candles. Last candle: Open=211.5000 Close=211.4000 Vol=20810 Time=2026-07-21 14:30:00-04:00
2026-07-21 15:32:56 | INFO     | backend.data_fetcher      | fetch_sp500_hourly for GE: downloaded 146 candles. Last candle: Open=341.7800 Close=341.7900 Vol=5626 Time=2026-07-21 14:30:00-04:00
2026-07-21 15:32:57 | INFO     | backend.data_fetcher      | fetch_sp500_hourly for CAT: downloaded 146 candles. Last candle: Open=890.2200 Close=890.0000 Vol=4638 Time=2026-07-21 14:30:00-04:00
2026-07-21 15:32:58 | INFO     | backend.data_fetcher      | fetch_sp500_hourly for BA: downloaded 146 candles. Last candle: Open=205.0200 Close=204.6450 Vol=36833 Time=2026-07-21 14:30:00-04:00
2026-07-21 15:32:58 | INFO     | backend.data_fetcher      | fetch_sp500_hourly for NFLX: downloaded 146 candles. Last candle: Open=67.7400 Close=67.7450 Vol=236465 Time=2026-07-21 14:30:00-04:00
2026-07-21 15:32:59 | INFO     | backend.data_fetcher      | fetch_sp500_hourly for MU: downloaded 146 candles. Last candle: Open=971.1900 Close=969.6899 Vol=155774 Time=2026-07-21 14:30:00-04:00
2026-07-21 15:33:00 | INFO     | backend.data_fetcher      | fetch_sp500_hourly for PYPL: downloaded 146 candles. Last candle: Open=55.7735 Close=55.7700 Vol=43393 Time=2026-07-21 14:30:00-04:00
2026-07-21 15:33:01 | ERROR    | yfinance                  | $SQ: possibly delisted; no price data found  (period=300d) (Yahoo error = "No data found, symbol may be delisted")
2026-07-21 15:33:01 | ERROR    | yfinance                  | 
1 Failed download:
2026-07-21 15:33:01 | ERROR    | yfinance                  | ['SQ']: possibly delisted; no price data found  (period=300d) (Yahoo error = "No data found, symbol may be delisted")
2026-07-21 15:33:01 | WARNING  | backend.data_fetcher      | yfinance download returned empty DataFrame for SQ (attempt 1/3).
2026-07-21 15:33:01 | INFO     | backend.data_fetcher      | Retrying yfinance download for SQ in 1.12s...
2026-07-21 15:33:03 | ERROR    | yfinance                  | $SQ: possibly delisted; no price data found  (period=300d) (Yahoo error = "No data found, symbol may be delisted")
2026-07-21 15:33:03 | ERROR    | yfinance                  | 
1 Failed download:
2026-07-21 15:33:03 | ERROR    | yfinance                  | ['SQ']: possibly delisted; no price data found  (period=300d) (Yahoo error = "No data found, symbol may be delisted")
2026-07-21 15:33:03 | WARNING  | backend.data_fetcher      | yfinance download returned empty DataFrame for SQ (attempt 2/3).
2026-07-21 15:33:03 | INFO     | backend.data_fetcher      | Retrying yfinance download for SQ in 2.47s...
2026-07-21 15:33:06 | ERROR    | yfinance                  | $SQ: possibly delisted; no price data found  (period=300d) (Yahoo error = "No data found, symbol may be delisted")
2026-07-21 15:33:06 | ERROR    | yfinance                  | 
1 Failed download:
2026-07-21 15:33:06 | ERROR    | yfinance                  | ['SQ']: possibly delisted; no price data found  (period=300d) (Yahoo error = "No data found, symbol may be delisted")
2026-07-21 15:33:06 | WARNING  | backend.data_fetcher      | yfinance download returned empty DataFrame for SQ (attempt 3/3).
2026-07-21 15:33:06 | ERROR    | backend.data_fetcher      | yfinance download failed for SQ after 3 retries.
2026-07-21 15:33:06 | WARNING  | backend.data_fetcher      | No daily data returned for SQ.
2026-07-21 15:33:06 | ERROR    | yfinance                  | $SQ: possibly delisted; no price data found  (period=1mo) (Yahoo error = "No data found, symbol may be delisted")
2026-07-21 15:33:06 | ERROR    | yfinance                  | 
1 Failed download:
2026-07-21 15:33:06 | ERROR    | yfinance                  | ['SQ']: possibly delisted; no price data found  (period=1mo) (Yahoo error = "No data found, symbol may be delisted")
2026-07-21 15:33:06 | WARNING  | backend.data_fetcher      | yfinance download returned empty DataFrame for SQ (attempt 1/3).
2026-07-21 15:33:06 | INFO     | backend.data_fetcher      | Retrying yfinance download for SQ in 1.49s...
2026-07-21 15:33:08 | ERROR    | yfinance                  | $SQ: possibly delisted; no price data found  (period=1mo)
2026-07-21 15:33:09 | ERROR    | yfinance                  | 
1 Failed download:
2026-07-21 15:33:09 | ERROR    | yfinance                  | ['SQ']: possibly delisted; no price data found  (period=1mo)
2026-07-21 15:33:09 | WARNING  | backend.data_fetcher      | yfinance download returned empty DataFrame for SQ (attempt 2/3).
2026-07-21 15:33:09 | INFO     | backend.data_fetcher      | Retrying yfinance download for SQ in 2.15s...
2026-07-21 15:33:11 | ERROR    | yfinance                  | $SQ: possibly delisted; no price data found  (period=1mo) (Yahoo error = "No data found, symbol may be delisted")
2026-07-21 15:33:11 | ERROR    | yfinance                  | 
1 Failed download:
2026-07-21 15:33:11 | ERROR    | yfinance                  | ['SQ']: possibly delisted; no price data found  (period=1mo) (Yahoo error = "No data found, symbol may be delisted")
2026-07-21 15:33:11 | WARNING  | backend.data_fetcher      | yfinance download returned empty DataFrame for SQ (attempt 3/3).
2026-07-21 15:33:11 | ERROR    | backend.data_fetcher      | yfinance download failed for SQ after 3 retries.
2026-07-21 15:33:11 | WARNING  | backend.data_fetcher      | No hourly data returned for SQ.
2026-07-21 15:33:12 | INFO     | backend.data_fetcher      | fetch_sp500_hourly for BABA: downloaded 146 candles. Last candle: Open=118.1400 Close=118.0256 Vol=21949 Time=2026-07-21 14:30:00-04:00
2026-07-21 15:33:13 | INFO     | backend.data_fetcher      | fetch_sp500_hourly for COIN: downloaded 146 candles. Last candle: Open=178.4005 Close=177.7450 Vol=36123 Time=2026-07-21 14:30:00-04:00
2026-07-21 15:33:13 | INFO     | backend.data_fetcher      | fetch_sp500_hourly for MSTR: downloaded 146 candles. Last candle: Open=100.7750 Close=100.6200 Vol=44453 Time=2026-07-21 14:30:00-04:00
2026-07-21 15:33:14 | INFO     | backend.data_fetcher      | fetch_sp500_hourly for GS: downloaded 146 candles. Last candle: Open=1083.4550 Close=1082.3600 Vol=4678 Time=2026-07-21 14:30:00-04:00
2026-07-21 15:33:15 | INFO     | backend.data_fetcher      | fetch_sp500_hourly for MRVL: downloaded 146 candles. Last candle: Open=208.3600 Close=208.0300 Vol=90209 Time=2026-07-21 14:30:00-04:00
2026-07-21 15:33:16 | INFO     | backend.data_fetcher      | fetch_sp500_hourly for SMCI: downloaded 146 candles. Last candle: Open=25.3050 Close=25.2850 Vol=250540 Time=2026-07-21 14:30:00-04:00
2026-07-21 15:33:16 | INFO     | backend.data_fetcher      | fetch_sp500_hourly for GLD: downloaded 146 candles. Last candle: Open=374.6700 Close=374.7000 Vol=24504 Time=2026-07-21 14:30:00-04:00
2026-07-21 15:33:17 | INFO     | backend.data_fetcher      | fetch_sp500_hourly for SLV: downloaded 146 candles. Last candle: Open=53.2900 Close=53.3200 Vol=56152 Time=2026-07-21 14:30:00-04:00
2026-07-21 15:33:18 | INFO     | backend.data_fetcher      | fetch_sp500_hourly for USO: downloaded 146 candles. Last candle: Open=128.5200 Close=128.6400 Vol=38641 Time=2026-07-21 14:30:00-04:00
2026-07-21 15:33:18 | INFO     | backend.data_fetcher      | fetch_sp500_hourly for HUT: downloaded 146 candles. Last candle: Open=109.2700 Close=109.1800 Vol=25201 Time=2026-07-21 14:30:00-04:00
2026-07-21 15:33:19 | INFO     | backend.data_fetcher      | fetch_sp500_hourly for KEEL: downloaded 146 candles. Last candle: Open=4.6250 Close=4.6150 Vol=69155 Time=2026-07-21 14:30:00-04:00
2026-07-21 15:33:20 | INFO     | backend.data_fetcher      | fetch_sp500_hourly for RIOT: downloaded 146 candles. Last candle: Open=21.4100 Close=21.3550 Vol=59942 Time=2026-07-21 14:30:00-04:00
2026-07-21 15:33:21 | INFO     | backend.data_fetcher      | fetch_sp500_hourly for MARA: downloaded 146 candles. Last candle: Open=12.3450 Close=12.3107 Vol=861377 Time=2026-07-21 14:30:00-04:00
2026-07-21 15:33:21 | INFO     | backend.data_fetcher      | fetch_sp500_hourly for CLSK: downloaded 146 candles. Last candle: Open=15.3550 Close=15.3150 Vol=78024 Time=2026-07-21 14:30:00-04:00
2026-07-21 15:33:22 | INFO     | backend.data_fetcher      | fetch_sp500_hourly for IREN: downloaded 146 candles. Last candle: Open=41.0100 Close=40.7950 Vol=236623 Time=2026-07-21 14:30:00-04:00
2026-07-21 15:33:23 | INFO     | backend.data_fetcher      | fetch_sp500_hourly for CIFR: downloaded 146 candles. Last candle: Open=23.5500 Close=23.4600 Vol=194243 Time=2026-07-21 14:30:00-04:00
2026-07-21 15:33:24 | INFO     | backend.data_fetcher      | fetch_sp500_hourly for WULF: downloaded 146 candles. Last candle: Open=19.9050 Close=19.9200 Vol=120502 Time=2026-07-21 14:30:00-04:00
2026-07-21 15:33:24 | ERROR    | yfinance                  | $BITF: possibly delisted; no price data found  (period=300d) (Yahoo error = "No data found, symbol may be delisted")
2026-07-21 15:33:24 | ERROR    | yfinance                  | 
1 Failed download:
2026-07-21 15:33:24 | ERROR    | yfinance                  | ['BITF']: possibly delisted; no price data found  (period=300d) (Yahoo error = "No data found, symbol may be delisted")
2026-07-21 15:33:24 | WARNING  | backend.data_fetcher      | yfinance download returned empty DataFrame for BITF (attempt 1/3).
2026-07-21 15:33:24 | INFO     | backend.data_fetcher      | Retrying yfinance download for BITF in 1.14s...
2026-07-21 15:33:26 | ERROR    | yfinance                  | $BITF: possibly delisted; no price data found  (period=300d) (Yahoo error = "No data found, symbol may be delisted")
2026-07-21 15:33:26 | ERROR    | yfinance                  | 
1 Failed download:
2026-07-21 15:33:26 | ERROR    | yfinance                  | ['BITF']: possibly delisted; no price data found  (period=300d) (Yahoo error = "No data found, symbol may be delisted")
2026-07-21 15:33:26 | WARNING  | backend.data_fetcher      | yfinance download returned empty DataFrame for BITF (attempt 2/3).
2026-07-21 15:33:26 | INFO     | backend.data_fetcher      | Retrying yfinance download for BITF in 2.27s...
2026-07-21 15:33:29 | ERROR    | yfinance                  | $BITF: possibly delisted; no price data found  (period=300d) (Yahoo error = "No data found, symbol may be delisted")
2026-07-21 15:33:29 | ERROR    | yfinance                  | 
1 Failed download:
2026-07-21 15:33:29 | ERROR    | yfinance                  | ['BITF']: possibly delisted; no price data found  (period=300d) (Yahoo error = "No data found, symbol may be delisted")
2026-07-21 15:33:29 | WARNING  | backend.data_fetcher      | yfinance download returned empty DataFrame for BITF (attempt 3/3).
2026-07-21 15:33:29 | ERROR    | backend.data_fetcher      | yfinance download failed for BITF after 3 retries.
2026-07-21 15:33:29 | WARNING  | backend.data_fetcher      | No daily data returned for BITF.
2026-07-21 15:33:30 | ERROR    | yfinance                  | $BITF: possibly delisted; no price data found  (period=1mo) (Yahoo error = "No data found, symbol may be delisted")
2026-07-21 15:33:30 | ERROR    | yfinance                  | 
1 Failed download:
2026-07-21 15:33:30 | ERROR    | yfinance                  | ['BITF']: possibly delisted; no price data found  (period=1mo) (Yahoo error = "No data found, symbol may be delisted")
2026-07-21 15:33:30 | WARNING  | backend.data_fetcher      | yfinance download returned empty DataFrame for BITF (attempt 1/3).
2026-07-21 15:33:30 | INFO     | backend.data_fetcher      | Retrying yfinance download for BITF in 1.30s...
2026-07-21 15:33:32 | ERROR    | yfinance                  | $BITF: possibly delisted; no price data found  (period=1mo) (Yahoo error = "No data found, symbol may be delisted")
2026-07-21 15:33:32 | ERROR    | yfinance                  | 
1 Failed download:
2026-07-21 15:33:32 | ERROR    | yfinance                  | ['BITF']: possibly delisted; no price data found  (period=1mo) (Yahoo error = "No data found, symbol may be delisted")
2026-07-21 15:33:32 | WARNING  | backend.data_fetcher      | yfinance download returned empty DataFrame for BITF (attempt 2/3).
2026-07-21 15:33:32 | INFO     | backend.data_fetcher      | Retrying yfinance download for BITF in 2.11s...
2026-07-21 15:33:34 | ERROR    | yfinance                  | $BITF: possibly delisted; no price data found  (period=1mo) (Yahoo error = "No data found, symbol may be delisted")
2026-07-21 15:33:34 | ERROR    | yfinance                  | 
1 Failed download:
2026-07-21 15:33:34 | ERROR    | yfinance                  | ['BITF']: possibly delisted; no price data found  (period=1mo) (Yahoo error = "No data found, symbol may be delisted")
2026-07-21 15:33:34 | WARNING  | backend.data_fetcher      | yfinance download returned empty DataFrame for BITF (attempt 3/3).
2026-07-21 15:33:34 | ERROR    | backend.data_fetcher      | yfinance download failed for BITF after 3 retries.
2026-07-21 15:33:34 | WARNING  | backend.data_fetcher      | No hourly data returned for BITF.
2026-07-21 15:34:11 | INFO     | backend.capitulation_engine | ═══ Capitulation scan started — 110 tickers ═══
2026-07-21 15:34:11 | INFO     | backend.capitulation_engine | ═══ Capitulation analysis started for AAPL (US_EQUITIES) ═══
2026-07-21 15:34:11 | INFO     | backend.shock_detector    | SHOCK detected: effective_return=-3.01%, low=322.2204, vol_ratio=0.79x (bar_idx=-2)
2026-07-21 15:34:11 | INFO     | backend.shock_detector    | Shock classification: benchmark_return=0.79%, is_idiosyncratic=True
2026-07-21 15:34:11 | INFO     | backend.capitulation_engine | AAPL SHOCK: drop=-3.01%, idiosyncratic=True, cap_low=322.2204, vol_ratio=0.79x
2026-07-21 15:34:11 | INFO     | backend.price_structure   | Running SMC analysis on daily timeframe (300 rows).
2026-07-21 15:34:11 | INFO     | backend.price_structure   | Running SMC analysis on 4H timeframe (42 rows).
2026-07-21 15:34:11 | INFO     | backend.price_structure   | Price-structure analysis complete: 39 confluence zones found.
2026-07-21 15:34:11 | INFO     | backend.capitulation_engine | AAPL STRUCTURE: msb_1d=5, fvg_1d=8, ob_1d=5, confluence=39
2026-07-21 15:34:11 | INFO     | backend.capitulation_engine | AAPL VOLUME PROFILE: POC=314.7741, VAH=334.9800, VAL=287.2206, price_vs_va=in_value_area
2026-07-21 15:34:12 | INFO     | backend.fundamental_filter | Fundamentals for AAPL: {'ebit': 35885000000.0, 'interest_expense': None, 'current_assets': 144114000000.0, 'current_liabilities': 134641000000.0, 'inventory': 6747000000.0}
2026-07-21 15:34:12 | INFO     | backend.fundamental_filter | Solvency evaluation: solvent=True, ICR=999.00, CR=1.07, QR=1.02, flags=[]
2026-07-21 15:34:12 | INFO     | backend.capitulation_engine | AAPL FUNDAMENTAL FILTER: PASSED
2026-07-21 15:34:12 | WARNING  | backend.asymmetric_trade  | Invalid risk calculation: entry=317.3200, SL=321.5410, risk=-4.2210
2026-07-21 15:34:12 | INFO     | backend.capitulation_engine | AAPL — no valid R:R >= 3.0 achievable. Verdict: EVITAR.
2026-07-21 15:34:12 | INFO     | backend.capitulation_engine | ═══ Capitulation analysis started for MSFT (US_EQUITIES) ═══
2026-07-21 15:34:12 | INFO     | backend.shock_detector    | SHOCK detected: effective_return=-2.92%, low=389.3900, vol_ratio=0.70x (bar_idx=-3)
2026-07-21 15:34:12 | INFO     | backend.shock_detector    | Shock classification: benchmark_return=0.79%, is_idiosyncratic=True
2026-07-21 15:34:12 | INFO     | backend.capitulation_engine | MSFT SHOCK: drop=-2.92%, idiosyncratic=True, cap_low=389.3900, vol_ratio=0.70x
2026-07-21 15:34:12 | INFO     | backend.price_structure   | Running SMC analysis on daily timeframe (300 rows).
2026-07-21 15:34:12 | INFO     | backend.price_structure   | Running SMC analysis on 4H timeframe (42 rows).
2026-07-21 15:34:12 | INFO     | backend.price_structure   | Price-structure analysis complete: 47 confluence zones found.
2026-07-21 15:34:12 | INFO     | backend.capitulation_engine | MSFT STRUCTURE: msb_1d=5, fvg_1d=8, ob_1d=5, confluence=47
2026-07-21 15:34:12 | INFO     | backend.capitulation_engine | MSFT VOLUME PROFILE: POC=384.9777, VAH=402.5826, VAL=370.7802, price_vs_va=in_value_area
2026-07-21 15:34:12 | INFO     | backend.fundamental_filter | Fundamentals for MSFT: {'ebit': 40118000000.0, 'interest_expense': 778000000.0, 'current_assets': 175329000000.0, 'current_liabilities': 136661000000.0, 'inventory': 1219000000.0}
2026-07-21 15:34:12 | INFO     | backend.fundamental_filter | Solvency evaluation: solvent=True, ICR=51.57, CR=1.28, QR=1.27, flags=[]
2026-07-21 15:34:12 | INFO     | backend.capitulation_engine | MSFT FUNDAMENTAL FILTER: PASSED
2026-07-21 15:34:12 | INFO     | backend.asymmetric_trade  | Asymmetric levels: entry=398.4800, SL=388.6596, TP=427.9411, R:R=3.0 (MIN_RR)
2026-07-21 15:34:12 | INFO     | backend.asymmetric_trade  | Position sizing: capital=100000.00, risk_pct=1.00%, risk_amount=1000.00, risk_per_unit=9.8204, qty=101.8292
2026-07-21 15:34:12 | INFO     | backend.capitulation_engine | ✅ MSFT VERDICT: APTO_COMPRA_ASIMETRICA | Entry=398.4800, SL=388.6596, TP=427.9411, R:R=1:3.0, Confidence=80%
2026-07-21 15:34:12 | INFO     | backend.capitulation_engine | ═══ Capitulation analysis started for GOOGL (US_EQUITIES) ═══
2026-07-21 15:34:12 | INFO     | backend.shock_detector    | SHOCK detected: effective_return=-3.70%, low=341.3600, vol_ratio=0.85x (bar_idx=-3)
2026-07-21 15:34:12 | INFO     | backend.shock_detector    | Shock classification: benchmark_return=0.79%, is_idiosyncratic=True
2026-07-21 15:34:12 | INFO     | backend.capitulation_engine | GOOGL SHOCK: drop=-3.70%, idiosyncratic=True, cap_low=341.3600, vol_ratio=0.85x
2026-07-21 15:34:12 | INFO     | backend.price_structure   | Running SMC analysis on daily timeframe (300 rows).
2026-07-21 15:34:12 | INFO     | backend.price_structure   | Running SMC analysis on 4H timeframe (42 rows).
2026-07-21 15:34:12 | INFO     | backend.price_structure   | Price-structure analysis complete: 58 confluence zones found.
2026-07-21 15:34:12 | INFO     | backend.capitulation_engine | GOOGL STRUCTURE: msb_1d=5, fvg_1d=7, ob_1d=5, confluence=58
2026-07-21 15:34:12 | INFO     | backend.capitulation_engine | GOOGL VOLUME PROFILE: POC=357.8206, VAH=363.0960, VAL=341.9944, price_vs_va=in_value_area
2026-07-21 15:34:13 | INFO     | backend.fundamental_filter | Fundamentals for GOOGL: {'ebit': 77945000000.0, 'interest_expense': 533000000.0, 'current_assets': 213753000000.0, 'current_liabilities': 111188000000.0, 'inventory': None}
2026-07-21 15:34:13 | INFO     | backend.fundamental_filter | Solvency evaluation: solvent=True, ICR=146.24, CR=1.92, QR=1.92, flags=[]
2026-07-21 15:34:13 | INFO     | backend.capitulation_engine | GOOGL FUNDAMENTAL FILTER: PASSED
2026-07-21 15:34:13 | INFO     | backend.asymmetric_trade  | Asymmetric levels: entry=350.7500, SL=340.5910, TP=381.2270, R:R=3.0 (MIN_RR)
2026-07-21 15:34:13 | INFO     | backend.asymmetric_trade  | Position sizing: capital=100000.00, risk_pct=1.00%, risk_amount=1000.00, risk_per_unit=10.1590, qty=98.4350
2026-07-21 15:34:13 | INFO     | backend.capitulation_engine | ✅ GOOGL VERDICT: APTO_COMPRA_ASIMETRICA | Entry=350.7500, SL=340.5910, TP=381.2270, R:R=1:3.0, Confidence=80%
2026-07-21 15:34:13 | INFO     | backend.capitulation_engine | ═══ Capitulation analysis started for AMZN (US_EQUITIES) ═══
2026-07-21 15:34:13 | INFO     | backend.shock_detector    | SHOCK detected: effective_return=-2.52%, low=243.5900, vol_ratio=0.71x (bar_idx=-3)
2026-07-21 15:34:13 | INFO     | backend.shock_detector    | Shock classification: benchmark_return=0.79%, is_idiosyncratic=True
2026-07-21 15:34:13 | INFO     | backend.capitulation_engine | AMZN SHOCK: drop=-2.52%, idiosyncratic=True, cap_low=243.5900, vol_ratio=0.71x
2026-07-21 15:34:13 | INFO     | backend.price_structure   | Running SMC analysis on daily timeframe (300 rows).
2026-07-21 15:34:13 | INFO     | backend.price_structure   | Running SMC analysis on 4H timeframe (42 rows).
2026-07-21 15:34:13 | INFO     | backend.price_structure   | Price-structure analysis complete: 33 confluence zones found.
2026-07-21 15:34:13 | INFO     | backend.capitulation_engine | AMZN STRUCTURE: msb_1d=5, fvg_1d=7, ob_1d=5, confluence=33
2026-07-21 15:34:13 | INFO     | backend.capitulation_engine | AMZN VOLUME PROFILE: POC=245.3968, VAH=254.1792, VAL=237.2649, price_vs_va=in_value_area
2026-07-21 15:34:14 | INFO     | backend.fundamental_filter | Fundamentals for AMZN: {'ebit': 40634000000.0, 'interest_expense': 800000000.0, 'current_assets': 255155000000.0, 'current_liabilities': 216756000000.0, 'inventory': 36534000000.0}
2026-07-21 15:34:14 | INFO     | backend.fundamental_filter | Solvency evaluation: solvent=True, ICR=50.79, CR=1.18, QR=1.01, flags=[]
2026-07-21 15:34:14 | INFO     | backend.capitulation_engine | AMZN FUNDAMENTAL FILTER: PASSED
2026-07-21 15:34:14 | INFO     | backend.asymmetric_trade  | Asymmetric levels: entry=247.8100, SL=243.1835, TP=261.6894, R:R=3.0 (MIN_RR)
2026-07-21 15:34:14 | INFO     | backend.asymmetric_trade  | Position sizing: capital=100000.00, risk_pct=1.00%, risk_amount=1000.00, risk_per_unit=4.6265, qty=216.1480
2026-07-21 15:34:14 | INFO     | backend.capitulation_engine | ✅ AMZN VERDICT: APTO_COMPRA_ASIMETRICA | Entry=247.8100, SL=243.1835, TP=261.6894, R:R=1:3.0, Confidence=80%
2026-07-21 15:34:14 | INFO     | backend.capitulation_engine | ═══ Capitulation analysis started for NVDA (US_EQUITIES) ═══
2026-07-21 15:34:14 | INFO     | backend.shock_detector    | SHOCK detected: effective_return=-4.55%, low=197.9700, vol_ratio=1.00x (bar_idx=-3)
2026-07-21 15:34:14 | INFO     | backend.shock_detector    | Shock classification: benchmark_return=0.79%, is_idiosyncratic=True
2026-07-21 15:34:14 | INFO     | backend.capitulation_engine | NVDA SHOCK: drop=-4.55%, idiosyncratic=True, cap_low=197.9700, vol_ratio=1.00x
2026-07-21 15:34:14 | INFO     | backend.price_structure   | Running SMC analysis on daily timeframe (300 rows).
2026-07-21 15:34:14 | INFO     | backend.price_structure   | Running SMC analysis on 4H timeframe (42 rows).
2026-07-21 15:34:14 | INFO     | backend.price_structure   | Price-structure analysis complete: 23 confluence zones found.
2026-07-21 15:34:14 | INFO     | backend.capitulation_engine | NVDA STRUCTURE: msb_1d=5, fvg_1d=3, ob_1d=5, confluence=23
2026-07-21 15:34:14 | INFO     | backend.capitulation_engine | NVDA VOLUME PROFILE: POC=194.8421, VAH=205.1664, VAL=191.2406, price_vs_va=above_vah
2026-07-21 15:34:15 | INFO     | backend.fundamental_filter | Fundamentals for NVDA: {'ebit': 70005000000.0, 'interest_expense': 102000000.0, 'current_assets': 150995000000.0, 'current_liabilities': 43884000000.0, 'inventory': 25797000000.0}
2026-07-21 15:34:15 | INFO     | backend.fundamental_filter | Solvency evaluation: solvent=True, ICR=686.32, CR=3.44, QR=2.85, flags=[]
2026-07-21 15:34:15 | INFO     | backend.capitulation_engine | NVDA FUNDAMENTAL FILTER: PASSED
2026-07-21 15:34:15 | INFO     | backend.asymmetric_trade  | Asymmetric levels: entry=207.2900, SL=197.4567, TP=236.7898, R:R=3.0 (MIN_RR)
2026-07-21 15:34:15 | INFO     | backend.asymmetric_trade  | Position sizing: capital=100000.00, risk_pct=1.00%, risk_amount=1000.00, risk_per_unit=9.8333, qty=101.6957
2026-07-21 15:34:15 | INFO     | backend.capitulation_engine | ✅ NVDA VERDICT: APTO_COMPRA_ASIMETRICA | Entry=207.2900, SL=197.4567, TP=236.7898, R:R=1:3.0, Confidence=80%
2026-07-21 15:34:15 | INFO     | backend.capitulation_engine | ═══ Capitulation analysis started for META (US_EQUITIES) ═══
2026-07-21 15:34:15 | INFO     | backend.shock_detector    | SHOCK detected: effective_return=-5.80%, low=626.0000, vol_ratio=1.07x (bar_idx=-3)
2026-07-21 15:34:15 | INFO     | backend.shock_detector    | Shock classification: benchmark_return=0.79%, is_idiosyncratic=True
2026-07-21 15:34:15 | INFO     | backend.capitulation_engine | META SHOCK: drop=-5.80%, idiosyncratic=True, cap_low=626.0000, vol_ratio=1.07x
2026-07-21 15:34:15 | INFO     | backend.price_structure   | Running SMC analysis on daily timeframe (300 rows).
2026-07-21 15:34:15 | INFO     | backend.price_structure   | Running SMC analysis on 4H timeframe (42 rows).
2026-07-21 15:34:15 | INFO     | backend.price_structure   | Price-structure analysis complete: 31 confluence zones found.
2026-07-21 15:34:15 | INFO     | backend.capitulation_engine | META STRUCTURE: msb_1d=5, fvg_1d=5, ob_1d=5, confluence=31
2026-07-21 15:34:15 | INFO     | backend.capitulation_engine | META VOLUME PROFILE: POC=670.0338, VAH=686.0800, VAL=598.5550, price_vs_va=in_value_area
2026-07-21 15:34:16 | INFO     | backend.fundamental_filter | Fundamentals for META: {'ebit': 22314000000.0, 'interest_expense': 562000000.0, 'current_assets': 109765000000.0, 'current_liabilities': 46753000000.0, 'inventory': None}
2026-07-21 15:34:16 | INFO     | backend.fundamental_filter | Solvency evaluation: solvent=True, ICR=39.70, CR=2.35, QR=2.35, flags=[]
2026-07-21 15:34:16 | INFO     | backend.capitulation_engine | META FUNDAMENTAL FILTER: PASSED
2026-07-21 15:34:16 | INFO     | backend.asymmetric_trade  | Asymmetric levels: entry=628.2800, SL=624.6251, TP=639.2449, R:R=3.0 (MIN_RR)
2026-07-21 15:34:16 | INFO     | backend.asymmetric_trade  | Position sizing: capital=100000.00, risk_pct=1.00%, risk_amount=1000.00, risk_per_unit=3.6550, qty=273.6012
2026-07-21 15:34:16 | INFO     | backend.capitulation_engine | ✅ META VERDICT: APTO_COMPRA_ASIMETRICA | Entry=628.2800, SL=624.6251, TP=639.2449, R:R=1:3.0, Confidence=80%
2026-07-21 15:34:16 | INFO     | backend.capitulation_engine | ═══ Capitulation analysis started for TSLA (US_EQUITIES) ═══
2026-07-21 15:34:16 | INFO     | backend.shock_detector    | SHOCK detected: effective_return=-3.54%, low=369.4300, vol_ratio=0.74x (bar_idx=-3)
2026-07-21 15:34:16 | INFO     | backend.shock_detector    | Shock classification: benchmark_return=0.79%, is_idiosyncratic=True
2026-07-21 15:34:16 | INFO     | backend.capitulation_engine | TSLA SHOCK: drop=-3.54%, idiosyncratic=True, cap_low=369.4300, vol_ratio=0.74x
2026-07-21 15:34:16 | INFO     | backend.price_structure   | Running SMC analysis on daily timeframe (300 rows).
2026-07-21 15:34:16 | INFO     | backend.price_structure   | Running SMC analysis on 4H timeframe (42 rows).
2026-07-21 15:34:16 | INFO     | backend.price_structure   | Price-structure analysis complete: 70 confluence zones found.
2026-07-21 15:34:16 | INFO     | backend.capitulation_engine | TSLA STRUCTURE: msb_1d=5, fvg_1d=8, ob_1d=5, confluence=70
2026-07-21 15:34:16 | INFO     | backend.capitulation_engine | TSLA VOLUME PROFILE: POC=393.6614, VAH=420.0079, VAL=381.4520, price_vs_va=below_val
2026-07-21 15:34:17 | INFO     | backend.fundamental_filter | Fundamentals for TSLA: {'ebit': 840000000.0, 'interest_expense': 92000000.0, 'current_assets': 69748000000.0, 'current_liabilities': 34138000000.0, 'inventory': 14434000000.0}
2026-07-21 15:34:17 | INFO     | backend.fundamental_filter | Solvency evaluation: solvent=True, ICR=9.13, CR=2.04, QR=1.62, flags=[]
2026-07-21 15:34:17 | INFO     | backend.capitulation_engine | TSLA FUNDAMENTAL FILTER: PASSED
2026-07-21 15:34:17 | INFO     | backend.asymmetric_trade  | Asymmetric levels: entry=379.3000, SL=368.4016, TP=411.9953, R:R=3.0 (MIN_RR)
2026-07-21 15:34:17 | INFO     | backend.asymmetric_trade  | Position sizing: capital=100000.00, risk_pct=1.00%, risk_amount=1000.00, risk_per_unit=10.8984, qty=91.7564
2026-07-21 15:34:17 | INFO     | backend.capitulation_engine | ✅ TSLA VERDICT: APTO_COMPRA_ASIMETRICA | Entry=379.3000, SL=368.4016, TP=411.9953, R:R=1:3.0, Confidence=90%
2026-07-21 15:34:17 | INFO     | backend.capitulation_engine | ═══ Capitulation analysis started for BRK-B (US_EQUITIES) ═══
2026-07-21 15:34:17 | INFO     | backend.capitulation_engine | BRK-B — no shock detected (drop < 2%). Skipping.
2026-07-21 15:34:17 | INFO     | backend.capitulation_engine | ═══ Capitulation analysis started for JPM (US_EQUITIES) ═══
2026-07-21 15:34:17 | INFO     | backend.shock_detector    | SHOCK detected: effective_return=-2.36%, low=335.0500, vol_ratio=0.82x (bar_idx=-3)
2026-07-21 15:34:17 | INFO     | backend.shock_detector    | Shock classification: benchmark_return=0.79%, is_idiosyncratic=True
2026-07-21 15:34:17 | INFO     | backend.capitulation_engine | JPM SHOCK: drop=-2.36%, idiosyncratic=True, cap_low=335.0500, vol_ratio=0.82x
2026-07-21 15:34:17 | INFO     | backend.price_structure   | Running SMC analysis on daily timeframe (300 rows).
2026-07-21 15:34:17 | INFO     | backend.price_structure   | Running SMC analysis on 4H timeframe (42 rows).
2026-07-21 15:34:17 | INFO     | backend.price_structure   | Price-structure analysis complete: 39 confluence zones found.
2026-07-21 15:34:17 | INFO     | backend.capitulation_engine | JPM STRUCTURE: msb_1d=5, fvg_1d=9, ob_1d=5, confluence=39
2026-07-21 15:34:17 | INFO     | backend.capitulation_engine | JPM VOLUME PROFILE: POC=333.1413, VAH=342.8464, VAL=330.2560, price_vs_va=above_vah
2026-07-21 15:34:17 | INFO     | backend.fundamental_filter | Fundamentals for JPM: {'ebit': None, 'interest_expense': None, 'current_assets': None, 'current_liabilities': None, 'inventory': None}
2026-07-21 15:34:17 | INFO     | backend.fundamental_filter | Solvency evaluation: solvent=False, ICR=999.00, CR=0.00, QR=0.00, flags=['Unable to compute current ratio (missing data)', 'Liquidity stress (Current Ratio=0.0)']
2026-07-21 15:34:17 | INFO     | backend.capitulation_engine | JPM FUNDAMENTAL FILTER: FAILED — ['Unable to compute current ratio (missing data)', 'Liquidity stress (Current Ratio=0.0)']. Marking as EVITAR.
2026-07-21 15:34:17 | INFO     | backend.capitulation_engine | ═══ Capitulation analysis started for V (US_EQUITIES) ═══
2026-07-21 15:34:17 | INFO     | backend.shock_detector    | SHOCK detected: effective_return=-2.23%, low=354.6900, vol_ratio=0.75x (bar_idx=-3)
2026-07-21 15:34:17 | INFO     | backend.shock_detector    | Shock classification: benchmark_return=0.79%, is_idiosyncratic=True
2026-07-21 15:34:17 | INFO     | backend.capitulation_engine | V SHOCK: drop=-2.23%, idiosyncratic=True, cap_low=354.6900, vol_ratio=0.75x
2026-07-21 15:34:17 | INFO     | backend.price_structure   | Running SMC analysis on daily timeframe (300 rows).
2026-07-21 15:34:17 | INFO     | backend.price_structure   | Running SMC analysis on 4H timeframe (42 rows).
2026-07-21 15:34:17 | INFO     | backend.price_structure   | Price-structure analysis complete: 32 confluence zones found.
2026-07-21 15:34:17 | INFO     | backend.capitulation_engine | V STRUCTURE: msb_1d=5, fvg_1d=4, ob_1d=5, confluence=32
2026-07-21 15:34:17 | INFO     | backend.capitulation_engine | V VOLUME PROFILE: POC=358.3795, VAH=362.9230, VAL=345.4480, price_vs_va=in_value_area
2026-07-21 15:34:18 | INFO     | backend.fundamental_filter | Fundamentals for V: {'ebit': 7352000000.0, 'interest_expense': 178000000.0, 'current_assets': 31625000000.0, 'current_liabilities': 29076000000.0, 'inventory': None}
2026-07-21 15:34:18 | INFO     | backend.fundamental_filter | Solvency evaluation: solvent=True, ICR=41.30, CR=1.09, QR=1.09, flags=[]
2026-07-21 15:34:18 | INFO     | backend.capitulation_engine | V FUNDAMENTAL FILTER: PASSED
2026-07-21 15:34:18 | INFO     | backend.asymmetric_trade  | Asymmetric levels: entry=355.2100, SL=354.1979, TP=358.2464, R:R=3.0 (MIN_RR)
2026-07-21 15:34:18 | INFO     | backend.asymmetric_trade  | Position sizing: capital=100000.00, risk_pct=1.00%, risk_amount=1000.00, risk_per_unit=1.0121, qty=988.0169
2026-07-21 15:34:18 | INFO     | backend.capitulation_engine | ✅ V VERDICT: APTO_COMPRA_ASIMETRICA | Entry=355.2100, SL=354.1979, TP=358.2464, R:R=1:3.0, Confidence=80%
2026-07-21 15:34:18 | INFO     | backend.capitulation_engine | ═══ Capitulation analysis started for JNJ (US_EQUITIES) ═══
2026-07-21 15:34:18 | INFO     | backend.capitulation_engine | JNJ — no shock detected (drop < 2%). Skipping.
2026-07-21 15:34:18 | INFO     | backend.capitulation_engine | ═══ Capitulation analysis started for WMT (US_EQUITIES) ═══
2026-07-21 15:34:18 | INFO     | backend.shock_detector    | SHOCK detected: effective_return=-2.06%, low=109.8900, vol_ratio=0.57x (bar_idx=-1)
2026-07-21 15:34:18 | INFO     | backend.shock_detector    | Shock classification: benchmark_return=0.79%, is_idiosyncratic=True
2026-07-21 15:34:18 | INFO     | backend.capitulation_engine | WMT SHOCK: drop=-2.06%, idiosyncratic=True, cap_low=109.8900, vol_ratio=0.57x
2026-07-21 15:34:18 | INFO     | backend.price_structure   | Running SMC analysis on daily timeframe (300 rows).
2026-07-21 15:34:18 | INFO     | backend.price_structure   | Running SMC analysis on 4H timeframe (42 rows).
2026-07-21 15:34:18 | INFO     | backend.price_structure   | Price-structure analysis complete: 79 confluence zones found.
2026-07-21 15:34:18 | INFO     | backend.capitulation_engine | WMT STRUCTURE: msb_1d=5, fvg_1d=6, ob_1d=5, confluence=79
2026-07-21 15:34:18 | INFO     | backend.capitulation_engine | WMT VOLUME PROFILE: POC=112.1952, VAH=117.3940, VAL=111.3076, price_vs_va=below_val
2026-07-21 15:34:19 | INFO     | backend.fundamental_filter | Fundamentals for WMT: {'ebit': 7847000000.0, 'interest_expense': 699000000.0, 'current_assets': 88394000000.0, 'current_liabilities': 114583000000.0, 'inventory': 62570000000.0}
2026-07-21 15:34:19 | INFO     | backend.fundamental_filter | Solvency evaluation: solvent=False, ICR=11.23, CR=0.77, QR=0.23, flags=['Liquidity stress (Current Ratio=0.77)']
2026-07-21 15:34:19 | INFO     | backend.capitulation_engine | WMT FUNDAMENTAL FILTER: FAILED — ['Liquidity stress (Current Ratio=0.77)']. Marking as EVITAR.
2026-07-21 15:34:19 | INFO     | backend.capitulation_engine | ═══ Capitulation analysis started for PG (US_EQUITIES) ═══
2026-07-21 15:34:19 | INFO     | backend.capitulation_engine | PG — no shock detected (drop < 2%). Skipping.
2026-07-21 15:34:19 | INFO     | backend.capitulation_engine | ═══ Capitulation analysis started for MA (US_EQUITIES) ═══
2026-07-21 15:34:19 | INFO     | backend.shock_detector    | SHOCK detected: effective_return=-2.05%, low=538.0100, vol_ratio=0.82x (bar_idx=-3)
2026-07-21 15:34:19 | INFO     | backend.shock_detector    | Shock classification: benchmark_return=0.79%, is_idiosyncratic=True
2026-07-21 15:34:19 | INFO     | backend.capitulation_engine | MA SHOCK: drop=-2.05%, idiosyncratic=True, cap_low=538.0100, vol_ratio=0.82x
2026-07-21 15:34:19 | INFO     | backend.price_structure   | Running SMC analysis on daily timeframe (300 rows).
2026-07-21 15:34:19 | INFO     | backend.price_structure   | Running SMC analysis on 4H timeframe (42 rows).
2026-07-21 15:34:19 | INFO     | backend.price_structure   | Price-structure analysis complete: 36 confluence zones found.
2026-07-21 15:34:19 | INFO     | backend.capitulation_engine | MA STRUCTURE: msb_1d=5, fvg_1d=4, ob_1d=5, confluence=36
2026-07-21 15:34:19 | INFO     | backend.capitulation_engine | MA VOLUME PROFILE: POC=538.4606, VAH=551.7200, VAL=512.5732, price_vs_va=in_value_area
2026-07-21 15:34:20 | INFO     | backend.fundamental_filter | Fundamentals for MA: {'ebit': 4997000000.0, 'interest_expense': 185000000.0, 'current_assets': 22498000000.0, 'current_liabilities': 22934000000.0, 'inventory': None}
2026-07-21 15:34:20 | INFO     | backend.fundamental_filter | Solvency evaluation: solvent=False, ICR=27.01, CR=0.98, QR=0.98, flags=['Liquidity stress (Current Ratio=0.98)']
2026-07-21 15:34:20 | INFO     | backend.capitulation_engine | MA FUNDAMENTAL FILTER: FAILED — ['Liquidity stress (Current Ratio=0.98)']. Marking as EVITAR.
2026-07-21 15:34:20 | INFO     | backend.capitulation_engine | ═══ Capitulation analysis started for UNH (US_EQUITIES) ═══
2026-07-21 15:34:20 | INFO     | backend.shock_detector    | SHOCK detected: effective_return=-2.04%, low=417.3800, vol_ratio=0.73x (bar_idx=-2)
2026-07-21 15:34:20 | INFO     | backend.shock_detector    | Shock classification: benchmark_return=0.79%, is_idiosyncratic=True
2026-07-21 15:34:20 | INFO     | backend.capitulation_engine | UNH SHOCK: drop=-2.04%, idiosyncratic=True, cap_low=417.3800, vol_ratio=0.73x
2026-07-21 15:34:20 | INFO     | backend.price_structure   | Running SMC analysis on daily timeframe (300 rows).
2026-07-21 15:34:20 | INFO     | backend.price_structure   | Running SMC analysis on 4H timeframe (42 rows).
2026-07-21 15:34:20 | INFO     | backend.price_structure   | Price-structure analysis complete: 56 confluence zones found.
2026-07-21 15:34:20 | INFO     | backend.capitulation_engine | UNH STRUCTURE: msb_1d=5, fvg_1d=9, ob_1d=5, confluence=56
2026-07-21 15:34:20 | INFO     | backend.capitulation_engine | UNH VOLUME PROFILE: POC=425.4592, VAH=431.9800, VAL=415.3816, price_vs_va=above_vah
2026-07-21 15:34:21 | INFO     | backend.fundamental_filter | Fundamentals for UNH: {'ebit': 8918000000.0, 'interest_expense': 955000000.0, 'current_assets': 91127000000.0, 'current_liabilities': 114124000000.0, 'inventory': None}
2026-07-21 15:34:21 | INFO     | backend.fundamental_filter | Solvency evaluation: solvent=False, ICR=9.34, CR=0.80, QR=0.80, flags=['Liquidity stress (Current Ratio=0.8)']
2026-07-21 15:34:21 | INFO     | backend.capitulation_engine | UNH FUNDAMENTAL FILTER: FAILED — ['Liquidity stress (Current Ratio=0.8)']. Marking as EVITAR.
2026-07-21 15:34:21 | INFO     | backend.capitulation_engine | ═══ Capitulation analysis started for HD (US_EQUITIES) ═══
2026-07-21 15:34:21 | INFO     | backend.shock_detector    | SHOCK detected: effective_return=-2.85%, low=327.0100, vol_ratio=0.92x (bar_idx=-3)
2026-07-21 15:34:21 | INFO     | backend.shock_detector    | Shock classification: benchmark_return=0.79%, is_idiosyncratic=True
2026-07-21 15:34:21 | INFO     | backend.capitulation_engine | HD SHOCK: drop=-2.85%, idiosyncratic=True, cap_low=327.0100, vol_ratio=0.92x
2026-07-21 15:34:21 | INFO     | backend.price_structure   | Running SMC analysis on daily timeframe (300 rows).
2026-07-21 15:34:21 | INFO     | backend.price_structure   | Running SMC analysis on 4H timeframe (42 rows).
2026-07-21 15:34:21 | INFO     | backend.price_structure   | Price-structure analysis complete: 52 confluence zones found.
2026-07-21 15:34:21 | INFO     | backend.capitulation_engine | HD STRUCTURE: msb_1d=5, fvg_1d=8, ob_1d=5, confluence=52
2026-07-21 15:34:21 | INFO     | backend.capitulation_engine | HD VOLUME PROFILE: POC=348.9792, VAH=352.4831, VAL=337.8303, price_vs_va=below_val
2026-07-21 15:34:22 | INFO     | backend.fundamental_filter | Fundamentals for HD: {'ebit': 4988000000.0, 'interest_expense': 611000000.0, 'current_assets': 37172000000.0, 'current_liabilities': 35580000000.0, 'inventory': 27280000000.0}
2026-07-21 15:34:22 | INFO     | backend.fundamental_filter | Solvency evaluation: solvent=True, ICR=8.16, CR=1.04, QR=0.28, flags=[]
2026-07-21 15:34:22 | INFO     | backend.capitulation_engine | HD FUNDAMENTAL FILTER: PASSED
2026-07-21 15:34:22 | INFO     | backend.asymmetric_trade  | Asymmetric levels: entry=338.0896, SL=326.4181, TP=373.1041, R:R=3.0 (MIN_RR)
2026-07-21 15:34:22 | INFO     | backend.asymmetric_trade  | Position sizing: capital=100000.00, risk_pct=1.00%, risk_amount=1000.00, risk_per_unit=11.6715, qty=85.6788
2026-07-21 15:34:22 | INFO     | backend.capitulation_engine | ✅ HD VERDICT: APTO_COMPRA_ASIMETRICA | Entry=338.0896, SL=326.4181, TP=373.1041, R:R=1:3.0, Confidence=90%
2026-07-21 15:34:22 | INFO     | backend.capitulation_engine | ═══ Capitulation analysis started for DIS (US_EQUITIES) ═══
2026-07-21 15:34:22 | INFO     | backend.shock_detector    | SHOCK detected: effective_return=-2.67%, low=95.8700, vol_ratio=0.89x (bar_idx=-3)
2026-07-21 15:34:22 | INFO     | backend.shock_detector    | Shock classification: benchmark_return=0.79%, is_idiosyncratic=True
2026-07-21 15:34:22 | INFO     | backend.capitulation_engine | DIS SHOCK: drop=-2.67%, idiosyncratic=True, cap_low=95.8700, vol_ratio=0.89x
2026-07-21 15:34:22 | INFO     | backend.price_structure   | Running SMC analysis on daily timeframe (300 rows).
2026-07-21 15:34:22 | INFO     | backend.price_structure   | Running SMC analysis on 4H timeframe (42 rows).
2026-07-21 15:34:22 | INFO     | backend.price_structure   | Price-structure analysis complete: 44 confluence zones found.
2026-07-21 15:34:22 | INFO     | backend.capitulation_engine | DIS STRUCTURE: msb_1d=5, fvg_1d=6, ob_1d=5, confluence=44
2026-07-21 15:34:22 | INFO     | backend.capitulation_engine | DIS VOLUME PROFILE: POC=96.3253, VAH=98.5978, VAL=95.6890, price_vs_va=in_value_area
2026-07-21 15:34:23 | INFO     | backend.fundamental_filter | Fundamentals for DIS: {'ebit': 3840000000.0, 'interest_expense': 473000000.0, 'current_assets': 24599000000.0, 'current_liabilities': 36223000000.0, 'inventory': 2080000000.0}
2026-07-21 15:34:23 | INFO     | backend.fundamental_filter | Solvency evaluation: solvent=False, ICR=8.12, CR=0.68, QR=0.62, flags=['Liquidity stress (Current Ratio=0.68)']
2026-07-21 15:34:23 | INFO     | backend.capitulation_engine | DIS FUNDAMENTAL FILTER: FAILED — ['Liquidity stress (Current Ratio=0.68)']. Marking as EVITAR.
2026-07-21 15:34:23 | INFO     | backend.capitulation_engine | ═══ Capitulation analysis started for BAC (US_EQUITIES) ═══
2026-07-21 15:34:23 | INFO     | backend.capitulation_engine | BAC — no shock detected (drop < 2%). Skipping.
2026-07-21 15:34:23 | INFO     | backend.capitulation_engine | ═══ Capitulation analysis started for XOM (US_EQUITIES) ═══
2026-07-21 15:34:23 | INFO     | backend.capitulation_engine | XOM — no shock detected (drop < 2%). Skipping.
2026-07-21 15:34:23 | INFO     | backend.capitulation_engine | ═══ Capitulation analysis started for PFE (US_EQUITIES) ═══
2026-07-21 15:34:23 | INFO     | backend.capitulation_engine | PFE — no shock detected (drop < 2%). Skipping.
2026-07-21 15:34:23 | INFO     | backend.capitulation_engine | ═══ Capitulation analysis started for KO (US_EQUITIES) ═══
2026-07-21 15:34:23 | INFO     | backend.shock_detector    | SHOCK detected: effective_return=-4.82%, low=80.8300, vol_ratio=1.63x (bar_idx=-3)
2026-07-21 15:34:23 | INFO     | backend.shock_detector    | Shock classification: benchmark_return=0.79%, is_idiosyncratic=True
2026-07-21 15:34:23 | INFO     | backend.capitulation_engine | KO SHOCK: drop=-4.82%, idiosyncratic=True, cap_low=80.8300, vol_ratio=1.63x
2026-07-21 15:34:23 | INFO     | backend.price_structure   | Running SMC analysis on daily timeframe (300 rows).
2026-07-21 15:34:23 | INFO     | backend.price_structure   | Running SMC analysis on 4H timeframe (42 rows).
2026-07-21 15:34:23 | INFO     | backend.price_structure   | Price-structure analysis complete: 50 confluence zones found.
2026-07-21 15:34:23 | INFO     | backend.capitulation_engine | KO STRUCTURE: msb_1d=5, fvg_1d=2, ob_1d=5, confluence=50
2026-07-21 15:34:23 | INFO     | backend.capitulation_engine | KO VOLUME PROFILE: POC=81.5117, VAH=83.8528, VAL=80.9978, price_vs_va=in_value_area
2026-07-21 15:34:24 | INFO     | backend.fundamental_filter | Fundamentals for KO: {'ebit': 4986000000.0, 'interest_expense': 375000000.0, 'current_assets': 30390000000.0, 'current_liabilities': 22378000000.0, 'inventory': 4730000000.0}
2026-07-21 15:34:24 | INFO     | backend.fundamental_filter | Solvency evaluation: solvent=True, ICR=13.30, CR=1.36, QR=1.15, flags=[]
2026-07-21 15:34:24 | INFO     | backend.capitulation_engine | KO FUNDAMENTAL FILTER: PASSED
2026-07-21 15:34:24 | INFO     | backend.asymmetric_trade  | Asymmetric levels: entry=82.5600, SL=80.7234, TP=88.0698, R:R=3.0 (MIN_RR)
2026-07-21 15:34:24 | INFO     | backend.asymmetric_trade  | Position sizing: capital=100000.00, risk_pct=1.00%, risk_amount=1000.00, risk_per_unit=1.8366, qty=544.4798
2026-07-21 15:34:24 | INFO     | backend.capitulation_engine | ✅ KO VERDICT: APTO_COMPRA_ASIMETRICA | Entry=82.5600, SL=80.7234, TP=88.0698, R:R=1:3.0, Confidence=70%
2026-07-21 15:34:24 | INFO     | backend.capitulation_engine | ═══ Capitulation analysis started for PEP (US_EQUITIES) ═══
2026-07-21 15:34:24 | INFO     | backend.shock_detector    | SHOCK detected: effective_return=-2.33%, low=133.9500, vol_ratio=0.84x (bar_idx=-3)
2026-07-21 15:34:24 | INFO     | backend.shock_detector    | Shock classification: benchmark_return=0.79%, is_idiosyncratic=True
2026-07-21 15:34:24 | INFO     | backend.capitulation_engine | PEP SHOCK: drop=-2.33%, idiosyncratic=True, cap_low=133.9500, vol_ratio=0.84x
2026-07-21 15:34:24 | INFO     | backend.price_structure   | Running SMC analysis on daily timeframe (300 rows).
2026-07-21 15:34:24 | INFO     | backend.price_structure   | Running SMC analysis on 4H timeframe (42 rows).
2026-07-21 15:34:24 | INFO     | backend.price_structure   | Price-structure analysis complete: 31 confluence zones found.
2026-07-21 15:34:24 | INFO     | backend.capitulation_engine | PEP STRUCTURE: msb_1d=5, fvg_1d=4, ob_1d=5, confluence=31
2026-07-21 15:34:24 | INFO     | backend.capitulation_engine | PEP VOLUME PROFILE: POC=136.5144, VAH=141.4925, VAL=134.5534, price_vs_va=in_value_area
2026-07-21 15:34:25 | INFO     | backend.fundamental_filter | Fundamentals for PEP: {'ebit': 4082000000.0, 'interest_expense': 230000000.0, 'current_assets': 32775000000.0, 'current_liabilities': 35106000000.0, 'inventory': 6734000000.0}
2026-07-21 15:34:25 | INFO     | backend.fundamental_filter | Solvency evaluation: solvent=False, ICR=17.75, CR=0.93, QR=0.74, flags=['Liquidity stress (Current Ratio=0.93)']
2026-07-21 15:34:25 | INFO     | backend.capitulation_engine | PEP FUNDAMENTAL FILTER: FAILED — ['Liquidity stress (Current Ratio=0.93)']. Marking as EVITAR.
2026-07-21 15:34:25 | INFO     | backend.capitulation_engine | ═══ Capitulation analysis started for CSCO (US_EQUITIES) ═══
2026-07-21 15:34:25 | INFO     | backend.capitulation_engine | CSCO — no shock detected (drop < 2%). Skipping.
2026-07-21 15:34:25 | INFO     | backend.capitulation_engine | ═══ Capitulation analysis started for ABT (US_EQUITIES) ═══
2026-07-21 15:34:25 | INFO     | backend.capitulation_engine | ABT — no shock detected (drop < 2%). Skipping.
2026-07-21 15:34:25 | INFO     | backend.capitulation_engine | ═══ Capitulation analysis started for CRM (US_EQUITIES) ═══
2026-07-21 15:34:25 | INFO     | backend.shock_detector    | SHOCK detected: effective_return=-3.95%, low=166.5000, vol_ratio=0.41x (bar_idx=-1)
2026-07-21 15:34:25 | INFO     | backend.shock_detector    | Shock classification: benchmark_return=0.79%, is_idiosyncratic=True
2026-07-21 15:34:25 | INFO     | backend.capitulation_engine | CRM SHOCK: drop=-3.95%, idiosyncratic=True, cap_low=166.5000, vol_ratio=0.41x
2026-07-21 15:34:25 | INFO     | backend.price_structure   | Running SMC analysis on daily timeframe (300 rows).
2026-07-21 15:34:25 | INFO     | backend.price_structure   | Running SMC analysis on 4H timeframe (42 rows).
2026-07-21 15:34:25 | INFO     | backend.price_structure   | Price-structure analysis complete: 39 confluence zones found.
2026-07-21 15:34:25 | INFO     | backend.capitulation_engine | CRM STRUCTURE: msb_1d=5, fvg_1d=8, ob_1d=5, confluence=39
2026-07-21 15:34:25 | INFO     | backend.capitulation_engine | CRM VOLUME PROFILE: POC=171.4325, VAH=174.3640, VAL=161.5720, price_vs_va=in_value_area
2026-07-21 15:34:25 | INFO     | backend.fundamental_filter | Fundamentals for CRM: {'ebit': 3038000000.0, 'interest_expense': 317000000.0, 'current_assets': 21613000000.0, 'current_liabilities': 27502000000.0, 'inventory': None}
2026-07-21 15:34:25 | INFO     | backend.fundamental_filter | Solvency evaluation: solvent=False, ICR=9.58, CR=0.79, QR=0.79, flags=['Liquidity stress (Current Ratio=0.79)']
2026-07-21 15:34:25 | INFO     | backend.capitulation_engine | CRM FUNDAMENTAL FILTER: FAILED — ['Liquidity stress (Current Ratio=0.79)']. Marking as EVITAR.
2026-07-21 15:34:25 | INFO     | backend.capitulation_engine | ═══ Capitulation analysis started for AVGO (US_EQUITIES) ═══
2026-07-21 15:34:25 | INFO     | backend.shock_detector    | SHOCK detected: effective_return=-4.45%, low=357.8000, vol_ratio=0.86x (bar_idx=-3)
2026-07-21 15:34:25 | INFO     | backend.shock_detector    | Shock classification: benchmark_return=0.79%, is_idiosyncratic=True
2026-07-21 15:34:25 | INFO     | backend.capitulation_engine | AVGO SHOCK: drop=-4.45%, idiosyncratic=True, cap_low=357.8000, vol_ratio=0.86x
2026-07-21 15:34:25 | INFO     | backend.price_structure   | Running SMC analysis on daily timeframe (300 rows).
2026-07-21 15:34:25 | INFO     | backend.price_structure   | Running SMC analysis on 4H timeframe (42 rows).
2026-07-21 15:34:25 | INFO     | backend.price_structure   | Price-structure analysis complete: 51 confluence zones found.
2026-07-21 15:34:25 | INFO     | backend.capitulation_engine | AVGO STRUCTURE: msb_1d=5, fvg_1d=7, ob_1d=5, confluence=51
2026-07-21 15:34:25 | INFO     | backend.capitulation_engine | AVGO VOLUME PROFILE: POC=372.2679, VAH=391.1712, VAL=366.6480, price_vs_va=in_value_area
2026-07-21 15:34:26 | INFO     | backend.fundamental_filter | Fundamentals for AVGO: {'ebit': 10906000000.0, 'interest_expense': 776000000.0, 'current_assets': 42213000000.0, 'current_liabilities': 18862000000.0, 'inventory': 4328000000.0}
2026-07-21 15:34:26 | INFO     | backend.fundamental_filter | Solvency evaluation: solvent=True, ICR=14.05, CR=2.24, QR=2.01, flags=[]
2026-07-21 15:34:26 | INFO     | backend.capitulation_engine | AVGO FUNDAMENTAL FILTER: PASSED
2026-07-21 15:34:26 | INFO     | backend.asymmetric_trade  | Asymmetric levels: entry=385.3100, SL=356.8255, TP=470.7636, R:R=3.0 (MIN_RR)
2026-07-21 15:34:26 | INFO     | backend.asymmetric_trade  | Position sizing: capital=100000.00, risk_pct=1.00%, risk_amount=1000.00, risk_per_unit=28.4845, qty=35.1068
2026-07-21 15:34:26 | INFO     | backend.capitulation_engine | ✅ AVGO VERDICT: APTO_COMPRA_ASIMETRICA | Entry=385.3100, SL=356.8254, TP=470.7636, R:R=1:3.0, Confidence=80%
2026-07-21 15:34:26 | INFO     | backend.capitulation_engine | ═══ Capitulation analysis started for TMO (US_EQUITIES) ═══
2026-07-21 15:34:26 | INFO     | backend.shock_detector    | SHOCK detected: effective_return=-5.93%, low=495.0400, vol_ratio=1.05x (bar_idx=-1)
2026-07-21 15:34:26 | INFO     | backend.shock_detector    | Shock classification: benchmark_return=0.79%, is_idiosyncratic=True
2026-07-21 15:34:26 | INFO     | backend.capitulation_engine | TMO SHOCK: drop=-5.93%, idiosyncratic=True, cap_low=495.0400, vol_ratio=1.05x
2026-07-21 15:34:26 | INFO     | backend.price_structure   | Running SMC analysis on daily timeframe (300 rows).
2026-07-21 15:34:26 | INFO     | backend.price_structure   | Running SMC analysis on 4H timeframe (42 rows).
2026-07-21 15:34:26 | INFO     | backend.price_structure   | Price-structure analysis complete: 42 confluence zones found.
2026-07-21 15:34:26 | INFO     | backend.capitulation_engine | TMO STRUCTURE: msb_1d=5, fvg_1d=8, ob_1d=5, confluence=42
2026-07-21 15:34:26 | INFO     | backend.capitulation_engine | TMO VOLUME PROFILE: POC=504.0781, VAH=529.2374, VAL=499.9824, price_vs_va=in_value_area
2026-07-21 15:34:27 | INFO     | backend.fundamental_filter | Fundamentals for TMO: {'ebit': 2088000000.0, 'interest_expense': 354000000.0, 'current_assets': 22316000000.0, 'current_liabilities': 14621000000.0, 'inventory': 5496000000.0}
2026-07-21 15:34:27 | INFO     | backend.fundamental_filter | Solvency evaluation: solvent=True, ICR=5.90, CR=1.53, QR=1.15, flags=[]
2026-07-21 15:34:27 | INFO     | backend.capitulation_engine | TMO FUNDAMENTAL FILTER: PASSED
2026-07-21 15:34:27 | INFO     | backend.asymmetric_trade  | No TP target achieves R:R >= 3.0 for entry=514.8900, SL=493.3807
2026-07-21 15:34:27 | INFO     | backend.capitulation_engine | TMO — no valid R:R >= 3.0 achievable. Verdict: EVITAR.
2026-07-21 15:34:27 | INFO     | backend.capitulation_engine | ═══ Capitulation analysis started for COST (US_EQUITIES) ═══
2026-07-21 15:34:27 | INFO     | backend.capitulation_engine | COST — no shock detected (drop < 2%). Skipping.
2026-07-21 15:34:27 | INFO     | backend.capitulation_engine | ═══ Capitulation analysis started for NKE (US_EQUITIES) ═══
2026-07-21 15:34:27 | INFO     | backend.shock_detector    | SHOCK detected: effective_return=-2.36%, low=42.7500, vol_ratio=0.54x (bar_idx=-3)
2026-07-21 15:34:27 | INFO     | backend.shock_detector    | Shock classification: benchmark_return=0.79%, is_idiosyncratic=True
2026-07-21 15:34:27 | INFO     | backend.capitulation_engine | NKE SHOCK: drop=-2.36%, idiosyncratic=True, cap_low=42.7500, vol_ratio=0.54x
2026-07-21 15:34:27 | INFO     | backend.price_structure   | Running SMC analysis on daily timeframe (300 rows).
2026-07-21 15:34:27 | INFO     | backend.price_structure   | Running SMC analysis on 4H timeframe (42 rows).
2026-07-21 15:34:27 | INFO     | backend.price_structure   | Price-structure analysis complete: 23 confluence zones found.
2026-07-21 15:34:27 | INFO     | backend.capitulation_engine | NKE STRUCTURE: msb_1d=5, fvg_1d=3, ob_1d=5, confluence=23
2026-07-21 15:34:27 | INFO     | backend.capitulation_engine | NKE VOLUME PROFILE: POC=41.2587, VAH=43.3231, VAL=40.4028, price_vs_va=in_value_area
2026-07-21 15:34:28 | INFO     | backend.fundamental_filter | Fundamentals for NKE: {'ebit': 1311000000.0, 'interest_expense': None, 'current_assets': 24603000000.0, 'current_liabilities': 12547000000.0, 'inventory': 7501000000.0}
2026-07-21 15:34:28 | INFO     | backend.fundamental_filter | Solvency evaluation: solvent=True, ICR=999.00, CR=1.96, QR=1.36, flags=[]
2026-07-21 15:34:28 | INFO     | backend.capitulation_engine | NKE FUNDAMENTAL FILTER: PASSED
2026-07-21 15:34:28 | INFO     | backend.asymmetric_trade  | Asymmetric levels: entry=42.9200, SL=42.6610, TP=43.6970, R:R=3.0 (MIN_RR)
2026-07-21 15:34:28 | INFO     | backend.asymmetric_trade  | Position sizing: capital=100000.00, risk_pct=1.00%, risk_amount=1000.00, risk_per_unit=0.2590, qty=3861.0312
2026-07-21 15:34:28 | INFO     | backend.capitulation_engine | ✅ NKE VERDICT: APTO_COMPRA_ASIMETRICA | Entry=42.9200, SL=42.6610, TP=43.6970, R:R=1:3.0, Confidence=80%
2026-07-21 15:34:28 | INFO     | backend.capitulation_engine | ═══ Capitulation analysis started for MRK (US_EQUITIES) ═══
2026-07-21 15:34:28 | INFO     | backend.shock_detector    | SHOCK detected: effective_return=-2.57%, low=124.0950, vol_ratio=0.68x (bar_idx=-2)
2026-07-21 15:34:28 | INFO     | backend.shock_detector    | Shock classification: benchmark_return=0.79%, is_idiosyncratic=True
2026-07-21 15:34:28 | INFO     | backend.capitulation_engine | MRK SHOCK: drop=-2.57%, idiosyncratic=True, cap_low=124.0950, vol_ratio=0.68x
2026-07-21 15:34:28 | INFO     | backend.price_structure   | Running SMC analysis on daily timeframe (300 rows).
2026-07-21 15:34:28 | INFO     | backend.price_structure   | Running SMC analysis on 4H timeframe (42 rows).
2026-07-21 15:34:28 | INFO     | backend.price_structure   | Price-structure analysis complete: 30 confluence zones found.
2026-07-21 15:34:28 | INFO     | backend.capitulation_engine | MRK STRUCTURE: msb_1d=5, fvg_1d=9, ob_1d=5, confluence=30
2026-07-21 15:34:28 | INFO     | backend.capitulation_engine | MRK VOLUME PROFILE: POC=128.0947, VAH=129.6234, VAL=124.2143, price_vs_va=in_value_area
2026-07-21 15:34:29 | INFO     | backend.fundamental_filter | Fundamentals for MRK: {'ebit': -3055000000.0, 'interest_expense': 479000000.0, 'current_assets': 35015000000.0, 'current_liabilities': 26945000000.0, 'inventory': 6479000000.0}
2026-07-21 15:34:29 | INFO     | backend.fundamental_filter | Solvency evaluation: solvent=False, ICR=-6.38, CR=1.30, QR=1.06, flags=['Low interest coverage (ICR=-6.38)']
2026-07-21 15:34:29 | INFO     | backend.capitulation_engine | MRK FUNDAMENTAL FILTER: FAILED — ['Low interest coverage (ICR=-6.38)']. Marking as EVITAR.
2026-07-21 15:34:29 | INFO     | backend.capitulation_engine | ═══ Capitulation analysis started for ACN (US_EQUITIES) ═══
2026-07-21 15:34:29 | INFO     | backend.shock_detector    | SHOCK detected: effective_return=-3.38%, low=139.7200, vol_ratio=0.77x (bar_idx=-3)
2026-07-21 15:34:29 | INFO     | backend.shock_detector    | Shock classification: benchmark_return=0.79%, is_idiosyncratic=True
2026-07-21 15:34:29 | INFO     | backend.capitulation_engine | ACN SHOCK: drop=-3.38%, idiosyncratic=True, cap_low=139.7200, vol_ratio=0.77x
2026-07-21 15:34:29 | INFO     | backend.price_structure   | Running SMC analysis on daily timeframe (300 rows).
2026-07-21 15:34:29 | INFO     | backend.price_structure   | Running SMC analysis on 4H timeframe (42 rows).
2026-07-21 15:34:29 | INFO     | backend.price_structure   | Price-structure analysis complete: 22 confluence zones found.
2026-07-21 15:34:29 | INFO     | backend.capitulation_engine | ACN STRUCTURE: msb_1d=5, fvg_1d=5, ob_1d=5, confluence=22
2026-07-21 15:34:29 | INFO     | backend.capitulation_engine | ACN VOLUME PROFILE: POC=138.4460, VAH=145.3688, VAL=128.4464, price_vs_va=in_value_area
2026-07-21 15:34:30 | INFO     | backend.fundamental_filter | Fundamentals for ACN: {'ebit': 3220473000.0, 'interest_expense': 70645000.0, 'current_assets': 28938345000.0, 'current_liabilities': 21609107000.0, 'inventory': None}
2026-07-21 15:34:30 | INFO     | backend.fundamental_filter | Solvency evaluation: solvent=True, ICR=45.59, CR=1.34, QR=1.34, flags=[]
2026-07-21 15:34:30 | INFO     | backend.capitulation_engine | ACN FUNDAMENTAL FILTER: PASSED
2026-07-21 15:34:30 | INFO     | backend.asymmetric_trade  | Asymmetric levels: entry=139.7200, SL=139.3031, TP=140.9708, R:R=3.0 (MIN_RR)
2026-07-21 15:34:30 | INFO     | backend.asymmetric_trade  | Position sizing: capital=100000.00, risk_pct=1.00%, risk_amount=1000.00, risk_per_unit=0.4169, qty=2398.4081
2026-07-21 15:34:30 | INFO     | backend.capitulation_engine | ✅ ACN VERDICT: APTO_COMPRA_ASIMETRICA | Entry=139.7200, SL=139.3031, TP=140.9708, R:R=1:3.0, Confidence=80%
2026-07-21 15:34:30 | INFO     | backend.capitulation_engine | ═══ Capitulation analysis started for LLY (US_EQUITIES) ═══
2026-07-21 15:34:30 | INFO     | backend.shock_detector    | SHOCK detected: effective_return=-2.94%, low=1139.0000, vol_ratio=0.85x (bar_idx=-2)
2026-07-21 15:34:30 | INFO     | backend.shock_detector    | Shock classification: benchmark_return=0.79%, is_idiosyncratic=True
2026-07-21 15:34:30 | INFO     | backend.capitulation_engine | LLY SHOCK: drop=-2.94%, idiosyncratic=True, cap_low=1139.0000, vol_ratio=0.85x
2026-07-21 15:34:30 | INFO     | backend.price_structure   | Running SMC analysis on daily timeframe (300 rows).
2026-07-21 15:34:30 | INFO     | backend.price_structure   | Running SMC analysis on 4H timeframe (42 rows).
2026-07-21 15:34:30 | INFO     | backend.price_structure   | Price-structure analysis complete: 25 confluence zones found.
2026-07-21 15:34:30 | INFO     | backend.capitulation_engine | LLY STRUCTURE: msb_1d=5, fvg_1d=7, ob_1d=5, confluence=25
2026-07-21 15:34:30 | INFO     | backend.capitulation_engine | LLY VOLUME PROFILE: POC=1209.3631, VAH=1237.5724, VAL=1169.2762, price_vs_va=below_val
2026-07-21 15:34:31 | INFO     | backend.fundamental_filter | Fundamentals for LLY: {'ebit': 9778000000.0, 'interest_expense': None, 'current_assets': 54835000000.0, 'current_liabilities': 36634000000.0, 'inventory': 14529000000.0}
2026-07-21 15:34:31 | INFO     | backend.fundamental_filter | Solvency evaluation: solvent=True, ICR=999.00, CR=1.50, QR=1.10, flags=[]
2026-07-21 15:34:31 | INFO     | backend.capitulation_engine | LLY FUNDAMENTAL FILTER: PASSED
2026-07-21 15:34:31 | INFO     | backend.asymmetric_trade  | Asymmetric levels: entry=1171.6001, SL=1136.5279, TP=1276.8168, R:R=3.0 (MIN_RR)
2026-07-21 15:34:31 | INFO     | backend.asymmetric_trade  | Position sizing: capital=100000.00, risk_pct=1.00%, risk_amount=1000.00, risk_per_unit=35.0722, qty=28.5126
2026-07-21 15:34:31 | INFO     | backend.capitulation_engine | ✅ LLY VERDICT: APTO_COMPRA_ASIMETRICA | Entry=1171.6001, SL=1136.5279, TP=1276.8168, R:R=1:3.0, Confidence=90%
2026-07-21 15:34:31 | INFO     | backend.capitulation_engine | ═══ Capitulation analysis started for ABBV (US_EQUITIES) ═══
2026-07-21 15:34:31 | INFO     | backend.capitulation_engine | ABBV — no shock detected (drop < 2%). Skipping.
2026-07-21 15:34:31 | INFO     | backend.capitulation_engine | ═══ Capitulation analysis started for MCD (US_EQUITIES) ═══
2026-07-21 15:34:31 | INFO     | backend.shock_detector    | SHOCK detected: effective_return=-2.29%, low=264.2100, vol_ratio=0.76x (bar_idx=-3)
2026-07-21 15:34:31 | INFO     | backend.shock_detector    | Shock classification: benchmark_return=0.79%, is_idiosyncratic=True
2026-07-21 15:34:31 | INFO     | backend.capitulation_engine | MCD SHOCK: drop=-2.29%, idiosyncratic=True, cap_low=264.2100, vol_ratio=0.76x
2026-07-21 15:34:31 | INFO     | backend.price_structure   | Running SMC analysis on daily timeframe (300 rows).
2026-07-21 15:34:31 | INFO     | backend.price_structure   | Running SMC analysis on 4H timeframe (42 rows).
2026-07-21 15:34:31 | INFO     | backend.price_structure   | Price-structure analysis complete: 67 confluence zones found.
2026-07-21 15:34:31 | INFO     | backend.capitulation_engine | MCD STRUCTURE: msb_1d=5, fvg_1d=6, ob_1d=5, confluence=67
2026-07-21 15:34:31 | INFO     | backend.capitulation_engine | MCD VOLUME PROFILE: POC=266.6211, VAH=276.5154, VAL=265.9308, price_vs_va=below_val
2026-07-21 15:34:32 | INFO     | backend.fundamental_filter | Fundamentals for MCD: {'ebit': 2942000000.0, 'interest_expense': 400000000.0, 'current_assets': 4709000000.0, 'current_liabilities': 4146000000.0, 'inventory': 61000000.0}
2026-07-21 15:34:32 | INFO     | backend.fundamental_filter | Solvency evaluation: solvent=True, ICR=7.36, CR=1.14, QR=1.12, flags=[]
2026-07-21 15:34:32 | INFO     | backend.capitulation_engine | MCD FUNDAMENTAL FILTER: PASSED
2026-07-21 15:34:32 | INFO     | backend.asymmetric_trade  | Asymmetric levels: entry=266.6211, SL=263.9223, TP=274.7175, R:R=3.0 (MIN_RR)
2026-07-21 15:34:32 | INFO     | backend.asymmetric_trade  | Position sizing: capital=100000.00, risk_pct=1.00%, risk_amount=1000.00, risk_per_unit=2.6988, qty=370.5372
2026-07-21 15:34:32 | INFO     | backend.capitulation_engine | ✅ MCD VERDICT: APTO_COMPRA_ASIMETRICA | Entry=266.6211, SL=263.9223, TP=274.7174, R:R=1:3.0, Confidence=90%
2026-07-21 15:34:32 | INFO     | backend.capitulation_engine | ═══ Capitulation analysis started for TXN (US_EQUITIES) ═══
2026-07-21 15:34:32 | INFO     | backend.shock_detector    | SHOCK detected: effective_return=-4.12%, low=279.2300, vol_ratio=0.78x (bar_idx=-3)
2026-07-21 15:34:32 | INFO     | backend.shock_detector    | Shock classification: benchmark_return=0.79%, is_idiosyncratic=True
2026-07-21 15:34:32 | INFO     | backend.capitulation_engine | TXN SHOCK: drop=-4.12%, idiosyncratic=True, cap_low=279.2300, vol_ratio=0.78x
2026-07-21 15:34:32 | INFO     | backend.price_structure   | Running SMC analysis on daily timeframe (300 rows).
2026-07-21 15:34:32 | INFO     | backend.price_structure   | Running SMC analysis on 4H timeframe (42 rows).
2026-07-21 15:34:32 | INFO     | backend.price_structure   | Price-structure analysis complete: 47 confluence zones found.
2026-07-21 15:34:32 | INFO     | backend.capitulation_engine | TXN STRUCTURE: msb_1d=5, fvg_1d=2, ob_1d=5, confluence=47
2026-07-21 15:34:32 | INFO     | backend.capitulation_engine | TXN VOLUME PROFILE: POC=299.8579, VAH=305.9794, VAL=285.5744, price_vs_va=in_value_area
2026-07-21 15:34:33 | INFO     | backend.fundamental_filter | Fundamentals for TXN: {'ebit': 1855000000.0, 'interest_expense': 141000000.0, 'current_assets': 13796000000.0, 'current_liabilities': 3096000000.0, 'inventory': 4695000000.0}
2026-07-21 15:34:33 | INFO     | backend.fundamental_filter | Solvency evaluation: solvent=True, ICR=13.16, CR=4.46, QR=2.94, flags=[]
2026-07-21 15:34:33 | INFO     | backend.capitulation_engine | TXN FUNDAMENTAL FILTER: PASSED
2026-07-21 15:34:33 | INFO     | backend.asymmetric_trade  | Asymmetric levels: entry=293.1900, SL=278.3525, TP=337.7024, R:R=3.0 (MIN_RR)
2026-07-21 15:34:33 | INFO     | backend.asymmetric_trade  | Position sizing: capital=100000.00, risk_pct=1.00%, risk_amount=1000.00, risk_per_unit=14.8375, qty=67.3969
2026-07-21 15:34:33 | INFO     | backend.capitulation_engine | ✅ TXN VERDICT: APTO_COMPRA_ASIMETRICA | Entry=293.1900, SL=278.3525, TP=337.7024, R:R=1:3.0, Confidence=80%
2026-07-21 15:34:33 | INFO     | backend.capitulation_engine | ═══ Capitulation analysis started for QCOM (US_EQUITIES) ═══
2026-07-21 15:34:33 | INFO     | backend.shock_detector    | SHOCK detected: effective_return=-3.42%, low=164.7700, vol_ratio=0.82x (bar_idx=-3)
2026-07-21 15:34:33 | INFO     | backend.shock_detector    | Shock classification: benchmark_return=0.79%, is_idiosyncratic=True
2026-07-21 15:34:33 | INFO     | backend.capitulation_engine | QCOM SHOCK: drop=-3.42%, idiosyncratic=True, cap_low=164.7700, vol_ratio=0.82x
2026-07-21 15:34:33 | INFO     | backend.price_structure   | Running SMC analysis on daily timeframe (300 rows).
2026-07-21 15:34:33 | INFO     | backend.price_structure   | Running SMC analysis on 4H timeframe (42 rows).
2026-07-21 15:34:33 | INFO     | backend.price_structure   | Price-structure analysis complete: 31 confluence zones found.
2026-07-21 15:34:33 | INFO     | backend.capitulation_engine | QCOM STRUCTURE: msb_1d=5, fvg_1d=6, ob_1d=5, confluence=31
2026-07-21 15:34:33 | INFO     | backend.capitulation_engine | QCOM VOLUME PROFILE: POC=184.9800, VAH=197.4000, VAL=171.4800, price_vs_va=in_value_area
2026-07-21 15:34:34 | INFO     | backend.fundamental_filter | Fundamentals for QCOM: {'ebit': 2403000000.0, 'interest_expense': 171000000.0, 'current_assets': 23112000000.0, 'current_liabilities': 9767000000.0, 'inventory': 7368000000.0}
2026-07-21 15:34:34 | INFO     | backend.fundamental_filter | Solvency evaluation: solvent=True, ICR=14.05, CR=2.37, QR=1.61, flags=[]
2026-07-21 15:34:34 | INFO     | backend.capitulation_engine | QCOM FUNDAMENTAL FILTER: PASSED
2026-07-21 15:34:34 | INFO     | backend.asymmetric_trade  | Asymmetric levels: entry=177.4500, SL=164.2224, TP=217.1327, R:R=3.0 (MIN_RR)
2026-07-21 15:34:34 | INFO     | backend.asymmetric_trade  | Position sizing: capital=100000.00, risk_pct=1.00%, risk_amount=1000.00, risk_per_unit=13.2276, qty=75.5997
2026-07-21 15:34:34 | INFO     | backend.capitulation_engine | ✅ QCOM VERDICT: APTO_COMPRA_ASIMETRICA | Entry=177.4500, SL=164.2224, TP=217.1327, R:R=1:3.0, Confidence=80%
2026-07-21 15:34:34 | INFO     | backend.capitulation_engine | ═══ Capitulation analysis started for DHR (US_EQUITIES) ═══
2026-07-21 15:34:34 | INFO     | backend.shock_detector    | SHOCK detected: effective_return=-17.48%, low=165.9500, vol_ratio=4.47x (bar_idx=-1)
2026-07-21 15:34:34 | INFO     | backend.shock_detector    | Shock classification: benchmark_return=0.79%, is_idiosyncratic=True
2026-07-21 15:34:34 | INFO     | backend.capitulation_engine | DHR SHOCK: drop=-17.48%, idiosyncratic=True, cap_low=165.9500, vol_ratio=4.47x
2026-07-21 15:34:34 | INFO     | backend.price_structure   | Running SMC analysis on daily timeframe (300 rows).
2026-07-21 15:34:34 | INFO     | backend.price_structure   | Running SMC analysis on 4H timeframe (42 rows).
2026-07-21 15:34:34 | INFO     | backend.price_structure   | Price-structure analysis complete: 66 confluence zones found.
2026-07-21 15:34:34 | INFO     | backend.capitulation_engine | DHR STRUCTURE: msb_1d=5, fvg_1d=8, ob_1d=5, confluence=66
2026-07-21 15:34:34 | INFO     | backend.capitulation_engine | DHR VOLUME PROFILE: POC=193.9262, VAH=204.9516, VAL=189.4343, price_vs_va=below_val
2026-07-21 15:34:35 | INFO     | backend.fundamental_filter | Fundamentals for DHR: {'ebit': 1298000000.0, 'interest_expense': 63000000.0, 'current_assets': 13935000000.0, 'current_liabilities': 7460000000.0, 'inventory': 2608000000.0}
2026-07-21 15:34:35 | INFO     | backend.fundamental_filter | Solvency evaluation: solvent=True, ICR=20.60, CR=1.87, QR=1.52, flags=[]
2026-07-21 15:34:35 | INFO     | backend.capitulation_engine | DHR FUNDAMENTAL FILTER: PASSED
2026-07-21 15:34:35 | INFO     | backend.asymmetric_trade  | Asymmetric levels: entry=174.1986, SL=164.8492, TP=202.2468, R:R=3.0 (MIN_RR)
2026-07-21 15:34:35 | INFO     | backend.asymmetric_trade  | Position sizing: capital=100000.00, risk_pct=1.00%, risk_amount=1000.00, risk_per_unit=9.3494, qty=106.9587
2026-07-21 15:34:35 | INFO     | backend.capitulation_engine | ✅ DHR VERDICT: APTO_COMPRA_ASIMETRICA | Entry=174.1986, SL=164.8492, TP=202.2468, R:R=1:3.0, Confidence=100%
2026-07-21 15:34:35 | INFO     | backend.capitulation_engine | ═══ Capitulation analysis started for NEE (US_EQUITIES) ═══
2026-07-21 15:34:35 | INFO     | backend.capitulation_engine | NEE — no shock detected (drop < 2%). Skipping.
2026-07-21 15:34:35 | INFO     | backend.capitulation_engine | ═══ Capitulation analysis started for ORCL (US_EQUITIES) ═══
2026-07-21 15:34:35 | INFO     | backend.shock_detector    | SHOCK detected: effective_return=-5.05%, low=120.0300, vol_ratio=0.92x (bar_idx=-2)
2026-07-21 15:34:35 | INFO     | backend.shock_detector    | Shock classification: benchmark_return=0.79%, is_idiosyncratic=True
2026-07-21 15:34:35 | INFO     | backend.capitulation_engine | ORCL SHOCK: drop=-5.05%, idiosyncratic=True, cap_low=120.0300, vol_ratio=0.92x
2026-07-21 15:34:35 | INFO     | backend.price_structure   | Running SMC analysis on daily timeframe (300 rows).
2026-07-21 15:34:35 | INFO     | backend.price_structure   | Running SMC analysis on 4H timeframe (42 rows).
2026-07-21 15:34:35 | INFO     | backend.price_structure   | Price-structure analysis complete: 48 confluence zones found.
2026-07-21 15:34:35 | INFO     | backend.capitulation_engine | ORCL STRUCTURE: msb_1d=5, fvg_1d=11, ob_1d=5, confluence=48
2026-07-21 15:34:35 | INFO     | backend.capitulation_engine | ORCL VOLUME PROFILE: POC=144.6130, VAH=153.8820, VAL=129.7020, price_vs_va=below_val
2026-07-21 15:34:36 | INFO     | backend.fundamental_filter | Fundamentals for ORCL: {'ebit': 6808000000.0, 'interest_expense': 1439000000.0, 'current_assets': 46567000000.0, 'current_liabilities': 41764000000.0, 'inventory': None}
2026-07-21 15:34:36 | INFO     | backend.fundamental_filter | Solvency evaluation: solvent=True, ICR=4.73, CR=1.12, QR=1.12, flags=[]
2026-07-21 15:34:36 | INFO     | backend.capitulation_engine | ORCL FUNDAMENTAL FILTER: PASSED
2026-07-21 15:34:36 | INFO     | backend.asymmetric_trade  | Asymmetric levels: entry=125.1901, SL=119.5469, TP=142.1198, R:R=3.0 (MIN_RR)
2026-07-21 15:34:36 | INFO     | backend.asymmetric_trade  | Position sizing: capital=100000.00, risk_pct=1.00%, risk_amount=1000.00, risk_per_unit=5.6432, qty=177.2035
2026-07-21 15:34:36 | INFO     | backend.capitulation_engine | ✅ ORCL VERDICT: APTO_COMPRA_ASIMETRICA | Entry=125.1901, SL=119.5469, TP=142.1198, R:R=1:3.0, Confidence=80%
2026-07-21 15:34:36 | INFO     | backend.capitulation_engine | ═══ Capitulation analysis started for ADBE (US_EQUITIES) ═══
2026-07-21 15:34:36 | INFO     | backend.shock_detector    | SHOCK detected: effective_return=-5.30%, low=222.3000, vol_ratio=0.55x (bar_idx=-1)
2026-07-21 15:34:36 | INFO     | backend.shock_detector    | Shock classification: benchmark_return=0.79%, is_idiosyncratic=True
2026-07-21 15:34:36 | INFO     | backend.capitulation_engine | ADBE SHOCK: drop=-5.30%, idiosyncratic=True, cap_low=222.3000, vol_ratio=0.55x
2026-07-21 15:34:36 | INFO     | backend.price_structure   | Running SMC analysis on daily timeframe (300 rows).
2026-07-21 15:34:36 | INFO     | backend.price_structure   | Running SMC analysis on 4H timeframe (42 rows).
2026-07-21 15:34:36 | INFO     | backend.price_structure   | Price-structure analysis complete: 49 confluence zones found.
2026-07-21 15:34:36 | INFO     | backend.capitulation_engine | ADBE STRUCTURE: msb_1d=5, fvg_1d=12, ob_1d=5, confluence=49
2026-07-21 15:34:36 | INFO     | backend.capitulation_engine | ADBE VOLUME PROFILE: POC=220.3265, VAH=240.1500, VAL=208.2390, price_vs_va=in_value_area
2026-07-21 15:34:37 | INFO     | backend.fundamental_filter | Fundamentals for ADBE: {'ebit': 2303000000.0, 'interest_expense': 65000000.0, 'current_assets': 9068000000.0, 'current_liabilities': 12078000000.0, 'inventory': None}
2026-07-21 15:34:37 | INFO     | backend.fundamental_filter | Solvency evaluation: solvent=False, ICR=35.43, CR=0.75, QR=0.75, flags=['Liquidity stress (Current Ratio=0.75)']
2026-07-21 15:34:37 | INFO     | backend.capitulation_engine | ADBE FUNDAMENTAL FILTER: FAILED — ['Liquidity stress (Current Ratio=0.75)']. Marking as EVITAR.
2026-07-21 15:34:37 | INFO     | backend.capitulation_engine | ═══ Capitulation analysis started for AMD (US_EQUITIES) ═══
2026-07-21 15:34:37 | INFO     | backend.shock_detector    | SHOCK detected: effective_return=-8.13%, low=460.2100, vol_ratio=1.10x (bar_idx=-3)
2026-07-21 15:34:37 | INFO     | backend.shock_detector    | Shock classification: benchmark_return=0.79%, is_idiosyncratic=True
2026-07-21 15:34:37 | INFO     | backend.capitulation_engine | AMD SHOCK: drop=-8.13%, idiosyncratic=True, cap_low=460.2100, vol_ratio=1.10x
2026-07-21 15:34:37 | INFO     | backend.price_structure   | Running SMC analysis on daily timeframe (300 rows).
2026-07-21 15:34:37 | INFO     | backend.price_structure   | Running SMC analysis on 4H timeframe (42 rows).
2026-07-21 15:34:37 | INFO     | backend.price_structure   | Price-structure analysis complete: 45 confluence zones found.
2026-07-21 15:34:37 | INFO     | backend.capitulation_engine | AMD STRUCTURE: msb_1d=5, fvg_1d=7, ob_1d=5, confluence=45
2026-07-21 15:34:37 | INFO     | backend.capitulation_engine | AMD VOLUME PROFILE: POC=511.2632, VAH=554.8452, VAL=505.0372, price_vs_va=in_value_area
2026-07-21 15:34:37 | INFO     | backend.fundamental_filter | Fundamentals for AMD: {'ebit': 1641000000.0, 'interest_expense': 37000000.0, 'current_assets': 28628000000.0, 'current_liabilities': 10506000000.0, 'inventory': 8045000000.0}
2026-07-21 15:34:37 | INFO     | backend.fundamental_filter | Solvency evaluation: solvent=True, ICR=44.35, CR=2.72, QR=1.96, flags=[]
2026-07-21 15:34:37 | INFO     | backend.capitulation_engine | AMD FUNDAMENTAL FILTER: PASSED
2026-07-21 15:34:37 | INFO     | backend.asymmetric_trade  | No TP target achieves R:R >= 3.0 for entry=536.5800, SL=457.5794
2026-07-21 15:34:37 | INFO     | backend.capitulation_engine | AMD — no valid R:R >= 3.0 achievable. Verdict: EVITAR.
2026-07-21 15:34:37 | INFO     | backend.capitulation_engine | ═══ Capitulation analysis started for INTC (US_EQUITIES) ═══
2026-07-21 15:34:37 | INFO     | backend.shock_detector    | SHOCK detected: effective_return=-7.62%, low=89.5900, vol_ratio=1.09x (bar_idx=-3)
2026-07-21 15:34:37 | INFO     | backend.shock_detector    | Shock classification: benchmark_return=0.79%, is_idiosyncratic=True
2026-07-21 15:34:37 | INFO     | backend.capitulation_engine | INTC SHOCK: drop=-7.62%, idiosyncratic=True, cap_low=89.5900, vol_ratio=1.09x
2026-07-21 15:34:37 | INFO     | backend.price_structure   | Running SMC analysis on daily timeframe (300 rows).
2026-07-21 15:34:37 | INFO     | backend.price_structure   | Running SMC analysis on 4H timeframe (42 rows).
2026-07-21 15:34:37 | INFO     | backend.price_structure   | Price-structure analysis complete: 47 confluence zones found.
2026-07-21 15:34:37 | INFO     | backend.capitulation_engine | INTC STRUCTURE: msb_1d=5, fvg_1d=10, ob_1d=5, confluence=47
2026-07-21 15:34:37 | INFO     | backend.capitulation_engine | INTC VOLUME PROFILE: POC=129.1525, VAH=142.3400, VAL=104.3600, price_vs_va=in_value_area
2026-07-21 15:34:38 | INFO     | backend.fundamental_filter | Fundamentals for INTC: {'ebit': -3682000000.0, 'interest_expense': 264000000.0, 'current_assets': 62157000000.0, 'current_liabilities': 26885000000.0, 'inventory': 12426000000.0}
2026-07-21 15:34:38 | INFO     | backend.fundamental_filter | Solvency evaluation: solvent=False, ICR=-13.95, CR=2.31, QR=1.85, flags=['Low interest coverage (ICR=-13.95)']
2026-07-21 15:34:38 | INFO     | backend.capitulation_engine | INTC FUNDAMENTAL FILTER: FAILED — ['Low interest coverage (ICR=-13.95)']. Marking as EVITAR.
2026-07-21 15:34:38 | INFO     | backend.capitulation_engine | ═══ Capitulation analysis started for AMGN (US_EQUITIES) ═══
2026-07-21 15:34:38 | INFO     | backend.shock_detector    | SHOCK detected: effective_return=-2.65%, low=361.7200, vol_ratio=1.09x (bar_idx=-3)
2026-07-21 15:34:38 | INFO     | backend.shock_detector    | Shock classification: benchmark_return=0.79%, is_idiosyncratic=True
2026-07-21 15:34:38 | INFO     | backend.capitulation_engine | AMGN SHOCK: drop=-2.65%, idiosyncratic=True, cap_low=361.7200, vol_ratio=1.09x
2026-07-21 15:34:38 | INFO     | backend.price_structure   | Running SMC analysis on daily timeframe (300 rows).
2026-07-21 15:34:38 | INFO     | backend.price_structure   | Running SMC analysis on 4H timeframe (42 rows).
2026-07-21 15:34:38 | INFO     | backend.price_structure   | Price-structure analysis complete: 20 confluence zones found.
2026-07-21 15:34:38 | INFO     | backend.capitulation_engine | AMGN STRUCTURE: msb_1d=5, fvg_1d=10, ob_1d=5, confluence=20
2026-07-21 15:34:38 | INFO     | backend.capitulation_engine | AMGN VOLUME PROFILE: POC=364.0152, VAH=367.7176, VAL=355.1864, price_vs_va=in_value_area
2026-07-21 15:34:39 | INFO     | backend.fundamental_filter | Fundamentals for AMGN: {'ebit': 2741000000.0, 'interest_expense': 657000000.0, 'current_assets': 31475000000.0, 'current_liabilities': 24955000000.0, 'inventory': 6186000000.0}
2026-07-21 15:34:39 | INFO     | backend.fundamental_filter | Solvency evaluation: solvent=True, ICR=4.17, CR=1.26, QR=1.01, flags=[]
2026-07-21 15:34:39 | INFO     | backend.capitulation_engine | AMGN FUNDAMENTAL FILTER: PASSED
2026-07-21 15:34:39 | INFO     | backend.asymmetric_trade  | Asymmetric levels: entry=361.7200, SL=361.1339, TP=363.4784, R:R=3.0 (MIN_RR)
2026-07-21 15:34:39 | INFO     | backend.asymmetric_trade  | Position sizing: capital=100000.00, risk_pct=1.00%, risk_amount=1000.00, risk_per_unit=0.5861, qty=1706.0793
2026-07-21 15:34:39 | INFO     | backend.capitulation_engine | ✅ AMGN VERDICT: APTO_COMPRA_ASIMETRICA | Entry=361.7200, SL=361.1339, TP=363.4784, R:R=1:3.0, Confidence=80%
2026-07-21 15:34:39 | INFO     | backend.capitulation_engine | ═══ Capitulation analysis started for PM (US_EQUITIES) ═══
2026-07-21 15:34:39 | INFO     | backend.shock_detector    | SHOCK detected: effective_return=-2.01%, low=188.8400, vol_ratio=0.34x (bar_idx=-1)
2026-07-21 15:34:39 | INFO     | backend.shock_detector    | Shock classification: benchmark_return=0.79%, is_idiosyncratic=True
2026-07-21 15:34:39 | INFO     | backend.capitulation_engine | PM SHOCK: drop=-2.01%, idiosyncratic=True, cap_low=188.8400, vol_ratio=0.34x
2026-07-21 15:34:39 | INFO     | backend.price_structure   | Running SMC analysis on daily timeframe (300 rows).
2026-07-21 15:34:39 | INFO     | backend.price_structure   | Running SMC analysis on 4H timeframe (42 rows).
2026-07-21 15:34:39 | INFO     | backend.price_structure   | Price-structure analysis complete: 104 confluence zones found.
2026-07-21 15:34:39 | INFO     | backend.capitulation_engine | PM STRUCTURE: msb_1d=5, fvg_1d=7, ob_1d=5, confluence=104
2026-07-21 15:34:39 | INFO     | backend.capitulation_engine | PM VOLUME PROFILE: POC=180.9278, VAH=186.0956, VAL=176.5256, price_vs_va=above_vah
2026-07-21 15:34:40 | INFO     | backend.fundamental_filter | Fundamentals for PM: {'ebit': 3898000000.0, 'interest_expense': 237000000.0, 'current_assets': 25602000000.0, 'current_liabilities': 26222000000.0, 'inventory': 11392000000.0}
2026-07-21 15:34:40 | INFO     | backend.fundamental_filter | Solvency evaluation: solvent=False, ICR=16.45, CR=0.98, QR=0.54, flags=['Liquidity stress (Current Ratio=0.98)']
2026-07-21 15:34:40 | INFO     | backend.capitulation_engine | PM FUNDAMENTAL FILTER: FAILED — ['Liquidity stress (Current Ratio=0.98)']. Marking as EVITAR.
2026-07-21 15:34:40 | INFO     | backend.capitulation_engine | ═══ Capitulation analysis started for HON (US_EQUITIES) ═══
2026-07-21 15:34:40 | INFO     | backend.capitulation_engine | HON — no shock detected (drop < 2%). Skipping.
2026-07-21 15:34:40 | INFO     | backend.capitulation_engine | ═══ Capitulation analysis started for UPS (US_EQUITIES) ═══
2026-07-21 15:34:40 | INFO     | backend.shock_detector    | SHOCK detected: effective_return=-4.30%, low=112.6600, vol_ratio=1.57x (bar_idx=-2)
2026-07-21 15:34:40 | INFO     | backend.shock_detector    | Shock classification: benchmark_return=0.79%, is_idiosyncratic=True
2026-07-21 15:34:40 | INFO     | backend.capitulation_engine | UPS SHOCK: drop=-4.30%, idiosyncratic=True, cap_low=112.6600, vol_ratio=1.57x
2026-07-21 15:34:40 | INFO     | backend.price_structure   | Running SMC analysis on daily timeframe (300 rows).
2026-07-21 15:34:40 | INFO     | backend.price_structure   | Running SMC analysis on 4H timeframe (42 rows).
2026-07-21 15:34:40 | INFO     | backend.price_structure   | Price-structure analysis complete: 15 confluence zones found.
2026-07-21 15:34:40 | INFO     | backend.capitulation_engine | UPS STRUCTURE: msb_1d=5, fvg_1d=7, ob_1d=5, confluence=15
2026-07-21 15:34:40 | INFO     | backend.capitulation_engine | UPS VOLUME PROFILE: POC=113.3140, VAH=114.2800, VAL=107.6561, price_vs_va=above_vah
2026-07-21 15:34:41 | INFO     | backend.fundamental_filter | Fundamentals for UPS: {'ebit': 1390000000.0, 'interest_expense': 266000000.0, 'current_assets': 17794000000.0, 'current_liabilities': 14674000000.0, 'inventory': None}
2026-07-21 15:34:41 | INFO     | backend.fundamental_filter | Solvency evaluation: solvent=True, ICR=5.23, CR=1.21, QR=1.21, flags=[]
2026-07-21 15:34:41 | INFO     | backend.capitulation_engine | UPS FUNDAMENTAL FILTER: PASSED
2026-07-21 15:34:41 | INFO     | backend.asymmetric_trade  | Asymmetric levels: entry=115.6900, SL=112.4022, TP=125.5535, R:R=3.0 (MIN_RR)
2026-07-21 15:34:41 | INFO     | backend.asymmetric_trade  | Position sizing: capital=100000.00, risk_pct=1.00%, risk_amount=1000.00, risk_per_unit=3.2878, qty=304.1509
2026-07-21 15:34:41 | INFO     | backend.capitulation_engine | ✅ UPS VERDICT: APTO_COMPRA_ASIMETRICA | Entry=115.6900, SL=112.4022, TP=125.5535, R:R=1:3.0, Confidence=80%
2026-07-21 15:34:41 | INFO     | backend.capitulation_engine | ═══ Capitulation analysis started for IBM (US_EQUITIES) ═══
2026-07-21 15:34:41 | INFO     | backend.shock_detector    | SHOCK detected: effective_return=-4.03%, low=208.8200, vol_ratio=1.00x (bar_idx=-3)
2026-07-21 15:34:41 | INFO     | backend.shock_detector    | Shock classification: benchmark_return=0.79%, is_idiosyncratic=True
2026-07-21 15:34:41 | INFO     | backend.capitulation_engine | IBM SHOCK: drop=-4.03%, idiosyncratic=True, cap_low=208.8200, vol_ratio=1.00x
2026-07-21 15:34:41 | INFO     | backend.price_structure   | Running SMC analysis on daily timeframe (300 rows).
2026-07-21 15:34:41 | INFO     | backend.price_structure   | Running SMC analysis on 4H timeframe (42 rows).
2026-07-21 15:34:41 | INFO     | backend.price_structure   | Price-structure analysis complete: 65 confluence zones found.
2026-07-21 15:34:41 | INFO     | backend.capitulation_engine | IBM STRUCTURE: msb_1d=5, fvg_1d=12, ob_1d=5, confluence=65
2026-07-21 15:34:41 | INFO     | backend.capitulation_engine | IBM VOLUME PROFILE: POC=218.3968, VAH=230.2064, VAL=204.4400, price_vs_va=in_value_area
2026-07-21 15:34:41 | INFO     | backend.fundamental_filter | Fundamentals for IBM: {'ebit': 1860000000.0, 'interest_expense': 473000000.0, 'current_assets': 31914000000.0, 'current_liabilities': 40101000000.0, 'inventory': 1476000000.0}
2026-07-21 15:34:41 | INFO     | backend.fundamental_filter | Solvency evaluation: solvent=False, ICR=3.93, CR=0.80, QR=0.76, flags=['Liquidity stress (Current Ratio=0.8)']
2026-07-21 15:34:41 | INFO     | backend.capitulation_engine | IBM FUNDAMENTAL FILTER: FAILED — ['Liquidity stress (Current Ratio=0.8)']. Marking as EVITAR.
2026-07-21 15:34:41 | INFO     | backend.capitulation_engine | ═══ Capitulation analysis started for GE (US_EQUITIES) ═══
2026-07-21 15:34:41 | INFO     | backend.shock_detector    | SHOCK detected: effective_return=-2.56%, low=339.8900, vol_ratio=0.77x (bar_idx=-2)
2026-07-21 15:34:41 | INFO     | backend.shock_detector    | Shock classification: benchmark_return=0.79%, is_idiosyncratic=True
2026-07-21 15:34:41 | INFO     | backend.capitulation_engine | GE SHOCK: drop=-2.56%, idiosyncratic=True, cap_low=339.8900, vol_ratio=0.77x
2026-07-21 15:34:41 | INFO     | backend.price_structure   | Running SMC analysis on daily timeframe (300 rows).
2026-07-21 15:34:41 | INFO     | backend.price_structure   | Running SMC analysis on 4H timeframe (42 rows).
2026-07-21 15:34:41 | INFO     | backend.price_structure   | Price-structure analysis complete: 20 confluence zones found.
2026-07-21 15:34:41 | INFO     | backend.capitulation_engine | GE STRUCTURE: msb_1d=5, fvg_1d=7, ob_1d=5, confluence=20
2026-07-21 15:34:41 | INFO     | backend.capitulation_engine | GE VOLUME PROFILE: POC=355.5704, VAH=369.9668, VAL=336.5300, price_vs_va=in_value_area
2026-07-21 15:34:42 | INFO     | backend.fundamental_filter | Fundamentals for GE: {'ebit': 3016000000.0, 'interest_expense': 215000000.0, 'current_assets': 39696000000.0, 'current_liabilities': 40428000000.0, 'inventory': 12440000000.0}
2026-07-21 15:34:42 | INFO     | backend.fundamental_filter | Solvency evaluation: solvent=False, ICR=14.03, CR=0.98, QR=0.67, flags=['Liquidity stress (Current Ratio=0.98)']
2026-07-21 15:34:42 | INFO     | backend.capitulation_engine | GE FUNDAMENTAL FILTER: FAILED — ['Liquidity stress (Current Ratio=0.98)']. Marking as EVITAR.
2026-07-21 15:34:42 | INFO     | backend.capitulation_engine | ═══ Capitulation analysis started for CAT (US_EQUITIES) ═══
2026-07-21 15:34:42 | INFO     | backend.shock_detector    | SHOCK detected: effective_return=-4.43%, low=836.7777, vol_ratio=0.87x (bar_idx=-3)
2026-07-21 15:34:42 | INFO     | backend.shock_detector    | Shock classification: benchmark_return=0.79%, is_idiosyncratic=True
2026-07-21 15:34:42 | INFO     | backend.capitulation_engine | CAT SHOCK: drop=-4.43%, idiosyncratic=True, cap_low=836.7777, vol_ratio=0.87x
2026-07-21 15:34:42 | INFO     | backend.price_structure   | Running SMC analysis on daily timeframe (300 rows).
2026-07-21 15:34:42 | INFO     | backend.price_structure   | Running SMC analysis on 4H timeframe (42 rows).
2026-07-21 15:34:42 | INFO     | backend.price_structure   | Price-structure analysis complete: 33 confluence zones found.
2026-07-21 15:34:42 | INFO     | backend.capitulation_engine | CAT STRUCTURE: msb_1d=5, fvg_1d=4, ob_1d=5, confluence=33
2026-07-21 15:34:42 | INFO     | backend.capitulation_engine | CAT VOLUME PROFILE: POC=934.7333, VAH=1049.9470, VAL=904.1664, price_vs_va=below_val
2026-07-21 15:34:43 | INFO     | backend.fundamental_filter | Fundamentals for CAT: {'ebit': 3345000000.0, 'interest_expense': 134000000.0, 'current_assets': 48568000000.0, 'current_liabilities': 35902000000.0, 'inventory': 19626000000.0}
2026-07-21 15:34:43 | INFO     | backend.fundamental_filter | Solvency evaluation: solvent=True, ICR=24.96, CR=1.35, QR=0.81, flags=[]
2026-07-21 15:34:43 | INFO     | backend.capitulation_engine | CAT FUNDAMENTAL FILTER: PASSED
2026-07-21 15:34:43 | INFO     | backend.asymmetric_trade  | No TP target achieves R:R >= 3.0 for entry=889.5000, SL=834.7386
2026-07-21 15:34:43 | INFO     | backend.capitulation_engine | CAT — no valid R:R >= 3.0 achievable. Verdict: EVITAR.
2026-07-21 15:34:43 | INFO     | backend.capitulation_engine | ═══ Capitulation analysis started for BA (US_EQUITIES) ═══
2026-07-21 15:34:43 | INFO     | backend.shock_detector    | SHOCK detected: effective_return=-2.66%, low=203.9000, vol_ratio=0.90x (bar_idx=-1)
2026-07-21 15:34:43 | INFO     | backend.shock_detector    | Shock classification: benchmark_return=0.79%, is_idiosyncratic=True
2026-07-21 15:34:43 | INFO     | backend.capitulation_engine | BA SHOCK: drop=-2.66%, idiosyncratic=True, cap_low=203.9000, vol_ratio=0.90x
2026-07-21 15:34:43 | INFO     | backend.price_structure   | Running SMC analysis on daily timeframe (300 rows).
2026-07-21 15:34:43 | INFO     | backend.price_structure   | Running SMC analysis on 4H timeframe (42 rows).
2026-07-21 15:34:43 | INFO     | backend.price_structure   | Price-structure analysis complete: 45 confluence zones found.
2026-07-21 15:34:43 | INFO     | backend.capitulation_engine | BA STRUCTURE: msb_1d=5, fvg_1d=5, ob_1d=5, confluence=45
2026-07-21 15:34:43 | INFO     | backend.capitulation_engine | BA VOLUME PROFILE: POC=215.6530, VAH=226.0628, VAL=213.9740, price_vs_va=below_val
2026-07-21 15:34:44 | INFO     | backend.fundamental_filter | Fundamentals for BA: {'ebit': 642000000.0, 'interest_expense': 616000000.0, 'current_assets': 124141000000.0, 'current_liabilities': 105547000000.0, 'inventory': 87225000000.0}
2026-07-21 15:34:44 | INFO     | backend.fundamental_filter | Solvency evaluation: solvent=False, ICR=1.04, CR=1.18, QR=0.35, flags=['Low interest coverage (ICR=1.04)']
2026-07-21 15:34:44 | INFO     | backend.capitulation_engine | BA FUNDAMENTAL FILTER: FAILED — ['Low interest coverage (ICR=1.04)']. Marking as EVITAR.
2026-07-21 15:34:44 | INFO     | backend.capitulation_engine | ═══ Capitulation analysis started for NFLX (US_EQUITIES) ═══
2026-07-21 15:34:44 | INFO     | backend.shock_detector    | SHOCK detected: effective_return=-12.47%, low=65.0800, vol_ratio=2.82x (bar_idx=-3)
2026-07-21 15:34:44 | INFO     | backend.shock_detector    | Shock classification: benchmark_return=0.79%, is_idiosyncratic=True
2026-07-21 15:34:44 | INFO     | backend.capitulation_engine | NFLX SHOCK: drop=-12.47%, idiosyncratic=True, cap_low=65.0800, vol_ratio=2.82x
2026-07-21 15:34:44 | INFO     | backend.price_structure   | Running SMC analysis on daily timeframe (300 rows).
2026-07-21 15:34:44 | INFO     | backend.price_structure   | Running SMC analysis on 4H timeframe (42 rows).
2026-07-21 15:34:44 | INFO     | backend.price_structure   | Price-structure analysis complete: 41 confluence zones found.
2026-07-21 15:34:44 | INFO     | backend.capitulation_engine | NFLX STRUCTURE: msb_1d=5, fvg_1d=7, ob_1d=5, confluence=41
2026-07-21 15:34:44 | INFO     | backend.capitulation_engine | NFLX VOLUME PROFILE: POC=73.8660, VAH=78.1692, VAL=71.3884, price_vs_va=below_val
2026-07-21 15:34:44 | INFO     | backend.fundamental_filter | Fundamentals for NFLX: {'ebit': 4244271000.0, 'interest_expense': 175685000.0, 'current_assets': 13853303000.0, 'current_liabilities': 12134898000.0, 'inventory': None}
2026-07-21 15:34:44 | INFO     | backend.fundamental_filter | Solvency evaluation: solvent=True, ICR=24.16, CR=1.14, QR=1.14, flags=[]
2026-07-21 15:34:44 | INFO     | backend.capitulation_engine | NFLX FUNDAMENTAL FILTER: PASSED
2026-07-21 15:34:44 | INFO     | backend.asymmetric_trade  | Asymmetric levels: entry=73.8660, SL=64.8976, TP=100.7711, R:R=3.0 (MIN_RR)
2026-07-21 15:34:44 | INFO     | backend.asymmetric_trade  | Position sizing: capital=100000.00, risk_pct=1.00%, risk_amount=1000.00, risk_per_unit=8.9684, qty=111.5030
2026-07-21 15:34:44 | INFO     | backend.capitulation_engine | ✅ NFLX VERDICT: APTO_COMPRA_ASIMETRICA | Entry=73.8660, SL=64.8976, TP=100.7711, R:R=1:3.0, Confidence=90%
2026-07-21 15:34:44 | INFO     | backend.capitulation_engine | ═══ Capitulation analysis started for MU (US_EQUITIES) ═══
2026-07-21 15:34:44 | INFO     | backend.shock_detector    | SHOCK detected: effective_return=-5.77%, low=804.0000, vol_ratio=1.21x (bar_idx=-3)
2026-07-21 15:34:44 | INFO     | backend.shock_detector    | Shock classification: benchmark_return=0.79%, is_idiosyncratic=True
2026-07-21 15:34:44 | INFO     | backend.capitulation_engine | MU SHOCK: drop=-5.77%, idiosyncratic=True, cap_low=804.0000, vol_ratio=1.21x
2026-07-21 15:34:44 | INFO     | backend.price_structure   | Running SMC analysis on daily timeframe (300 rows).
2026-07-21 15:34:44 | INFO     | backend.price_structure   | Running SMC analysis on 4H timeframe (42 rows).
2026-07-21 15:34:44 | INFO     | backend.price_structure   | Price-structure analysis complete: 41 confluence zones found.
2026-07-21 15:34:44 | INFO     | backend.capitulation_engine | MU STRUCTURE: msb_1d=5, fvg_1d=11, ob_1d=5, confluence=41
2026-07-21 15:34:44 | INFO     | backend.capitulation_engine | MU VOLUME PROFILE: POC=934.7900, VAH=1065.5800, VAL=840.0800, price_vs_va=in_value_area
2026-07-21 15:34:45 | INFO     | backend.fundamental_filter | Fundamentals for MU: {'ebit': 33212000000.0, 'interest_expense': 0.0, 'current_assets': 66737000000.0, 'current_liabilities': 19488000000.0, 'inventory': 8567000000.0}
2026-07-21 15:34:45 | INFO     | backend.fundamental_filter | Solvency evaluation: solvent=True, ICR=999.00, CR=3.42, QR=2.98, flags=[]
2026-07-21 15:34:45 | INFO     | backend.capitulation_engine | MU FUNDAMENTAL FILTER: PASSED
2026-07-21 15:34:45 | INFO     | backend.asymmetric_trade  | Asymmetric levels: entry=968.7500, SL=798.2568, TP=1480.2296, R:R=3.0 (MIN_RR)
2026-07-21 15:34:45 | INFO     | backend.asymmetric_trade  | Position sizing: capital=100000.00, risk_pct=1.00%, risk_amount=1000.00, risk_per_unit=170.4932, qty=5.8653
2026-07-21 15:34:45 | INFO     | backend.capitulation_engine | ✅ MU VERDICT: APTO_COMPRA_ASIMETRICA | Entry=968.7500, SL=798.2568, TP=1480.2296, R:R=1:3.0, Confidence=80%
2026-07-21 15:34:45 | INFO     | backend.capitulation_engine | ═══ Capitulation analysis started for PYPL (US_EQUITIES) ═══
2026-07-21 15:34:45 | INFO     | backend.shock_detector    | SHOCK detected: effective_return=-3.03%, low=55.1000, vol_ratio=0.37x (bar_idx=-1)
2026-07-21 15:34:45 | INFO     | backend.shock_detector    | Shock classification: benchmark_return=0.79%, is_idiosyncratic=True
2026-07-21 15:34:45 | INFO     | backend.capitulation_engine | PYPL SHOCK: drop=-3.03%, idiosyncratic=True, cap_low=55.1000, vol_ratio=0.37x
2026-07-21 15:34:45 | INFO     | backend.price_structure   | Running SMC analysis on daily timeframe (300 rows).
2026-07-21 15:34:45 | INFO     | backend.price_structure   | Running SMC analysis on 4H timeframe (42 rows).
2026-07-21 15:34:45 | INFO     | backend.price_structure   | Price-structure analysis complete: 33 confluence zones found.
2026-07-21 15:34:45 | INFO     | backend.capitulation_engine | PYPL STRUCTURE: msb_1d=5, fvg_1d=4, ob_1d=5, confluence=33
2026-07-21 15:34:45 | INFO     | backend.capitulation_engine | PYPL VOLUME PROFILE: POC=44.2198, VAH=48.7032, VAL=42.2100, price_vs_va=above_vah
2026-07-21 15:34:46 | INFO     | backend.fundamental_filter | Fundamentals for PYPL: {'ebit': 1504000000.0, 'interest_expense': 111000000.0, 'current_assets': 59995000000.0, 'current_liabilities': 47637000000.0, 'inventory': None}
2026-07-21 15:34:46 | INFO     | backend.fundamental_filter | Solvency evaluation: solvent=True, ICR=13.55, CR=1.26, QR=1.26, flags=[]
2026-07-21 15:34:46 | INFO     | backend.capitulation_engine | PYPL FUNDAMENTAL FILTER: PASSED
2026-07-21 15:34:46 | INFO     | backend.asymmetric_trade  | Asymmetric levels: entry=55.2800, SL=54.9556, TP=56.2531, R:R=3.0 (MIN_RR)
2026-07-21 15:34:46 | INFO     | backend.asymmetric_trade  | Position sizing: capital=100000.00, risk_pct=1.00%, risk_amount=1000.00, risk_per_unit=0.3244, qty=3082.9298
2026-07-21 15:34:46 | INFO     | backend.capitulation_engine | ✅ PYPL VERDICT: APTO_COMPRA_ASIMETRICA | Entry=55.2800, SL=54.9556, TP=56.2531, R:R=1:3.0, Confidence=80%
2026-07-21 15:34:46 | INFO     | backend.capitulation_engine | ═══ Capitulation analysis started for BABA (US_EQUITIES) ═══
2026-07-21 15:34:46 | INFO     | backend.shock_detector    | SHOCK detected: effective_return=-3.02%, low=113.9400, vol_ratio=0.75x (bar_idx=-3)
2026-07-21 15:34:46 | INFO     | backend.shock_detector    | Shock classification: benchmark_return=0.79%, is_idiosyncratic=True
2026-07-21 15:34:46 | INFO     | backend.capitulation_engine | BABA SHOCK: drop=-3.02%, idiosyncratic=True, cap_low=113.9400, vol_ratio=0.75x
2026-07-21 15:34:46 | INFO     | backend.price_structure   | Running SMC analysis on daily timeframe (300 rows).
2026-07-21 15:34:46 | INFO     | backend.price_structure   | Running SMC analysis on 4H timeframe (42 rows).
2026-07-21 15:34:46 | INFO     | backend.price_structure   | Price-structure analysis complete: 49 confluence zones found.
2026-07-21 15:34:46 | INFO     | backend.capitulation_engine | BABA STRUCTURE: msb_1d=5, fvg_1d=17, ob_1d=5, confluence=49
2026-07-21 15:34:46 | INFO     | backend.capitulation_engine | BABA VOLUME PROFILE: POC=94.6778, VAH=102.1441, VAL=91.9900, price_vs_va=above_vah
2026-07-21 15:34:47 | INFO     | backend.fundamental_filter | Fundamentals for BABA: {'ebit': 33598000000.0, 'interest_expense': 2241000000.0, 'current_assets': 610769000000.0, 'current_liabilities': 476398000000.0, 'inventory': 18909000000.0}
2026-07-21 15:34:47 | INFO     | backend.fundamental_filter | Solvency evaluation: solvent=True, ICR=14.99, CR=1.28, QR=1.24, flags=[]
2026-07-21 15:34:47 | INFO     | backend.capitulation_engine | BABA FUNDAMENTAL FILTER: PASSED
2026-07-21 15:34:47 | INFO     | backend.asymmetric_trade  | Asymmetric levels: entry=117.8650, SL=113.6436, TP=130.5560, R:R=3.0 (FVG_TARGET)
2026-07-21 15:34:47 | INFO     | backend.asymmetric_trade  | Position sizing: capital=100000.00, risk_pct=1.00%, risk_amount=1000.00, risk_per_unit=4.2214, qty=236.8869
2026-07-21 15:34:47 | INFO     | backend.capitulation_engine | ✅ BABA VERDICT: APTO_COMPRA_ASIMETRICA | Entry=117.8650, SL=113.6436, TP=130.5560, R:R=1:3.0, Confidence=80%
2026-07-21 15:34:47 | INFO     | backend.capitulation_engine | ═══ Capitulation analysis started for COIN (US_EQUITIES) ═══
2026-07-21 15:34:47 | INFO     | backend.shock_detector    | SHOCK detected: effective_return=-4.93%, low=152.5800, vol_ratio=0.84x (bar_idx=-3)
2026-07-21 15:34:47 | INFO     | backend.shock_detector    | Shock classification: benchmark_return=0.79%, is_idiosyncratic=True
2026-07-21 15:34:47 | INFO     | backend.capitulation_engine | COIN SHOCK: drop=-4.93%, idiosyncratic=True, cap_low=152.5800, vol_ratio=0.84x
2026-07-21 15:34:47 | INFO     | backend.price_structure   | Running SMC analysis on daily timeframe (300 rows).
2026-07-21 15:34:47 | INFO     | backend.price_structure   | Running SMC analysis on 4H timeframe (42 rows).
2026-07-21 15:34:47 | INFO     | backend.price_structure   | Price-structure analysis complete: 77 confluence zones found.
2026-07-21 15:34:47 | INFO     | backend.capitulation_engine | COIN STRUCTURE: msb_1d=5, fvg_1d=6, ob_1d=5, confluence=77
2026-07-21 15:34:47 | INFO     | backend.capitulation_engine | COIN VOLUME PROFILE: POC=159.9119, VAH=173.0280, VAL=150.1806, price_vs_va=above_vah
2026-07-21 15:34:48 | INFO     | backend.fundamental_filter | Fundamentals for COIN: {'ebit': -442136000.0, 'interest_expense': 22569000.0, 'current_assets': 19679810000.0, 'current_liabilities': 9190890000.0, 'inventory': None}
2026-07-21 15:34:48 | INFO     | backend.fundamental_filter | Solvency evaluation: solvent=False, ICR=-19.59, CR=2.14, QR=2.14, flags=['Low interest coverage (ICR=-19.59)']
2026-07-21 15:34:48 | INFO     | backend.capitulation_engine | COIN FUNDAMENTAL FILTER: FAILED — ['Low interest coverage (ICR=-19.59)']. Marking as EVITAR.
2026-07-21 15:34:48 | INFO     | backend.capitulation_engine | ═══ Capitulation analysis started for MSTR (US_EQUITIES) ═══
2026-07-21 15:34:48 | INFO     | backend.shock_detector    | SHOCK detected: effective_return=-4.22%, low=90.0600, vol_ratio=0.49x (bar_idx=-3)
2026-07-21 15:34:48 | INFO     | backend.shock_detector    | Shock classification: benchmark_return=0.79%, is_idiosyncratic=True
2026-07-21 15:34:48 | INFO     | backend.capitulation_engine | MSTR SHOCK: drop=-4.22%, idiosyncratic=True, cap_low=90.0600, vol_ratio=0.49x
2026-07-21 15:34:48 | INFO     | backend.price_structure   | Running SMC analysis on daily timeframe (300 rows).
2026-07-21 15:34:48 | INFO     | backend.price_structure   | Running SMC analysis on 4H timeframe (42 rows).
2026-07-21 15:34:48 | INFO     | backend.price_structure   | Price-structure analysis complete: 77 confluence zones found.
2026-07-21 15:34:48 | INFO     | backend.capitulation_engine | MSTR STRUCTURE: msb_1d=5, fvg_1d=12, ob_1d=5, confluence=77
2026-07-21 15:34:48 | INFO     | backend.capitulation_engine | MSTR VOLUME PROFILE: POC=93.9840, VAH=103.8611, VAL=87.7822, price_vs_va=in_value_area
2026-07-21 15:34:48 | INFO     | backend.fundamental_filter | Fundamentals for MSTR: {'ebit': -14940000.0, 'interest_expense': None, 'current_assets': 2391224000.0, 'current_liabilities': 395057000.0, 'inventory': None}
2026-07-21 15:34:48 | INFO     | backend.fundamental_filter | Solvency evaluation: solvent=True, ICR=999.00, CR=6.05, QR=6.05, flags=[]
2026-07-21 15:34:48 | INFO     | backend.capitulation_engine | MSTR FUNDAMENTAL FILTER: PASSED
2026-07-21 15:34:48 | INFO     | backend.asymmetric_trade  | Asymmetric levels: entry=100.3500, SL=89.5763, TP=138.1800, R:R=3.5 (FVG_TARGET)
2026-07-21 15:34:48 | INFO     | backend.asymmetric_trade  | Position sizing: capital=100000.00, risk_pct=1.00%, risk_amount=1000.00, risk_per_unit=10.7737, qty=92.8186
2026-07-21 15:34:48 | INFO     | backend.capitulation_engine | ✅ MSTR VERDICT: APTO_COMPRA_ASIMETRICA | Entry=100.3500, SL=89.5763, TP=138.1800, R:R=1:3.5, Confidence=80%
2026-07-21 15:34:48 | INFO     | backend.capitulation_engine | ═══ Capitulation analysis started for GS (US_EQUITIES) ═══
2026-07-21 15:34:48 | INFO     | backend.shock_detector    | SHOCK detected: effective_return=-4.41%, low=1047.1500, vol_ratio=0.96x (bar_idx=-3)
2026-07-21 15:34:48 | INFO     | backend.shock_detector    | Shock classification: benchmark_return=0.79%, is_idiosyncratic=True
2026-07-21 15:34:48 | INFO     | backend.capitulation_engine | GS SHOCK: drop=-4.41%, idiosyncratic=True, cap_low=1047.1500, vol_ratio=0.96x
2026-07-21 15:34:48 | INFO     | backend.price_structure   | Running SMC analysis on daily timeframe (300 rows).
2026-07-21 15:34:48 | INFO     | backend.price_structure   | Running SMC analysis on 4H timeframe (42 rows).
2026-07-21 15:34:48 | INFO     | backend.price_structure   | Price-structure analysis complete: 46 confluence zones found.
2026-07-21 15:34:48 | INFO     | backend.capitulation_engine | GS STRUCTURE: msb_1d=5, fvg_1d=11, ob_1d=5, confluence=46
2026-07-21 15:34:49 | INFO     | backend.capitulation_engine | GS VOLUME PROFILE: POC=1022.6287, VAH=1090.5742, VAL=1009.0396, price_vs_va=in_value_area
2026-07-21 15:34:49 | INFO     | backend.fundamental_filter | Fundamentals for GS: {'ebit': None, 'interest_expense': None, 'current_assets': None, 'current_liabilities': None, 'inventory': None}
2026-07-21 15:34:49 | INFO     | backend.fundamental_filter | Solvency evaluation: solvent=False, ICR=999.00, CR=0.00, QR=0.00, flags=['Unable to compute current ratio (missing data)', 'Liquidity stress (Current Ratio=0.0)']
2026-07-21 15:34:49 | INFO     | backend.capitulation_engine | GS FUNDAMENTAL FILTER: FAILED — ['Unable to compute current ratio (missing data)', 'Liquidity stress (Current Ratio=0.0)']. Marking as EVITAR.
2026-07-21 15:34:49 | INFO     | backend.capitulation_engine | ═══ Capitulation analysis started for MRVL (US_EQUITIES) ═══
2026-07-21 15:34:49 | INFO     | backend.shock_detector    | SHOCK detected: effective_return=-5.50%, low=177.9500, vol_ratio=0.67x (bar_idx=-3)
2026-07-21 15:34:49 | INFO     | backend.shock_detector    | Shock classification: benchmark_return=0.79%, is_idiosyncratic=True
2026-07-21 15:34:49 | INFO     | backend.capitulation_engine | MRVL SHOCK: drop=-5.50%, idiosyncratic=True, cap_low=177.9500, vol_ratio=0.67x
2026-07-21 15:34:49 | INFO     | backend.price_structure   | Running SMC analysis on daily timeframe (300 rows).
2026-07-21 15:34:49 | INFO     | backend.price_structure   | Running SMC analysis on 4H timeframe (42 rows).
2026-07-21 15:34:49 | INFO     | backend.price_structure   | Price-structure analysis complete: 40 confluence zones found.
2026-07-21 15:34:49 | INFO     | backend.capitulation_engine | MRVL STRUCTURE: msb_1d=5, fvg_1d=9, ob_1d=5, confluence=40
2026-07-21 15:34:49 | INFO     | backend.capitulation_engine | MRVL VOLUME PROFILE: POC=276.8105, VAH=295.1180, VAL=214.5650, price_vs_va=below_val
2026-07-21 15:34:50 | INFO     | backend.fundamental_filter | Fundamentals for MRVL: {'ebit': 339400000.0, 'interest_expense': 256100000.0, 'current_assets': 7464000000.0, 'current_liabilities': 2276800000.0, 'inventory': 1400900000.0}
2026-07-21 15:34:50 | INFO     | backend.fundamental_filter | Solvency evaluation: solvent=False, ICR=1.33, CR=3.28, QR=2.66, flags=['Low interest coverage (ICR=1.33)']
2026-07-21 15:34:50 | INFO     | backend.capitulation_engine | MRVL FUNDAMENTAL FILTER: FAILED — ['Low interest coverage (ICR=1.33)']. Marking as EVITAR.
2026-07-21 15:34:50 | INFO     | backend.capitulation_engine | ═══ Capitulation analysis started for SMCI (US_EQUITIES) ═══
2026-07-21 15:34:50 | INFO     | backend.shock_detector    | SHOCK detected: effective_return=-5.27%, low=23.3800, vol_ratio=0.66x (bar_idx=-3)
2026-07-21 15:34:50 | INFO     | backend.shock_detector    | Shock classification: benchmark_return=0.79%, is_idiosyncratic=True
2026-07-21 15:34:50 | INFO     | backend.capitulation_engine | SMCI SHOCK: drop=-5.27%, idiosyncratic=True, cap_low=23.3800, vol_ratio=0.66x
2026-07-21 15:34:50 | INFO     | backend.price_structure   | Running SMC analysis on daily timeframe (300 rows).
2026-07-21 15:34:50 | INFO     | backend.price_structure   | Running SMC analysis on 4H timeframe (42 rows).
2026-07-21 15:34:50 | INFO     | backend.price_structure   | Price-structure analysis complete: 25 confluence zones found.
2026-07-21 15:34:50 | INFO     | backend.capitulation_engine | SMCI STRUCTURE: msb_1d=5, fvg_1d=12, ob_1d=5, confluence=25
2026-07-21 15:34:50 | INFO     | backend.capitulation_engine | SMCI VOLUME PROFILE: POC=28.2210, VAH=29.9720, VAL=25.0280, price_vs_va=in_value_area
2026-07-21 15:34:51 | INFO     | backend.fundamental_filter | Fundamentals for SMCI: {'ebit': 675452000.0, 'interest_expense': 64483000.0, 'current_assets': 21568286000.0, 'current_liabilities': 8122635000.0, 'inventory': 11103376000.0}
2026-07-21 15:34:51 | INFO     | backend.fundamental_filter | Solvency evaluation: solvent=True, ICR=10.47, CR=2.66, QR=1.29, flags=[]
2026-07-21 15:34:51 | INFO     | backend.capitulation_engine | SMCI FUNDAMENTAL FILTER: PASSED
2026-07-21 15:34:51 | INFO     | backend.asymmetric_trade  | Asymmetric levels: entry=25.1700, SL=23.2828, TP=30.8315, R:R=3.0 (MIN_RR)
2026-07-21 15:34:51 | INFO     | backend.asymmetric_trade  | Position sizing: capital=100000.00, risk_pct=1.00%, risk_amount=1000.00, risk_per_unit=1.8872, qty=529.8917
2026-07-21 15:34:51 | INFO     | backend.capitulation_engine | ✅ SMCI VERDICT: APTO_COMPRA_ASIMETRICA | Entry=25.1700, SL=23.2828, TP=30.8315, R:R=1:3.0, Confidence=80%
2026-07-21 15:34:51 | INFO     | backend.capitulation_engine | ═══ Capitulation analysis started for GLD (US_EQUITIES) ═══
2026-07-21 15:34:51 | INFO     | backend.capitulation_engine | GLD — no shock detected (drop < 2%). Skipping.
2026-07-21 15:34:51 | INFO     | backend.capitulation_engine | ═══ Capitulation analysis started for SLV (US_EQUITIES) ═══
2026-07-21 15:34:51 | INFO     | backend.capitulation_engine | SLV — no shock detected (drop < 2%). Skipping.
2026-07-21 15:34:51 | INFO     | backend.capitulation_engine | ═══ Capitulation analysis started for USO (US_EQUITIES) ═══
2026-07-21 15:34:51 | INFO     | backend.capitulation_engine | USO — no shock detected (drop < 2%). Skipping.
2026-07-21 15:34:51 | INFO     | backend.capitulation_engine | ═══ Capitulation analysis started for HUT (US_EQUITIES) ═══
2026-07-21 15:34:51 | INFO     | backend.shock_detector    | SHOCK detected: effective_return=-9.37%, low=83.3000, vol_ratio=1.07x (bar_idx=-3)
2026-07-21 15:34:51 | INFO     | backend.shock_detector    | Shock classification: benchmark_return=0.79%, is_idiosyncratic=True
2026-07-21 15:34:51 | INFO     | backend.capitulation_engine | HUT SHOCK: drop=-9.37%, idiosyncratic=True, cap_low=83.3000, vol_ratio=1.07x
2026-07-21 15:34:51 | INFO     | backend.price_structure   | Running SMC analysis on daily timeframe (300 rows).
2026-07-21 15:34:51 | INFO     | backend.price_structure   | Running SMC analysis on 4H timeframe (42 rows).
2026-07-21 15:34:51 | INFO     | backend.price_structure   | Price-structure analysis complete: 54 confluence zones found.
2026-07-21 15:34:51 | INFO     | backend.capitulation_engine | HUT STRUCTURE: msb_1d=5, fvg_1d=2, ob_1d=5, confluence=54
2026-07-21 15:34:51 | INFO     | backend.capitulation_engine | HUT VOLUME PROFILE: POC=101.8582, VAH=110.9214, VAL=91.9317, price_vs_va=in_value_area
2026-07-21 15:34:52 | INFO     | backend.fundamental_filter | Fundamentals for HUT: {'ebit': -292834000.0, 'interest_expense': 9243000.0, 'current_assets': 216574000.0, 'current_liabilities': 252427000.0, 'inventory': None}
2026-07-21 15:34:52 | INFO     | backend.fundamental_filter | Solvency evaluation: solvent=False, ICR=-31.68, CR=0.86, QR=0.86, flags=['Low interest coverage (ICR=-31.68)', 'Liquidity stress (Current Ratio=0.86)']
2026-07-21 15:34:52 | INFO     | backend.capitulation_engine | HUT FUNDAMENTAL FILTER: FAILED — ['Low interest coverage (ICR=-31.68)', 'Liquidity stress (Current Ratio=0.86)']. Marking as EVITAR.
2026-07-21 15:34:52 | INFO     | backend.capitulation_engine | ═══ Capitulation analysis started for KEEL (US_EQUITIES) ═══
2026-07-21 15:34:52 | INFO     | backend.shock_detector    | SHOCK detected: effective_return=-7.50%, low=3.6400, vol_ratio=0.51x (bar_idx=-3)
2026-07-21 15:34:52 | INFO     | backend.shock_detector    | Shock classification: benchmark_return=0.79%, is_idiosyncratic=True
2026-07-21 15:34:52 | INFO     | backend.capitulation_engine | KEEL SHOCK: drop=-7.50%, idiosyncratic=True, cap_low=3.6400, vol_ratio=0.51x
2026-07-21 15:34:52 | INFO     | backend.price_structure   | Running SMC analysis on daily timeframe (300 rows).
2026-07-21 15:34:52 | INFO     | backend.price_structure   | Running SMC analysis on 4H timeframe (42 rows).
2026-07-21 15:34:52 | INFO     | backend.price_structure   | Price-structure analysis complete: 45 confluence zones found.
2026-07-21 15:34:52 | INFO     | backend.capitulation_engine | KEEL STRUCTURE: msb_1d=5, fvg_1d=4, ob_1d=5, confluence=45
2026-07-21 15:34:52 | INFO     | backend.capitulation_engine | KEEL VOLUME PROFILE: POC=4.6096, VAH=5.6344, VAL=3.8063, price_vs_va=in_value_area
2026-07-21 15:34:52 | INFO     | backend.fundamental_filter | Fundamentals for KEEL: {'ebit': -123977000.0, 'interest_expense': 3600000.0, 'current_assets': 575646000.0, 'current_liabilities': 59944000.0, 'inventory': 10410000.0}
2026-07-21 15:34:52 | INFO     | backend.fundamental_filter | Solvency evaluation: solvent=False, ICR=-34.44, CR=9.60, QR=9.43, flags=['Low interest coverage (ICR=-34.44)']
2026-07-21 15:34:52 | INFO     | backend.capitulation_engine | KEEL FUNDAMENTAL FILTER: FAILED — ['Low interest coverage (ICR=-34.44)']. Marking as EVITAR.
2026-07-21 15:34:52 | INFO     | backend.capitulation_engine | ═══ Capitulation analysis started for RIOT (US_EQUITIES) ═══
2026-07-21 15:34:52 | INFO     | backend.shock_detector    | SHOCK detected: effective_return=-7.33%, low=17.4400, vol_ratio=1.02x (bar_idx=-3)
2026-07-21 15:34:52 | INFO     | backend.shock_detector    | Shock classification: benchmark_return=0.79%, is_idiosyncratic=True
2026-07-21 15:34:52 | INFO     | backend.capitulation_engine | RIOT SHOCK: drop=-7.33%, idiosyncratic=True, cap_low=17.4400, vol_ratio=1.02x
2026-07-21 15:34:52 | INFO     | backend.price_structure   | Running SMC analysis on daily timeframe (300 rows).
2026-07-21 15:34:52 | INFO     | backend.price_structure   | Running SMC analysis on 4H timeframe (42 rows).
2026-07-21 15:34:52 | INFO     | backend.price_structure   | Price-structure analysis complete: 58 confluence zones found.
2026-07-21 15:34:52 | INFO     | backend.capitulation_engine | RIOT STRUCTURE: msb_1d=5, fvg_1d=11, ob_1d=5, confluence=58
2026-07-21 15:34:53 | INFO     | backend.capitulation_engine | RIOT VOLUME PROFILE: POC=20.1218, VAH=25.1356, VAL=18.1396, price_vs_va=in_value_area
2026-07-21 15:34:53 | INFO     | backend.fundamental_filter | Fundamentals for RIOT: {'ebit': -497568000.0, 'interest_expense': 2618000.0, 'current_assets': 462665000.0, 'current_liabilities': 429319000.0, 'inventory': None}
2026-07-21 15:34:53 | INFO     | backend.fundamental_filter | Solvency evaluation: solvent=False, ICR=-190.06, CR=1.08, QR=1.08, flags=['Low interest coverage (ICR=-190.06)']
2026-07-21 15:34:53 | INFO     | backend.capitulation_engine | RIOT FUNDAMENTAL FILTER: FAILED — ['Low interest coverage (ICR=-190.06)']. Marking as EVITAR.
2026-07-21 15:34:53 | INFO     | backend.capitulation_engine | ═══ Capitulation analysis started for MARA (US_EQUITIES) ═══
2026-07-21 15:34:53 | INFO     | backend.shock_detector    | SHOCK detected: effective_return=-7.71%, low=10.5400, vol_ratio=0.95x (bar_idx=-3)
2026-07-21 15:34:53 | INFO     | backend.shock_detector    | Shock classification: benchmark_return=0.79%, is_idiosyncratic=True
2026-07-21 15:34:53 | INFO     | backend.capitulation_engine | MARA SHOCK: drop=-7.71%, idiosyncratic=True, cap_low=10.5400, vol_ratio=0.95x
2026-07-21 15:34:53 | INFO     | backend.price_structure   | Running SMC analysis on daily timeframe (300 rows).
2026-07-21 15:34:53 | INFO     | backend.price_structure   | Running SMC analysis on 4H timeframe (42 rows).
2026-07-21 15:34:53 | INFO     | backend.price_structure   | Price-structure analysis complete: 39 confluence zones found.
2026-07-21 15:34:53 | INFO     | backend.capitulation_engine | MARA STRUCTURE: msb_1d=5, fvg_1d=3, ob_1d=5, confluence=39
2026-07-21 15:34:53 | INFO     | backend.capitulation_engine | MARA VOLUME PROFILE: POC=12.0094, VAH=13.6554, VAL=11.4310, price_vs_va=in_value_area
2026-07-21 15:34:54 | INFO     | backend.fundamental_filter | Fundamentals for MARA: {'ebit': -1282609000.0, 'interest_expense': 10720000.0, 'current_assets': 611108000.0, 'current_liabilities': 331466000.0, 'inventory': None}
2026-07-21 15:34:54 | INFO     | backend.fundamental_filter | Solvency evaluation: solvent=False, ICR=-119.65, CR=1.84, QR=1.84, flags=['Low interest coverage (ICR=-119.65)']
2026-07-21 15:34:54 | INFO     | backend.capitulation_engine | MARA FUNDAMENTAL FILTER: FAILED — ['Low interest coverage (ICR=-119.65)']. Marking as EVITAR.
2026-07-21 15:34:54 | INFO     | backend.capitulation_engine | ═══ Capitulation analysis started for CLSK (US_EQUITIES) ═══
2026-07-21 15:34:54 | INFO     | backend.shock_detector    | SHOCK detected: effective_return=-5.81%, low=12.1500, vol_ratio=0.98x (bar_idx=-3)
2026-07-21 15:34:54 | INFO     | backend.shock_detector    | Shock classification: benchmark_return=0.79%, is_idiosyncratic=True
2026-07-21 15:34:54 | INFO     | backend.capitulation_engine | CLSK SHOCK: drop=-5.81%, idiosyncratic=True, cap_low=12.1500, vol_ratio=0.98x
2026-07-21 15:34:54 | INFO     | backend.price_structure   | Running SMC analysis on daily timeframe (300 rows).
2026-07-21 15:34:54 | INFO     | backend.price_structure   | Running SMC analysis on 4H timeframe (42 rows).
2026-07-21 15:34:54 | INFO     | backend.price_structure   | Price-structure analysis complete: 54 confluence zones found.
2026-07-21 15:34:54 | INFO     | backend.capitulation_engine | CLSK STRUCTURE: msb_1d=5, fvg_1d=1, ob_1d=5, confluence=54
2026-07-21 15:34:54 | INFO     | backend.capitulation_engine | CLSK VOLUME PROFILE: POC=13.5322, VAH=14.8122, VAL=12.3546, price_vs_va=above_vah
2026-07-21 15:34:55 | INFO     | backend.fundamental_filter | Fundamentals for CLSK: {'ebit': -386180000.0, 'interest_expense': 2054000.0, 'current_assets': 1099037000.0, 'current_liabilities': 133068000.0, 'inventory': None}
2026-07-21 15:34:55 | INFO     | backend.fundamental_filter | Solvency evaluation: solvent=False, ICR=-188.01, CR=8.26, QR=8.26, flags=['Low interest coverage (ICR=-188.01)']
2026-07-21 15:34:55 | INFO     | backend.capitulation_engine | CLSK FUNDAMENTAL FILTER: FAILED — ['Low interest coverage (ICR=-188.01)']. Marking as EVITAR.
2026-07-21 15:34:55 | INFO     | backend.capitulation_engine | ═══ Capitulation analysis started for IREN (US_EQUITIES) ═══
2026-07-21 15:34:55 | INFO     | backend.shock_detector    | SHOCK detected: effective_return=-7.49%, low=32.2200, vol_ratio=1.21x (bar_idx=-3)
2026-07-21 15:34:55 | INFO     | backend.shock_detector    | Shock classification: benchmark_return=0.79%, is_idiosyncratic=True
2026-07-21 15:34:55 | INFO     | backend.capitulation_engine | IREN SHOCK: drop=-7.49%, idiosyncratic=True, cap_low=32.2200, vol_ratio=1.21x
2026-07-21 15:34:55 | INFO     | backend.price_structure   | Running SMC analysis on daily timeframe (300 rows).
2026-07-21 15:34:55 | INFO     | backend.price_structure   | Running SMC analysis on 4H timeframe (42 rows).
2026-07-21 15:34:55 | INFO     | backend.price_structure   | Price-structure analysis complete: 34 confluence zones found.
2026-07-21 15:34:55 | INFO     | backend.capitulation_engine | IREN STRUCTURE: msb_1d=5, fvg_1d=10, ob_1d=5, confluence=34
2026-07-21 15:34:55 | INFO     | backend.capitulation_engine | IREN VOLUME PROFILE: POC=38.5037, VAH=45.5982, VAL=37.8956, price_vs_va=in_value_area
2026-07-21 15:34:56 | INFO     | backend.fundamental_filter | Fundamentals for IREN: {'ebit': -239249000.0, 'interest_expense': 14837000.0, 'current_assets': 2424486000.0, 'current_liabilities': 651356000.0, 'inventory': None}
2026-07-21 15:34:56 | INFO     | backend.fundamental_filter | Solvency evaluation: solvent=False, ICR=-16.13, CR=3.72, QR=3.72, flags=['Low interest coverage (ICR=-16.13)']
2026-07-21 15:34:56 | INFO     | backend.capitulation_engine | IREN FUNDAMENTAL FILTER: FAILED — ['Low interest coverage (ICR=-16.13)']. Marking as EVITAR.
2026-07-21 15:34:56 | INFO     | backend.capitulation_engine | ═══ Capitulation analysis started for CIFR (US_EQUITIES) ═══
2026-07-21 15:34:56 | INFO     | backend.shock_detector    | SHOCK detected: effective_return=-8.97%, low=16.1300, vol_ratio=0.95x (bar_idx=-3)
2026-07-21 15:34:56 | INFO     | backend.shock_detector    | Shock classification: benchmark_return=0.79%, is_idiosyncratic=True
2026-07-21 15:34:56 | INFO     | backend.capitulation_engine | CIFR SHOCK: drop=-8.97%, idiosyncratic=True, cap_low=16.1300, vol_ratio=0.95x
2026-07-21 15:34:56 | INFO     | backend.price_structure   | Running SMC analysis on daily timeframe (300 rows).
2026-07-21 15:34:56 | INFO     | backend.price_structure   | Running SMC analysis on 4H timeframe (42 rows).
2026-07-21 15:34:56 | INFO     | backend.price_structure   | Price-structure analysis complete: 55 confluence zones found.
2026-07-21 15:34:56 | INFO     | backend.capitulation_engine | CIFR STRUCTURE: msb_1d=5, fvg_1d=7, ob_1d=5, confluence=55
2026-07-21 15:34:56 | INFO     | backend.capitulation_engine | CIFR VOLUME PROFILE: POC=20.0636, VAH=24.4740, VAL=19.4676, price_vs_va=in_value_area
2026-07-21 15:34:57 | INFO     | backend.fundamental_filter | Fundamentals for CIFR: {'ebit': -54751000.0, 'interest_expense': 59158000.0, 'current_assets': 3893994000.0, 'current_liabilities': 1245699000.0, 'inventory': 76150000.0}
2026-07-21 15:34:57 | INFO     | backend.fundamental_filter | Solvency evaluation: solvent=False, ICR=-0.93, CR=3.13, QR=3.06, flags=['Low interest coverage (ICR=-0.93)']
2026-07-21 15:34:57 | INFO     | backend.capitulation_engine | CIFR FUNDAMENTAL FILTER: FAILED — ['Low interest coverage (ICR=-0.93)']. Marking as EVITAR.
2026-07-21 15:34:57 | INFO     | backend.capitulation_engine | ═══ Capitulation analysis started for WULF (US_EQUITIES) ═══
2026-07-21 15:34:57 | INFO     | backend.shock_detector    | SHOCK detected: effective_return=-7.95%, low=16.5500, vol_ratio=1.00x (bar_idx=-3)
2026-07-21 15:34:57 | INFO     | backend.shock_detector    | Shock classification: benchmark_return=0.79%, is_idiosyncratic=True
2026-07-21 15:34:57 | INFO     | backend.capitulation_engine | WULF SHOCK: drop=-7.95%, idiosyncratic=True, cap_low=16.5500, vol_ratio=1.00x
2026-07-21 15:34:57 | INFO     | backend.price_structure   | Running SMC analysis on daily timeframe (300 rows).
2026-07-21 15:34:57 | INFO     | backend.price_structure   | Running SMC analysis on 4H timeframe (42 rows).
2026-07-21 15:34:57 | INFO     | backend.price_structure   | Price-structure analysis complete: 47 confluence zones found.
2026-07-21 15:34:57 | INFO     | backend.capitulation_engine | WULF STRUCTURE: msb_1d=5, fvg_1d=7, ob_1d=5, confluence=47
2026-07-21 15:34:57 | INFO     | backend.capitulation_engine | WULF VOLUME PROFILE: POC=19.4163, VAH=24.3548, VAL=18.6123, price_vs_va=in_value_area
2026-07-21 15:34:57 | INFO     | backend.fundamental_filter | Fundamentals for WULF: {'ebit': -349056000.0, 'interest_expense': 67071000.0, 'current_assets': 2867428000.0, 'current_liabilities': 2384870000.0, 'inventory': None}
2026-07-21 15:34:57 | INFO     | backend.fundamental_filter | Solvency evaluation: solvent=False, ICR=-5.20, CR=1.20, QR=1.20, flags=['Low interest coverage (ICR=-5.2)']
2026-07-21 15:34:57 | INFO     | backend.capitulation_engine | WULF FUNDAMENTAL FILTER: FAILED — ['Low interest coverage (ICR=-5.2)']. Marking as EVITAR.
2026-07-21 15:34:57 | INFO     | backend.capitulation_engine | ═══ Capitulation analysis started for BTCUSDT (CRYPTO) ═══
2026-07-21 15:34:57 | INFO     | backend.shock_detector    | SHOCK detected: effective_return=-2.51%, low=63100.0000, vol_ratio=1.31x (bar_idx=-2)
2026-07-21 15:34:57 | INFO     | backend.shock_detector    | Shock classification: benchmark_return=1.38%, is_idiosyncratic=True
2026-07-21 15:34:57 | INFO     | backend.capitulation_engine | BTCUSDT SHOCK: drop=-2.51%, idiosyncratic=True, cap_low=63100.0000, vol_ratio=1.31x
2026-07-21 15:34:57 | INFO     | backend.price_structure   | Running SMC analysis on daily timeframe (300 rows).
2026-07-21 15:34:57 | INFO     | backend.price_structure   | Running SMC analysis on 4H timeframe (31 rows).
2026-07-21 15:34:57 | INFO     | backend.price_structure   | Price-structure analysis complete: 57 confluence zones found.
2026-07-21 15:34:57 | INFO     | backend.capitulation_engine | BTCUSDT STRUCTURE: msb_1d=5, fvg_1d=6, ob_1d=5, confluence=57
2026-07-21 15:34:57 | INFO     | backend.capitulation_engine | BTCUSDT VOLUME PROFILE: POC=63995.6947, VAH=65188.7140, VAL=62714.3036, price_vs_va=above_vah
2026-07-21 15:34:57 | INFO     | backend.fundamental_filter | Correlation filter: corr=1.000, asset_ret=0.0141, bench_ret=0.0138, idiosyncratic=False
2026-07-21 15:34:57 | INFO     | backend.capitulation_engine | BTCUSDT FUNDAMENTAL FILTER: PASSED
2026-07-21 15:34:57 | INFO     | backend.asymmetric_trade  | Asymmetric levels: entry=66129.1900, SL=63017.4737, TP=75464.3388, R:R=3.0 (MIN_RR)
2026-07-21 15:34:57 | INFO     | backend.asymmetric_trade  | Position sizing: capital=100000.00, risk_pct=1.00%, risk_amount=1000.00, risk_per_unit=3111.7163, qty=0.3214
2026-07-21 15:34:57 | INFO     | backend.capitulation_engine | ✅ BTCUSDT VERDICT: APTO_COMPRA_ASIMETRICA | Entry=66129.1900, SL=63017.4737, TP=75464.3387, R:R=1:3.0, Confidence=80%
2026-07-21 15:34:57 | INFO     | backend.capitulation_engine | ═══ Capitulation analysis started for ETHUSDT (CRYPTO) ═══
2026-07-21 15:34:57 | INFO     | backend.capitulation_engine | ETHUSDT — no shock detected (drop < 2%). Skipping.
2026-07-21 15:34:57 | INFO     | backend.capitulation_engine | ═══ Capitulation analysis started for SOLUSDT (CRYPTO) ═══
2026-07-21 15:34:57 | INFO     | backend.capitulation_engine | SOLUSDT — no shock detected (drop < 2%). Skipping.
2026-07-21 15:34:57 | INFO     | backend.capitulation_engine | ═══ Capitulation analysis started for BNBUSDT (CRYPTO) ═══
2026-07-21 15:34:57 | INFO     | backend.capitulation_engine | BNBUSDT — no shock detected (drop < 2%). Skipping.
2026-07-21 15:34:57 | INFO     | backend.capitulation_engine | ═══ Capitulation analysis started for XRPUSDT (CRYPTO) ═══
2026-07-21 15:34:57 | INFO     | backend.capitulation_engine | XRPUSDT — no shock detected (drop < 2%). Skipping.
2026-07-21 15:34:57 | INFO     | backend.capitulation_engine | ═══ Capitulation analysis started for ADAUSDT (CRYPTO) ═══
2026-07-21 15:34:57 | INFO     | backend.shock_detector    | SHOCK detected: effective_return=-3.37%, low=0.1607, vol_ratio=0.98x (bar_idx=-2)
2026-07-21 15:34:57 | INFO     | backend.shock_detector    | Shock classification: benchmark_return=1.38%, is_idiosyncratic=True
2026-07-21 15:34:57 | INFO     | backend.capitulation_engine | ADAUSDT SHOCK: drop=-3.37%, idiosyncratic=True, cap_low=0.1607, vol_ratio=0.98x
2026-07-21 15:34:57 | INFO     | backend.price_structure   | Running SMC analysis on daily timeframe (300 rows).
2026-07-21 15:34:57 | INFO     | backend.price_structure   | Running SMC analysis on 4H timeframe (31 rows).
2026-07-21 15:34:57 | INFO     | backend.price_structure   | Price-structure analysis complete: 17 confluence zones found.
2026-07-21 15:34:57 | INFO     | backend.capitulation_engine | ADAUSDT STRUCTURE: msb_1d=5, fvg_1d=10, ob_1d=5, confluence=17
2026-07-21 15:34:57 | INFO     | backend.capitulation_engine | ADAUSDT VOLUME PROFILE: POC=0.1660, VAH=0.1697, VAL=0.1598, price_vs_va=above_vah
2026-07-21 15:34:57 | INFO     | backend.fundamental_filter | Correlation filter: corr=0.650, asset_ret=0.0153, bench_ret=0.0138, idiosyncratic=False
2026-07-21 15:34:57 | INFO     | backend.capitulation_engine | ADAUSDT FUNDAMENTAL FILTER: PASSED
2026-07-21 15:34:57 | INFO     | backend.asymmetric_trade  | Asymmetric levels: entry=0.1694, SL=0.1602, TP=0.1971, R:R=3.0 (MIN_RR)
2026-07-21 15:34:57 | INFO     | backend.asymmetric_trade  | Position sizing: capital=100000.00, risk_pct=1.00%, risk_amount=1000.00, risk_per_unit=0.0092, qty=108483.4020
2026-07-21 15:34:57 | INFO     | backend.capitulation_engine | ✅ ADAUSDT VERDICT: APTO_COMPRA_ASIMETRICA | Entry=0.1694, SL=0.1602, TP=0.1971, R:R=1:3.0, Confidence=80%
2026-07-21 15:34:57 | INFO     | backend.capitulation_engine | ═══ Capitulation analysis started for AVAXUSDT (CRYPTO) ═══
2026-07-21 15:34:57 | INFO     | backend.shock_detector    | SHOCK detected: effective_return=-2.77%, low=6.3920, vol_ratio=0.58x (bar_idx=-3)
2026-07-21 15:34:57 | INFO     | backend.shock_detector    | Shock classification: benchmark_return=1.38%, is_idiosyncratic=True
2026-07-21 15:34:57 | INFO     | backend.capitulation_engine | AVAXUSDT SHOCK: drop=-2.77%, idiosyncratic=True, cap_low=6.3920, vol_ratio=0.58x
2026-07-21 15:34:57 | INFO     | backend.price_structure   | Running SMC analysis on daily timeframe (300 rows).
2026-07-21 15:34:57 | INFO     | backend.price_structure   | Running SMC analysis on 4H timeframe (31 rows).
2026-07-21 15:34:57 | INFO     | backend.price_structure   | Price-structure analysis complete: 15 confluence zones found.
2026-07-21 15:34:57 | INFO     | backend.capitulation_engine | AVAXUSDT STRUCTURE: msb_1d=5, fvg_1d=2, ob_1d=5, confluence=15
2026-07-21 15:34:57 | INFO     | backend.capitulation_engine | AVAXUSDT VOLUME PROFILE: POC=6.5967, VAH=6.6502, VAL=6.4864, price_vs_va=in_value_area
2026-07-21 15:34:57 | INFO     | backend.fundamental_filter | Correlation filter: corr=0.756, asset_ret=0.0040, bench_ret=0.0138, idiosyncratic=False
2026-07-21 15:34:57 | INFO     | backend.capitulation_engine | AVAXUSDT FUNDAMENTAL FILTER: PASSED
2026-07-21 15:34:57 | INFO     | backend.asymmetric_trade  | Asymmetric levels: entry=6.6370, SL=6.3814, TP=7.4039, R:R=3.0 (MIN_RR)
2026-07-21 15:34:57 | INFO     | backend.asymmetric_trade  | Position sizing: capital=100000.00, risk_pct=1.00%, risk_amount=1000.00, risk_per_unit=0.2556, qty=3911.7050
2026-07-21 15:34:57 | INFO     | backend.capitulation_engine | ✅ AVAXUSDT VERDICT: APTO_COMPRA_ASIMETRICA | Entry=6.6370, SL=6.3814, TP=7.4039, R:R=1:3.0, Confidence=70%
2026-07-21 15:34:57 | INFO     | backend.capitulation_engine | ═══ Capitulation analysis started for DOGEUSDT (CRYPTO) ═══
2026-07-21 15:34:57 | INFO     | backend.capitulation_engine | DOGEUSDT — no shock detected (drop < 2%). Skipping.
2026-07-21 15:34:57 | INFO     | backend.capitulation_engine | ═══ Capitulation analysis started for TRXUSDT (CRYPTO) ═══
2026-07-21 15:34:57 | INFO     | backend.capitulation_engine | TRXUSDT — no shock detected (drop < 2%). Skipping.
2026-07-21 15:34:57 | INFO     | backend.capitulation_engine | ═══ Capitulation analysis started for DOTUSDT (CRYPTO) ═══
2026-07-21 15:34:57 | INFO     | backend.shock_detector    | SHOCK detected: effective_return=-3.93%, low=0.8010, vol_ratio=0.96x (bar_idx=-3)
2026-07-21 15:34:57 | INFO     | backend.shock_detector    | Shock classification: benchmark_return=1.38%, is_idiosyncratic=True
2026-07-21 15:34:57 | INFO     | backend.capitulation_engine | DOTUSDT SHOCK: drop=-3.93%, idiosyncratic=True, cap_low=0.8010, vol_ratio=0.96x
2026-07-21 15:34:57 | INFO     | backend.price_structure   | Running SMC analysis on daily timeframe (300 rows).
2026-07-21 15:34:57 | INFO     | backend.price_structure   | Running SMC analysis on 4H timeframe (31 rows).
2026-07-21 15:34:57 | INFO     | backend.price_structure   | Price-structure analysis complete: 19 confluence zones found.
2026-07-21 15:34:57 | INFO     | backend.capitulation_engine | DOTUSDT STRUCTURE: msb_1d=5, fvg_1d=4, ob_1d=5, confluence=19
2026-07-21 15:34:58 | INFO     | backend.capitulation_engine | DOTUSDT VOLUME PROFILE: POC=0.8572, VAH=0.8667, VAL=0.8258, price_vs_va=in_value_area
2026-07-21 15:34:58 | INFO     | backend.fundamental_filter | Correlation filter: corr=0.566, asset_ret=0.0314, bench_ret=0.0138, idiosyncratic=False
2026-07-21 15:34:58 | INFO     | backend.capitulation_engine | DOTUSDT FUNDAMENTAL FILTER: PASSED
2026-07-21 15:34:58 | INFO     | backend.asymmetric_trade  | Asymmetric levels: entry=0.8470, SL=0.7988, TP=0.9915, R:R=3.0 (MIN_RR)
2026-07-21 15:34:58 | INFO     | backend.asymmetric_trade  | Position sizing: capital=100000.00, risk_pct=1.00%, risk_amount=1000.00, risk_per_unit=0.0482, qty=20755.9310
2026-07-21 15:34:58 | INFO     | backend.capitulation_engine | ✅ DOTUSDT VERDICT: APTO_COMPRA_ASIMETRICA | Entry=0.8470, SL=0.7988, TP=0.9915, R:R=1:3.0, Confidence=70%
2026-07-21 15:34:58 | INFO     | backend.capitulation_engine | ═══ Capitulation analysis started for LTCUSDT (CRYPTO) ═══
2026-07-21 15:34:58 | INFO     | backend.capitulation_engine | LTCUSDT — no shock detected (drop < 2%). Skipping.
2026-07-21 15:34:58 | INFO     | backend.capitulation_engine | ═══ Capitulation analysis started for BCHUSDT (CRYPTO) ═══
2026-07-21 15:34:58 | INFO     | backend.shock_detector    | SHOCK detected: effective_return=-2.77%, low=209.8000, vol_ratio=0.45x (bar_idx=-3)
2026-07-21 15:34:58 | INFO     | backend.shock_detector    | Shock classification: benchmark_return=1.38%, is_idiosyncratic=True
2026-07-21 15:34:58 | INFO     | backend.capitulation_engine | BCHUSDT SHOCK: drop=-2.77%, idiosyncratic=True, cap_low=209.8000, vol_ratio=0.45x
2026-07-21 15:34:58 | INFO     | backend.price_structure   | Running SMC analysis on daily timeframe (300 rows).
2026-07-21 15:34:58 | INFO     | backend.price_structure   | Running SMC analysis on 4H timeframe (31 rows).
2026-07-21 15:34:58 | INFO     | backend.price_structure   | Price-structure analysis complete: 30 confluence zones found.
2026-07-21 15:34:58 | INFO     | backend.capitulation_engine | BCHUSDT STRUCTURE: msb_1d=5, fvg_1d=8, ob_1d=5, confluence=30
2026-07-21 15:34:58 | INFO     | backend.capitulation_engine | BCHUSDT VOLUME PROFILE: POC=223.5700, VAH=223.7400, VAL=215.5800, price_vs_va=above_vah
2026-07-21 15:34:58 | INFO     | backend.fundamental_filter | Correlation filter: corr=0.571, asset_ret=0.0227, bench_ret=0.0138, idiosyncratic=False
2026-07-21 15:34:58 | INFO     | backend.capitulation_engine | BCHUSDT FUNDAMENTAL FILTER: PASSED
2026-07-21 15:34:58 | INFO     | backend.asymmetric_trade  | Asymmetric levels: entry=224.6000, SL=209.4357, TP=270.0929, R:R=3.0 (MIN_RR)
2026-07-21 15:34:58 | INFO     | backend.asymmetric_trade  | Position sizing: capital=100000.00, risk_pct=1.00%, risk_amount=1000.00, risk_per_unit=15.1643, qty=65.9444
2026-07-21 15:34:58 | INFO     | backend.capitulation_engine | ✅ BCHUSDT VERDICT: APTO_COMPRA_ASIMETRICA | Entry=224.6000, SL=209.4357, TP=270.0929, R:R=1:3.0, Confidence=80%
2026-07-21 15:34:58 | INFO     | backend.capitulation_engine | ═══ Capitulation analysis started for XLMUSDT (CRYPTO) ═══
2026-07-21 15:34:58 | INFO     | backend.shock_detector    | SHOCK detected: effective_return=-2.02%, low=0.1844, vol_ratio=0.36x (bar_idx=-2)
2026-07-21 15:34:58 | INFO     | backend.shock_detector    | Shock classification: benchmark_return=1.38%, is_idiosyncratic=True
2026-07-21 15:34:58 | INFO     | backend.capitulation_engine | XLMUSDT SHOCK: drop=-2.02%, idiosyncratic=True, cap_low=0.1844, vol_ratio=0.36x
2026-07-21 15:34:58 | INFO     | backend.price_structure   | Running SMC analysis on daily timeframe (300 rows).
2026-07-21 15:34:58 | INFO     | backend.price_structure   | Running SMC analysis on 4H timeframe (31 rows).
2026-07-21 15:34:58 | INFO     | backend.price_structure   | Price-structure analysis complete: 7 confluence zones found.
2026-07-21 15:34:58 | INFO     | backend.capitulation_engine | XLMUSDT STRUCTURE: msb_1d=5, fvg_1d=2, ob_1d=5, confluence=7
2026-07-21 15:34:58 | INFO     | backend.capitulation_engine | XLMUSDT VOLUME PROFILE: POC=0.1868, VAH=0.1911, VAL=0.1843, price_vs_va=above_vah
2026-07-21 15:34:58 | INFO     | backend.fundamental_filter | Correlation filter: corr=0.716, asset_ret=0.0228, bench_ret=0.0138, idiosyncratic=False
2026-07-21 15:34:58 | INFO     | backend.capitulation_engine | XLMUSDT FUNDAMENTAL FILTER: PASSED
2026-07-21 15:34:58 | INFO     | backend.asymmetric_trade  | Asymmetric levels: entry=0.1913, SL=0.1839, TP=0.2135, R:R=3.0 (MIN_RR)
2026-07-21 15:34:58 | INFO     | backend.asymmetric_trade  | Position sizing: capital=100000.00, risk_pct=1.00%, risk_amount=1000.00, risk_per_unit=0.0074, qty=135226.5044
2026-07-21 15:34:58 | INFO     | backend.capitulation_engine | ✅ XLMUSDT VERDICT: APTO_COMPRA_ASIMETRICA | Entry=0.1913, SL=0.1839, TP=0.2135, R:R=1:3.0, Confidence=70%
2026-07-21 15:34:58 | INFO     | backend.capitulation_engine | ═══ Capitulation analysis started for NEARUSDT (CRYPTO) ═══
2026-07-21 15:34:58 | INFO     | backend.shock_detector    | SHOCK detected: effective_return=-3.03%, low=1.8960, vol_ratio=0.68x (bar_idx=-1)
2026-07-21 15:34:58 | INFO     | backend.shock_detector    | Shock classification: benchmark_return=1.38%, is_idiosyncratic=True
2026-07-21 15:34:58 | INFO     | backend.capitulation_engine | NEARUSDT SHOCK: drop=-3.03%, idiosyncratic=True, cap_low=1.8960, vol_ratio=0.68x
2026-07-21 15:34:58 | INFO     | backend.price_structure   | Running SMC analysis on daily timeframe (300 rows).
2026-07-21 15:34:58 | INFO     | backend.price_structure   | Running SMC analysis on 4H timeframe (31 rows).
2026-07-21 15:34:58 | INFO     | backend.price_structure   | Price-structure analysis complete: 20 confluence zones found.
2026-07-21 15:34:58 | INFO     | backend.capitulation_engine | NEARUSDT STRUCTURE: msb_1d=5, fvg_1d=3, ob_1d=5, confluence=20
2026-07-21 15:34:58 | INFO     | backend.capitulation_engine | NEARUSDT VOLUME PROFILE: POC=1.9191, VAH=1.9693, VAL=1.8949, price_vs_va=in_value_area
2026-07-21 15:34:58 | INFO     | backend.fundamental_filter | Correlation filter: corr=0.600, asset_ret=-0.0212, bench_ret=0.0138, idiosyncratic=True
2026-07-21 15:34:58 | INFO     | backend.capitulation_engine | NEARUSDT FUNDAMENTAL FILTER: FAILED — []. Marking as EVITAR.
2026-07-21 15:34:58 | INFO     | backend.capitulation_engine | ═══ Capitulation analysis started for APTUSDT (CRYPTO) ═══
2026-07-21 15:34:58 | INFO     | backend.shock_detector    | SHOCK detected: effective_return=-2.96%, low=0.5800, vol_ratio=0.55x (bar_idx=-3)
2026-07-21 15:34:58 | INFO     | backend.shock_detector    | Shock classification: benchmark_return=1.38%, is_idiosyncratic=True
2026-07-21 15:34:58 | INFO     | backend.capitulation_engine | APTUSDT SHOCK: drop=-2.96%, idiosyncratic=True, cap_low=0.5800, vol_ratio=0.55x
2026-07-21 15:34:58 | INFO     | backend.price_structure   | Running SMC analysis on daily timeframe (300 rows).
2026-07-21 15:34:58 | INFO     | backend.price_structure   | Running SMC analysis on 4H timeframe (31 rows).
2026-07-21 15:34:58 | INFO     | backend.price_structure   | Price-structure analysis complete: 3 confluence zones found.
2026-07-21 15:34:58 | INFO     | backend.capitulation_engine | APTUSDT STRUCTURE: msb_1d=5, fvg_1d=4, ob_1d=5, confluence=3
2026-07-21 15:34:58 | INFO     | backend.capitulation_engine | APTUSDT VOLUME PROFILE: POC=0.6054, VAH=0.6184, VAL=0.5954, price_vs_va=in_value_area
2026-07-21 15:34:58 | INFO     | backend.fundamental_filter | Correlation filter: corr=0.765, asset_ret=0.0050, bench_ret=0.0138, idiosyncratic=False
2026-07-21 15:34:58 | INFO     | backend.capitulation_engine | APTUSDT FUNDAMENTAL FILTER: PASSED
2026-07-21 15:34:58 | INFO     | backend.asymmetric_trade  | Asymmetric levels: entry=0.6010, SL=0.5786, TP=0.6682, R:R=3.0 (MIN_RR)
2026-07-21 15:34:58 | INFO     | backend.asymmetric_trade  | Position sizing: capital=100000.00, risk_pct=1.00%, risk_amount=1000.00, risk_per_unit=0.0224, qty=44620.9451
2026-07-21 15:34:58 | INFO     | backend.capitulation_engine | ✅ APTUSDT VERDICT: APTO_COMPRA_ASIMETRICA | Entry=0.6010, SL=0.5786, TP=0.6682, R:R=1:3.0, Confidence=80%
2026-07-21 15:34:58 | INFO     | backend.capitulation_engine | ═══ Capitulation analysis started for SUIUSDT (CRYPTO) ═══
2026-07-21 15:34:58 | INFO     | backend.capitulation_engine | SUIUSDT — no shock detected (drop < 2%). Skipping.
2026-07-21 15:34:58 | INFO     | backend.capitulation_engine | ═══ Capitulation analysis started for POLUSDT (CRYPTO) ═══
2026-07-21 15:34:58 | INFO     | backend.shock_detector    | SHOCK detected: effective_return=-2.03%, low=0.0796, vol_ratio=0.75x (bar_idx=-2)
2026-07-21 15:34:58 | INFO     | backend.shock_detector    | Shock classification: benchmark_return=1.38%, is_idiosyncratic=True
2026-07-21 15:34:58 | INFO     | backend.capitulation_engine | POLUSDT SHOCK: drop=-2.03%, idiosyncratic=True, cap_low=0.0796, vol_ratio=0.75x
2026-07-21 15:34:58 | INFO     | backend.price_structure   | Running SMC analysis on daily timeframe (300 rows).
2026-07-21 15:34:58 | INFO     | backend.price_structure   | Running SMC analysis on 4H timeframe (31 rows).
2026-07-21 15:34:58 | INFO     | backend.price_structure   | Price-structure analysis complete: 12 confluence zones found.
2026-07-21 15:34:58 | INFO     | backend.capitulation_engine | POLUSDT STRUCTURE: msb_1d=5, fvg_1d=6, ob_1d=5, confluence=12
2026-07-21 15:34:58 | INFO     | backend.capitulation_engine | POLUSDT VOLUME PROFILE: POC=0.0808, VAH=0.0825, VAL=0.0802, price_vs_va=in_value_area
2026-07-21 15:34:58 | INFO     | backend.fundamental_filter | Correlation filter: corr=0.306, asset_ret=-0.0015, bench_ret=0.0138, idiosyncratic=False
2026-07-21 15:34:58 | INFO     | backend.capitulation_engine | POLUSDT FUNDAMENTAL FILTER: PASSED
2026-07-21 15:34:58 | INFO     | backend.asymmetric_trade  | Asymmetric levels: entry=0.0813, SL=0.0794, TP=0.0871, R:R=3.0 (MIN_RR)
2026-07-21 15:34:58 | INFO     | backend.asymmetric_trade  | Position sizing: capital=100000.00, risk_pct=1.00%, risk_amount=1000.00, risk_per_unit=0.0019, qty=520020.8008
2026-07-21 15:34:58 | INFO     | backend.capitulation_engine | ✅ POLUSDT VERDICT: APTO_COMPRA_ASIMETRICA | Entry=0.0813, SL=0.0794, TP=0.0871, R:R=1:3.0, Confidence=80%
2026-07-21 15:34:58 | INFO     | backend.capitulation_engine | ═══ Capitulation analysis started for ARBUSDT (CRYPTO) ═══
2026-07-21 15:34:58 | INFO     | backend.shock_detector    | SHOCK detected: effective_return=-4.26%, low=0.0853, vol_ratio=0.59x (bar_idx=-2)
2026-07-21 15:34:58 | INFO     | backend.shock_detector    | Shock classification: benchmark_return=1.38%, is_idiosyncratic=True
2026-07-21 15:34:58 | INFO     | backend.capitulation_engine | ARBUSDT SHOCK: drop=-4.26%, idiosyncratic=True, cap_low=0.0853, vol_ratio=0.59x
2026-07-21 15:34:58 | INFO     | backend.price_structure   | Running SMC analysis on daily timeframe (300 rows).
2026-07-21 15:34:58 | INFO     | backend.price_structure   | Running SMC analysis on 4H timeframe (31 rows).
2026-07-21 15:34:58 | INFO     | backend.price_structure   | Price-structure analysis complete: 20 confluence zones found.
2026-07-21 15:34:58 | INFO     | backend.capitulation_engine | ARBUSDT STRUCTURE: msb_1d=5, fvg_1d=2, ob_1d=5, confluence=20
2026-07-21 15:34:58 | INFO     | backend.capitulation_engine | ARBUSDT VOLUME PROFILE: POC=0.0900, VAH=0.0907, VAL=0.0881, price_vs_va=in_value_area
2026-07-21 15:34:58 | INFO     | backend.fundamental_filter | Correlation filter: corr=0.391, asset_ret=-0.0166, bench_ret=0.0138, idiosyncratic=False
2026-07-21 15:34:58 | INFO     | backend.capitulation_engine | ARBUSDT FUNDAMENTAL FILTER: PASSED
2026-07-21 15:34:58 | INFO     | backend.asymmetric_trade  | Asymmetric levels: entry=0.0895, SL=0.0851, TP=0.1027, R:R=3.0 (MIN_RR)
2026-07-21 15:34:58 | INFO     | backend.asymmetric_trade  | Position sizing: capital=100000.00, risk_pct=1.00%, risk_amount=1000.00, risk_per_unit=0.0044, qty=226808.8002
2026-07-21 15:34:58 | INFO     | backend.capitulation_engine | ✅ ARBUSDT VERDICT: APTO_COMPRA_ASIMETRICA | Entry=0.0895, SL=0.0851, TP=0.1027, R:R=1:3.0, Confidence=80%
2026-07-21 15:34:58 | INFO     | backend.capitulation_engine | ═══ Capitulation analysis started for OPUSDT (CRYPTO) ═══
2026-07-21 15:34:58 | INFO     | backend.shock_detector    | SHOCK detected: effective_return=-3.26%, low=0.0919, vol_ratio=1.47x (bar_idx=-2)
2026-07-21 15:34:58 | INFO     | backend.shock_detector    | Shock classification: benchmark_return=1.38%, is_idiosyncratic=True
2026-07-21 15:34:58 | INFO     | backend.capitulation_engine | OPUSDT SHOCK: drop=-3.26%, idiosyncratic=True, cap_low=0.0919, vol_ratio=1.47x
2026-07-21 15:34:58 | INFO     | backend.price_structure   | Running SMC analysis on daily timeframe (300 rows).
2026-07-21 15:34:58 | INFO     | backend.price_structure   | Running SMC analysis on 4H timeframe (31 rows).
2026-07-21 15:34:58 | INFO     | backend.price_structure   | Price-structure analysis complete: 6 confluence zones found.
2026-07-21 15:34:58 | INFO     | backend.capitulation_engine | OPUSDT STRUCTURE: msb_1d=5, fvg_1d=3, ob_1d=5, confluence=6
2026-07-21 15:34:58 | INFO     | backend.capitulation_engine | OPUSDT VOLUME PROFILE: POC=0.0969, VAH=0.0976, VAL=0.0939, price_vs_va=in_value_area
2026-07-21 15:34:58 | INFO     | backend.fundamental_filter | Correlation filter: corr=0.708, asset_ret=0.0318, bench_ret=0.0138, idiosyncratic=False
2026-07-21 15:34:58 | INFO     | backend.capitulation_engine | OPUSDT FUNDAMENTAL FILTER: PASSED
2026-07-21 15:34:58 | INFO     | backend.asymmetric_trade  | Asymmetric levels: entry=0.0962, SL=0.0917, TP=0.1098, R:R=3.0 (MIN_RR)
2026-07-21 15:34:58 | INFO     | backend.asymmetric_trade  | Position sizing: capital=100000.00, risk_pct=1.00%, risk_amount=1000.00, risk_per_unit=0.0045, qty=220022.0022
2026-07-21 15:34:58 | INFO     | backend.capitulation_engine | ✅ OPUSDT VERDICT: APTO_COMPRA_ASIMETRICA | Entry=0.0962, SL=0.0917, TP=0.1098, R:R=1:3.0, Confidence=70%
2026-07-21 15:34:58 | INFO     | backend.capitulation_engine | ═══ Capitulation analysis started for ATOMUSDT (CRYPTO) ═══
2026-07-21 15:34:58 | INFO     | backend.shock_detector    | SHOCK detected: effective_return=-2.17%, low=1.4450, vol_ratio=1.58x (bar_idx=-2)
2026-07-21 15:34:58 | INFO     | backend.shock_detector    | Shock classification: benchmark_return=1.38%, is_idiosyncratic=True
2026-07-21 15:34:58 | INFO     | backend.capitulation_engine | ATOMUSDT SHOCK: drop=-2.17%, idiosyncratic=True, cap_low=1.4450, vol_ratio=1.58x
2026-07-21 15:34:58 | INFO     | backend.price_structure   | Running SMC analysis on daily timeframe (300 rows).
2026-07-21 15:34:58 | INFO     | backend.price_structure   | Running SMC analysis on 4H timeframe (31 rows).
2026-07-21 15:34:58 | INFO     | backend.price_structure   | Price-structure analysis complete: 9 confluence zones found.
2026-07-21 15:34:58 | INFO     | backend.capitulation_engine | ATOMUSDT STRUCTURE: msb_1d=5, fvg_1d=7, ob_1d=5, confluence=9
2026-07-21 15:34:58 | INFO     | backend.capitulation_engine | ATOMUSDT VOLUME PROFILE: POC=1.4963, VAH=1.5098, VAL=1.4828, price_vs_va=in_value_area
2026-07-21 15:34:58 | INFO     | backend.fundamental_filter | Correlation filter: corr=0.723, asset_ret=-0.0047, bench_ret=0.0138, idiosyncratic=False
2026-07-21 15:34:58 | INFO     | backend.capitulation_engine | ATOMUSDT FUNDAMENTAL FILTER: PASSED
2026-07-21 15:34:58 | INFO     | backend.asymmetric_trade  | Asymmetric levels: entry=1.4990, SL=1.4429, TP=1.6673, R:R=3.0 (MIN_RR)
2026-07-21 15:34:58 | INFO     | backend.asymmetric_trade  | Position sizing: capital=100000.00, risk_pct=1.00%, risk_amount=1000.00, risk_per_unit=0.0561, qty=17823.0880
2026-07-21 15:34:58 | INFO     | backend.capitulation_engine | ✅ ATOMUSDT VERDICT: APTO_COMPRA_ASIMETRICA | Entry=1.4990, SL=1.4429, TP=1.6673, R:R=1:3.0, Confidence=80%
2026-07-21 15:34:58 | INFO     | backend.capitulation_engine | ═══ Capitulation analysis started for INJUSDT (CRYPTO) ═══
2026-07-21 15:34:58 | INFO     | backend.shock_detector    | SHOCK detected: effective_return=-2.61%, low=5.0310, vol_ratio=0.46x (bar_idx=-3)
2026-07-21 15:34:58 | INFO     | backend.shock_detector    | Shock classification: benchmark_return=1.38%, is_idiosyncratic=True
2026-07-21 15:34:58 | INFO     | backend.capitulation_engine | INJUSDT SHOCK: drop=-2.61%, idiosyncratic=True, cap_low=5.0310, vol_ratio=0.46x
2026-07-21 15:34:58 | INFO     | backend.price_structure   | Running SMC analysis on daily timeframe (300 rows).
2026-07-21 15:34:58 | INFO     | backend.price_structure   | Running SMC analysis on 4H timeframe (31 rows).
2026-07-21 15:34:58 | INFO     | backend.price_structure   | Price-structure analysis complete: 18 confluence zones found.
2026-07-21 15:34:58 | INFO     | backend.capitulation_engine | INJUSDT STRUCTURE: msb_1d=5, fvg_1d=2, ob_1d=5, confluence=18
2026-07-21 15:34:58 | INFO     | backend.capitulation_engine | INJUSDT VOLUME PROFILE: POC=5.0947, VAH=5.3828, VAL=5.0210, price_vs_va=in_value_area
2026-07-21 15:34:58 | INFO     | backend.fundamental_filter | Correlation filter: corr=0.737, asset_ret=-0.0077, bench_ret=0.0138, idiosyncratic=False
2026-07-21 15:34:58 | INFO     | backend.capitulation_engine | INJUSDT FUNDAMENTAL FILTER: PASSED
2026-07-21 15:34:58 | INFO     | backend.asymmetric_trade  | Asymmetric levels: entry=5.2700, SL=5.0196, TP=6.0211, R:R=3.0 (MIN_RR)
2026-07-21 15:34:58 | INFO     | backend.asymmetric_trade  | Position sizing: capital=100000.00, risk_pct=1.00%, risk_amount=1000.00, risk_per_unit=0.2504, qty=3994.2961
2026-07-21 15:34:58 | INFO     | backend.capitulation_engine | ✅ INJUSDT VERDICT: APTO_COMPRA_ASIMETRICA | Entry=5.2700, SL=5.0196, TP=6.0211, R:R=1:3.0, Confidence=80%
2026-07-21 15:34:58 | INFO     | backend.capitulation_engine | ═══ Capitulation analysis started for SEIUSDT (CRYPTO) ═══
2026-07-21 15:34:58 | INFO     | backend.shock_detector    | SHOCK detected: effective_return=-2.60%, low=0.0453, vol_ratio=0.86x (bar_idx=-2)
2026-07-21 15:34:58 | INFO     | backend.shock_detector    | Shock classification: benchmark_return=1.38%, is_idiosyncratic=True
2026-07-21 15:34:58 | INFO     | backend.capitulation_engine | SEIUSDT SHOCK: drop=-2.60%, idiosyncratic=True, cap_low=0.0453, vol_ratio=0.86x
2026-07-21 15:34:58 | INFO     | backend.price_structure   | Running SMC analysis on daily timeframe (300 rows).
2026-07-21 15:34:58 | INFO     | backend.price_structure   | Running SMC analysis on 4H timeframe (31 rows).
2026-07-21 15:34:58 | INFO     | backend.price_structure   | Price-structure analysis complete: 10 confluence zones found.
2026-07-21 15:34:58 | INFO     | backend.capitulation_engine | SEIUSDT STRUCTURE: msb_1d=5, fvg_1d=5, ob_1d=5, confluence=10
2026-07-21 15:34:58 | INFO     | backend.capitulation_engine | SEIUSDT VOLUME PROFILE: POC=0.0467, VAH=0.0474, VAL=0.0463, price_vs_va=in_value_area
2026-07-21 15:34:58 | INFO     | backend.fundamental_filter | Correlation filter: corr=0.757, asset_ret=0.0034, bench_ret=0.0138, idiosyncratic=False
2026-07-21 15:34:58 | INFO     | backend.capitulation_engine | SEIUSDT FUNDAMENTAL FILTER: PASSED
2026-07-21 15:34:58 | INFO     | backend.asymmetric_trade  | Asymmetric levels: entry=0.0464, SL=0.0452, TP=0.0501, R:R=3.0 (MIN_RR)
2026-07-21 15:34:58 | INFO     | backend.asymmetric_trade  | Position sizing: capital=100000.00, risk_pct=1.00%, risk_amount=1000.00, risk_per_unit=0.0012, qty=827814.5695
2026-07-21 15:34:58 | INFO     | backend.capitulation_engine | ✅ SEIUSDT VERDICT: APTO_COMPRA_ASIMETRICA | Entry=0.0464, SL=0.0452, TP=0.0501, R:R=1:3.0, Confidence=80%
2026-07-21 15:34:58 | INFO     | backend.capitulation_engine | ═══ Capitulation analysis started for TIAUSDT (CRYPTO) ═══
2026-07-21 15:34:58 | INFO     | backend.shock_detector    | SHOCK detected: effective_return=-3.04%, low=0.3510, vol_ratio=0.46x (bar_idx=-3)
2026-07-21 15:34:58 | INFO     | backend.shock_detector    | Shock classification: benchmark_return=1.38%, is_idiosyncratic=True
2026-07-21 15:34:58 | INFO     | backend.capitulation_engine | TIAUSDT SHOCK: drop=-3.04%, idiosyncratic=True, cap_low=0.3510, vol_ratio=0.46x
2026-07-21 15:34:58 | INFO     | backend.price_structure   | Running SMC analysis on daily timeframe (300 rows).
2026-07-21 15:34:58 | INFO     | backend.price_structure   | Running SMC analysis on 4H timeframe (31 rows).
2026-07-21 15:34:58 | INFO     | backend.price_structure   | Price-structure analysis complete: 32 confluence zones found.
2026-07-21 15:34:58 | INFO     | backend.capitulation_engine | TIAUSDT STRUCTURE: msb_1d=5, fvg_1d=3, ob_1d=5, confluence=32
2026-07-21 15:34:58 | INFO     | backend.capitulation_engine | TIAUSDT VOLUME PROFILE: POC=0.3618, VAH=0.3778, VAL=0.3523, price_vs_va=in_value_area
2026-07-21 15:34:58 | INFO     | backend.fundamental_filter | Correlation filter: corr=0.199, asset_ret=0.0204, bench_ret=0.0138, idiosyncratic=False
2026-07-21 15:34:58 | INFO     | backend.capitulation_engine | TIAUSDT FUNDAMENTAL FILTER: PASSED
2026-07-21 15:34:58 | INFO     | backend.asymmetric_trade  | Asymmetric levels: entry=0.3585, SL=0.3500, TP=0.3841, R:R=3.0 (MIN_RR)
2026-07-21 15:34:58 | INFO     | backend.asymmetric_trade  | Position sizing: capital=100000.00, risk_pct=1.00%, risk_amount=1000.00, risk_per_unit=0.0085, qty=117027.5015
2026-07-21 15:34:58 | INFO     | backend.capitulation_engine | ✅ TIAUSDT VERDICT: APTO_COMPRA_ASIMETRICA | Entry=0.3585, SL=0.3500, TP=0.3841, R:R=1:3.0, Confidence=80%
2026-07-21 15:34:58 | INFO     | backend.capitulation_engine | ═══ Capitulation analysis started for HBARUSDT (CRYPTO) ═══
2026-07-21 15:34:58 | INFO     | backend.capitulation_engine | HBARUSDT — no shock detected (drop < 2%). Skipping.
2026-07-21 15:34:58 | INFO     | backend.capitulation_engine | ═══ Capitulation analysis started for LINKUSDT (CRYPTO) ═══
2026-07-21 15:34:58 | INFO     | backend.capitulation_engine | LINKUSDT — no shock detected (drop < 2%). Skipping.
2026-07-21 15:34:58 | INFO     | backend.capitulation_engine | ═══ Capitulation analysis started for UNIUSDT (CRYPTO) ═══
2026-07-21 15:34:58 | INFO     | backend.shock_detector    | SHOCK detected: effective_return=-3.01%, low=3.4120, vol_ratio=0.71x (bar_idx=-2)
2026-07-21 15:34:58 | INFO     | backend.shock_detector    | Shock classification: benchmark_return=1.38%, is_idiosyncratic=True
2026-07-21 15:34:58 | INFO     | backend.capitulation_engine | UNIUSDT SHOCK: drop=-3.01%, idiosyncratic=True, cap_low=3.4120, vol_ratio=0.71x
2026-07-21 15:34:58 | INFO     | backend.price_structure   | Running SMC analysis on daily timeframe (300 rows).
2026-07-21 15:34:58 | INFO     | backend.price_structure   | Running SMC analysis on 4H timeframe (31 rows).
2026-07-21 15:34:58 | INFO     | backend.price_structure   | Price-structure analysis complete: 25 confluence zones found.
2026-07-21 15:34:58 | INFO     | backend.capitulation_engine | UNIUSDT STRUCTURE: msb_1d=5, fvg_1d=5, ob_1d=5, confluence=25
2026-07-21 15:34:58 | INFO     | backend.capitulation_engine | UNIUSDT VOLUME PROFILE: POC=3.5206, VAH=3.6489, VAL=3.4646, price_vs_va=above_vah
2026-07-21 15:34:58 | INFO     | backend.fundamental_filter | Correlation filter: corr=0.451, asset_ret=0.0149, bench_ret=0.0138, idiosyncratic=False
2026-07-21 15:34:58 | INFO     | backend.capitulation_engine | UNIUSDT FUNDAMENTAL FILTER: PASSED
2026-07-21 15:34:58 | INFO     | backend.asymmetric_trade  | Asymmetric levels: entry=3.7020, SL=3.4030, TP=4.5989, R:R=3.0 (MIN_RR)
2026-07-21 15:34:58 | INFO     | backend.asymmetric_trade  | Position sizing: capital=100000.00, risk_pct=1.00%, risk_amount=1000.00, risk_per_unit=0.2990, qty=3344.8843
2026-07-21 15:34:58 | INFO     | backend.capitulation_engine | ✅ UNIUSDT VERDICT: APTO_COMPRA_ASIMETRICA | Entry=3.7020, SL=3.4030, TP=4.5989, R:R=1:3.0, Confidence=80%
2026-07-21 15:34:58 | INFO     | backend.capitulation_engine | ═══ Capitulation analysis started for AAVEUSDT (CRYPTO) ═══
2026-07-21 15:34:58 | INFO     | backend.capitulation_engine | AAVEUSDT — no shock detected (drop < 2%). Skipping.
2026-07-21 15:34:58 | INFO     | backend.capitulation_engine | ═══ Capitulation analysis started for LDOUSDT (CRYPTO) ═══
2026-07-21 15:34:58 | INFO     | backend.shock_detector    | SHOCK detected: effective_return=-2.35%, low=0.3494, vol_ratio=0.49x (bar_idx=-3)
2026-07-21 15:34:58 | INFO     | backend.shock_detector    | Shock classification: benchmark_return=1.38%, is_idiosyncratic=True
2026-07-21 15:34:58 | INFO     | backend.capitulation_engine | LDOUSDT SHOCK: drop=-2.35%, idiosyncratic=True, cap_low=0.3494, vol_ratio=0.49x
2026-07-21 15:34:58 | INFO     | backend.price_structure   | Running SMC analysis on daily timeframe (300 rows).
2026-07-21 15:34:58 | INFO     | backend.price_structure   | Running SMC analysis on 4H timeframe (31 rows).
2026-07-21 15:34:58 | INFO     | backend.price_structure   | Price-structure analysis complete: 13 confluence zones found.
2026-07-21 15:34:58 | INFO     | backend.capitulation_engine | LDOUSDT STRUCTURE: msb_1d=5, fvg_1d=6, ob_1d=5, confluence=13
2026-07-21 15:34:59 | INFO     | backend.capitulation_engine | LDOUSDT VOLUME PROFILE: POC=0.3724, VAH=0.3860, VAL=0.3541, price_vs_va=above_vah
2026-07-21 15:34:59 | INFO     | backend.fundamental_filter | Correlation filter: corr=-0.098, asset_ret=0.0225, bench_ret=0.0138, idiosyncratic=False
2026-07-21 15:34:59 | INFO     | backend.capitulation_engine | LDOUSDT FUNDAMENTAL FILTER: PASSED
2026-07-21 15:34:59 | INFO     | backend.asymmetric_trade  | Asymmetric levels: entry=0.3758, SL=0.3480, TP=0.4591, R:R=3.0 (MIN_RR)
2026-07-21 15:34:59 | INFO     | backend.asymmetric_trade  | Position sizing: capital=100000.00, risk_pct=1.00%, risk_amount=1000.00, risk_per_unit=0.0278, qty=36033.4390
2026-07-21 15:34:59 | INFO     | backend.capitulation_engine | ✅ LDOUSDT VERDICT: APTO_COMPRA_ASIMETRICA | Entry=0.3758, SL=0.3480, TP=0.4591, R:R=1:3.0, Confidence=80%
2026-07-21 15:34:59 | INFO     | backend.capitulation_engine | ═══ Capitulation analysis started for RUNEUSDT (CRYPTO) ═══
2026-07-21 15:34:59 | INFO     | backend.capitulation_engine | RUNEUSDT — no shock detected (drop < 2%). Skipping.
2026-07-21 15:34:59 | INFO     | backend.capitulation_engine | ═══ Capitulation analysis started for FILUSDT (CRYPTO) ═══
2026-07-21 15:34:59 | INFO     | backend.shock_detector    | SHOCK detected: effective_return=-5.21%, low=0.7010, vol_ratio=0.99x (bar_idx=-3)
2026-07-21 15:34:59 | INFO     | backend.shock_detector    | Shock classification: benchmark_return=1.38%, is_idiosyncratic=True
2026-07-21 15:34:59 | INFO     | backend.capitulation_engine | FILUSDT SHOCK: drop=-5.21%, idiosyncratic=True, cap_low=0.7010, vol_ratio=0.99x
2026-07-21 15:34:59 | INFO     | backend.price_structure   | Running SMC analysis on daily timeframe (300 rows).
2026-07-21 15:34:59 | INFO     | backend.price_structure   | Running SMC analysis on 4H timeframe (31 rows).
2026-07-21 15:34:59 | INFO     | backend.price_structure   | Price-structure analysis complete: 11 confluence zones found.
2026-07-21 15:34:59 | INFO     | backend.capitulation_engine | FILUSDT STRUCTURE: msb_1d=5, fvg_1d=0, ob_1d=5, confluence=11
2026-07-21 15:34:59 | INFO     | backend.capitulation_engine | FILUSDT VOLUME PROFILE: POC=0.7642, VAH=0.7714, VAL=0.7250, price_vs_va=in_value_area
2026-07-21 15:34:59 | INFO     | backend.fundamental_filter | Correlation filter: corr=0.778, asset_ret=0.0408, bench_ret=0.0138, idiosyncratic=False
2026-07-21 15:34:59 | INFO     | backend.capitulation_engine | FILUSDT FUNDAMENTAL FILTER: PASSED
2026-07-21 15:34:59 | INFO     | backend.asymmetric_trade  | Asymmetric levels: entry=0.7630, SL=0.6991, TP=0.9547, R:R=3.0 (MIN_RR)
2026-07-21 15:34:59 | INFO     | backend.asymmetric_trade  | Position sizing: capital=100000.00, risk_pct=1.00%, risk_amount=1000.00, risk_per_unit=0.0639, qty=15651.1668
2026-07-21 15:34:59 | INFO     | backend.capitulation_engine | ✅ FILUSDT VERDICT: APTO_COMPRA_ASIMETRICA | Entry=0.7630, SL=0.6991, TP=0.9547, R:R=1:3.0, Confidence=70%
2026-07-21 15:34:59 | INFO     | backend.capitulation_engine | ═══ Capitulation analysis started for RENDERUSDT (CRYPTO) ═══
2026-07-21 15:34:59 | INFO     | backend.capitulation_engine | RENDERUSDT — no shock detected (drop < 2%). Skipping.
2026-07-21 15:34:59 | INFO     | backend.capitulation_engine | ═══ Capitulation analysis started for GRTUSDT (CRYPTO) ═══
2026-07-21 15:34:59 | INFO     | backend.shock_detector    | SHOCK detected: effective_return=-4.07%, low=0.0161, vol_ratio=0.80x (bar_idx=-3)
2026-07-21 15:34:59 | INFO     | backend.shock_detector    | Shock classification: benchmark_return=1.38%, is_idiosyncratic=True
2026-07-21 15:34:59 | INFO     | backend.capitulation_engine | GRTUSDT SHOCK: drop=-4.07%, idiosyncratic=True, cap_low=0.0161, vol_ratio=0.80x
2026-07-21 15:34:59 | INFO     | backend.price_structure   | Running SMC analysis on daily timeframe (300 rows).
2026-07-21 15:34:59 | INFO     | backend.price_structure   | Running SMC analysis on 4H timeframe (31 rows).
2026-07-21 15:34:59 | INFO     | backend.price_structure   | Price-structure analysis complete: 21 confluence zones found.
2026-07-21 15:34:59 | INFO     | backend.capitulation_engine | GRTUSDT STRUCTURE: msb_1d=5, fvg_1d=8, ob_1d=5, confluence=21
2026-07-21 15:34:59 | INFO     | backend.capitulation_engine | GRTUSDT VOLUME PROFILE: POC=0.0168, VAH=0.0170, VAL=0.0162, price_vs_va=in_value_area
2026-07-21 15:34:59 | INFO     | backend.fundamental_filter | Correlation filter: corr=0.600, asset_ret=0.0078, bench_ret=0.0138, idiosyncratic=False
2026-07-21 15:34:59 | INFO     | backend.capitulation_engine | GRTUSDT FUNDAMENTAL FILTER: PASSED
2026-07-21 15:34:59 | INFO     | backend.asymmetric_trade  | Asymmetric levels: entry=0.0164, SL=0.0161, TP=0.0173, R:R=3.0 (MIN_RR)
2026-07-21 15:34:59 | INFO     | backend.asymmetric_trade  | Position sizing: capital=100000.00, risk_pct=1.00%, risk_amount=1000.00, risk_per_unit=0.0003, qty=3355704.6980
2026-07-21 15:34:59 | INFO     | backend.capitulation_engine | ✅ GRTUSDT VERDICT: APTO_COMPRA_ASIMETRICA | Entry=0.0164, SL=0.0161, TP=0.0173, R:R=1:3.0, Confidence=70%
2026-07-21 15:34:59 | INFO     | backend.capitulation_engine | ═══ Capitulation analysis started for ONDOUSDT (CRYPTO) ═══
2026-07-21 15:34:59 | INFO     | backend.capitulation_engine | ONDOUSDT — no shock detected (drop < 2%). Skipping.
2026-07-21 15:34:59 | INFO     | backend.capitulation_engine | ═══ Capitulation analysis started for ICPUSDT (CRYPTO) ═══
2026-07-21 15:34:59 | INFO     | backend.shock_detector    | SHOCK detected: effective_return=-2.25%, low=2.1070, vol_ratio=0.35x (bar_idx=-3)
2026-07-21 15:34:59 | INFO     | backend.shock_detector    | Shock classification: benchmark_return=1.38%, is_idiosyncratic=True
2026-07-21 15:34:59 | INFO     | backend.capitulation_engine | ICPUSDT SHOCK: drop=-2.25%, idiosyncratic=True, cap_low=2.1070, vol_ratio=0.35x
2026-07-21 15:34:59 | INFO     | backend.price_structure   | Running SMC analysis on daily timeframe (300 rows).
2026-07-21 15:34:59 | INFO     | backend.price_structure   | Running SMC analysis on 4H timeframe (31 rows).
2026-07-21 15:34:59 | INFO     | backend.price_structure   | Price-structure analysis complete: 14 confluence zones found.
2026-07-21 15:34:59 | INFO     | backend.capitulation_engine | ICPUSDT STRUCTURE: msb_1d=5, fvg_1d=4, ob_1d=5, confluence=14
2026-07-21 15:34:59 | INFO     | backend.capitulation_engine | ICPUSDT VOLUME PROFILE: POC=2.1462, VAH=2.1787, VAL=2.1105, price_vs_va=above_vah
2026-07-21 15:34:59 | INFO     | backend.fundamental_filter | Correlation filter: corr=0.559, asset_ret=0.0073, bench_ret=0.0138, idiosyncratic=False
2026-07-21 15:34:59 | INFO     | backend.capitulation_engine | ICPUSDT FUNDAMENTAL FILTER: PASSED
2026-07-21 15:34:59 | INFO     | backend.asymmetric_trade  | Asymmetric levels: entry=2.2000, SL=2.1035, TP=2.4896, R:R=3.0 (MIN_RR)
2026-07-21 15:34:59 | INFO     | backend.asymmetric_trade  | Position sizing: capital=100000.00, risk_pct=1.00%, risk_amount=1000.00, risk_per_unit=0.0965, qty=10358.8299
2026-07-21 15:34:59 | INFO     | backend.capitulation_engine | ✅ ICPUSDT VERDICT: APTO_COMPRA_ASIMETRICA | Entry=2.2000, SL=2.1035, TP=2.4896, R:R=1:3.0, Confidence=80%
2026-07-21 15:34:59 | INFO     | backend.capitulation_engine | ═══ Capitulation analysis started for WLDUSDT (CRYPTO) ═══
2026-07-21 15:34:59 | INFO     | backend.shock_detector    | SHOCK detected: effective_return=-6.06%, low=0.3531, vol_ratio=0.42x (bar_idx=-3)
2026-07-21 15:34:59 | INFO     | backend.shock_detector    | Shock classification: benchmark_return=1.38%, is_idiosyncratic=True
2026-07-21 15:34:59 | INFO     | backend.capitulation_engine | WLDUSDT SHOCK: drop=-6.06%, idiosyncratic=True, cap_low=0.3531, vol_ratio=0.42x
2026-07-21 15:34:59 | INFO     | backend.price_structure   | Running SMC analysis on daily timeframe (300 rows).
2026-07-21 15:34:59 | INFO     | backend.price_structure   | Running SMC analysis on 4H timeframe (31 rows).
2026-07-21 15:34:59 | INFO     | backend.price_structure   | Price-structure analysis complete: 22 confluence zones found.
2026-07-21 15:34:59 | INFO     | backend.capitulation_engine | WLDUSDT STRUCTURE: msb_1d=5, fvg_1d=6, ob_1d=5, confluence=22
2026-07-21 15:34:59 | INFO     | backend.capitulation_engine | WLDUSDT VOLUME PROFILE: POC=0.3807, VAH=0.3866, VAL=0.3667, price_vs_va=in_value_area
2026-07-21 15:34:59 | INFO     | backend.fundamental_filter | Correlation filter: corr=0.550, asset_ret=-0.0021, bench_ret=0.0138, idiosyncratic=False
2026-07-21 15:34:59 | INFO     | backend.capitulation_engine | WLDUSDT FUNDAMENTAL FILTER: PASSED
2026-07-21 15:34:59 | INFO     | backend.asymmetric_trade  | Asymmetric levels: entry=0.3796, SL=0.3522, TP=0.4619, R:R=3.0 (MIN_RR)
2026-07-21 15:34:59 | INFO     | backend.asymmetric_trade  | Position sizing: capital=100000.00, risk_pct=1.00%, risk_amount=1000.00, risk_per_unit=0.0274, qty=36441.8206
2026-07-21 15:34:59 | INFO     | backend.capitulation_engine | ✅ WLDUSDT VERDICT: APTO_COMPRA_ASIMETRICA | Entry=0.3796, SL=0.3522, TP=0.4619, R:R=1:3.0, Confidence=80%
2026-07-21 15:34:59 | INFO     | backend.capitulation_engine | ═══ Capitulation analysis started for ENAUSDT (CRYPTO) ═══
2026-07-21 15:34:59 | INFO     | backend.capitulation_engine | ENAUSDT — no shock detected (drop < 2%). Skipping.
2026-07-21 15:34:59 | INFO     | backend.capitulation_engine | ═══ Capitulation analysis started for TAOUSDT (CRYPTO) ═══
2026-07-21 15:34:59 | INFO     | backend.shock_detector    | SHOCK detected: effective_return=-2.97%, low=192.9000, vol_ratio=0.64x (bar_idx=-2)
2026-07-21 15:34:59 | INFO     | backend.shock_detector    | Shock classification: benchmark_return=1.38%, is_idiosyncratic=True
2026-07-21 15:34:59 | INFO     | backend.capitulation_engine | TAOUSDT SHOCK: drop=-2.97%, idiosyncratic=True, cap_low=192.9000, vol_ratio=0.64x
2026-07-21 15:34:59 | INFO     | backend.price_structure   | Running SMC analysis on daily timeframe (300 rows).
2026-07-21 15:34:59 | INFO     | backend.price_structure   | Running SMC analysis on 4H timeframe (31 rows).
2026-07-21 15:34:59 | INFO     | backend.price_structure   | Price-structure analysis complete: 33 confluence zones found.
2026-07-21 15:34:59 | INFO     | backend.capitulation_engine | TAOUSDT STRUCTURE: msb_1d=5, fvg_1d=5, ob_1d=5, confluence=33
2026-07-21 15:34:59 | INFO     | backend.capitulation_engine | TAOUSDT VOLUME PROFILE: POC=193.8800, VAH=197.9400, VAL=189.8200, price_vs_va=above_vah
2026-07-21 15:34:59 | INFO     | backend.fundamental_filter | Correlation filter: corr=0.702, asset_ret=0.0174, bench_ret=0.0138, idiosyncratic=False
2026-07-21 15:34:59 | INFO     | backend.capitulation_engine | TAOUSDT FUNDAMENTAL FILTER: PASSED
2026-07-21 15:34:59 | INFO     | backend.asymmetric_trade  | Asymmetric levels: entry=199.1000, SL=192.4196, TP=219.1411, R:R=3.0 (MIN_RR)
2026-07-21 15:34:59 | INFO     | backend.asymmetric_trade  | Position sizing: capital=100000.00, risk_pct=1.00%, risk_amount=1000.00, risk_per_unit=6.6804, qty=149.6926
2026-07-21 15:34:59 | INFO     | backend.capitulation_engine | ✅ TAOUSDT VERDICT: APTO_COMPRA_ASIMETRICA | Entry=199.1000, SL=192.4196, TP=219.1411, R:R=1:3.0, Confidence=80%
2026-07-21 15:34:59 | INFO     | backend.capitulation_engine | ═══ Capitulation analysis started for PEPEUSDT (CRYPTO) ═══
2026-07-21 15:34:59 | INFO     | backend.shock_detector    | SHOCK detected: effective_return=-2.05%, low=0.0000, vol_ratio=0.77x (bar_idx=-1)
2026-07-21 15:34:59 | INFO     | backend.shock_detector    | Shock classification: benchmark_return=1.38%, is_idiosyncratic=True
2026-07-21 15:34:59 | INFO     | backend.capitulation_engine | PEPEUSDT SHOCK: drop=-2.05%, idiosyncratic=True, cap_low=0.0000, vol_ratio=0.77x
2026-07-21 15:34:59 | INFO     | backend.price_structure   | Running SMC analysis on daily timeframe (300 rows).
2026-07-21 15:34:59 | INFO     | backend.price_structure   | Running SMC analysis on 4H timeframe (31 rows).
2026-07-21 15:34:59 | INFO     | backend.price_structure   | Price-structure analysis complete: 23 confluence zones found.
2026-07-21 15:34:59 | INFO     | backend.capitulation_engine | PEPEUSDT STRUCTURE: msb_1d=5, fvg_1d=6, ob_1d=5, confluence=23
2026-07-21 15:34:59 | INFO     | backend.capitulation_engine | PEPEUSDT VOLUME PROFILE: POC=0.0000, VAH=0.0000, VAL=0.0000, price_vs_va=in_value_area
2026-07-21 15:34:59 | INFO     | backend.fundamental_filter | Correlation filter: corr=0.525, asset_ret=-0.0103, bench_ret=0.0138, idiosyncratic=False
2026-07-21 15:34:59 | INFO     | backend.capitulation_engine | PEPEUSDT FUNDAMENTAL FILTER: PASSED
2026-07-21 15:34:59 | INFO     | backend.asymmetric_trade  | Asymmetric levels: entry=0.0000, SL=0.0000, TP=0.0000, R:R=3.0 (MIN_RR)
2026-07-21 15:34:59 | INFO     | backend.asymmetric_trade  | Position sizing: capital=100000.00, risk_pct=1.00%, risk_amount=1000.00, risk_per_unit=0.0000, qty=8333333333.3333
2026-07-21 15:34:59 | INFO     | backend.capitulation_engine | ✅ PEPEUSDT VERDICT: APTO_COMPRA_ASIMETRICA | Entry=0.0000, SL=0.0000, TP=0.0000, R:R=1:3.0, Confidence=80%
2026-07-21 15:34:59 | INFO     | backend.capitulation_engine | ═══ Capitulation analysis started for JUPUSDT (CRYPTO) ═══
2026-07-21 15:34:59 | INFO     | backend.shock_detector    | SHOCK detected: effective_return=-2.87%, low=0.1892, vol_ratio=0.51x (bar_idx=-3)
2026-07-21 15:34:59 | INFO     | backend.shock_detector    | Shock classification: benchmark_return=1.38%, is_idiosyncratic=True
2026-07-21 15:34:59 | INFO     | backend.capitulation_engine | JUPUSDT SHOCK: drop=-2.87%, idiosyncratic=True, cap_low=0.1892, vol_ratio=0.51x
2026-07-21 15:34:59 | INFO     | backend.price_structure   | Running SMC analysis on daily timeframe (300 rows).
2026-07-21 15:34:59 | INFO     | backend.price_structure   | Running SMC analysis on 4H timeframe (31 rows).
2026-07-21 15:34:59 | INFO     | backend.price_structure   | Price-structure analysis complete: 15 confluence zones found.
2026-07-21 15:34:59 | INFO     | backend.capitulation_engine | JUPUSDT STRUCTURE: msb_1d=5, fvg_1d=6, ob_1d=5, confluence=15
2026-07-21 15:34:59 | INFO     | backend.capitulation_engine | JUPUSDT VOLUME PROFILE: POC=0.1951, VAH=0.1986, VAL=0.1924, price_vs_va=in_value_area
2026-07-21 15:34:59 | INFO     | backend.fundamental_filter | Correlation filter: corr=0.390, asset_ret=0.0056, bench_ret=0.0138, idiosyncratic=False
2026-07-21 15:34:59 | INFO     | backend.capitulation_engine | JUPUSDT FUNDAMENTAL FILTER: PASSED
2026-07-21 15:34:59 | INFO     | backend.asymmetric_trade  | Asymmetric levels: entry=0.1949, SL=0.1887, TP=0.2135, R:R=3.0 (MIN_RR)
2026-07-21 15:34:59 | INFO     | backend.asymmetric_trade  | Position sizing: capital=100000.00, risk_pct=1.00%, risk_amount=1000.00, risk_per_unit=0.0062, qty=161576.9914
2026-07-21 15:34:59 | INFO     | backend.capitulation_engine | ✅ JUPUSDT VERDICT: APTO_COMPRA_ASIMETRICA | Entry=0.1949, SL=0.1887, TP=0.2135, R:R=1:3.0, Confidence=80%
2026-07-21 15:34:59 | INFO     | backend.capitulation_engine | ═══ Capitulation analysis started for PYTHUSDT (CRYPTO) ═══
2026-07-21 15:34:59 | INFO     | backend.shock_detector    | SHOCK detected: effective_return=-3.02%, low=0.0462, vol_ratio=0.52x (bar_idx=-1)
2026-07-21 15:34:59 | INFO     | backend.shock_detector    | Shock classification: benchmark_return=1.38%, is_idiosyncratic=True
2026-07-21 15:34:59 | INFO     | backend.capitulation_engine | PYTHUSDT SHOCK: drop=-3.02%, idiosyncratic=True, cap_low=0.0462, vol_ratio=0.52x
2026-07-21 15:34:59 | INFO     | backend.price_structure   | Running SMC analysis on daily timeframe (300 rows).
2026-07-21 15:34:59 | INFO     | backend.price_structure   | Running SMC analysis on 4H timeframe (31 rows).
2026-07-21 15:34:59 | INFO     | backend.price_structure   | Price-structure analysis complete: 5 confluence zones found.
2026-07-21 15:34:59 | INFO     | backend.capitulation_engine | PYTHUSDT STRUCTURE: msb_1d=5, fvg_1d=4, ob_1d=5, confluence=5
2026-07-21 15:34:59 | INFO     | backend.capitulation_engine | PYTHUSDT VOLUME PROFILE: POC=0.0487, VAH=0.0496, VAL=0.0470, price_vs_va=in_value_area
2026-07-21 15:34:59 | INFO     | backend.fundamental_filter | Correlation filter: corr=0.087, asset_ret=-0.0063, bench_ret=0.0138, idiosyncratic=False
2026-07-21 15:34:59 | INFO     | backend.capitulation_engine | PYTHUSDT FUNDAMENTAL FILTER: PASSED
2026-07-21 15:34:59 | INFO     | backend.asymmetric_trade  | Asymmetric levels: entry=0.0468, SL=0.0461, TP=0.0488, R:R=3.0 (MIN_RR)
2026-07-21 15:34:59 | INFO     | backend.asymmetric_trade  | Position sizing: capital=100000.00, risk_pct=1.00%, risk_amount=1000.00, risk_per_unit=0.0007, qty=1451378.8099
2026-07-21 15:34:59 | INFO     | backend.capitulation_engine | ✅ PYTHUSDT VERDICT: APTO_COMPRA_ASIMETRICA | Entry=0.0468, SL=0.0461, TP=0.0488, R:R=1:3.0, Confidence=80%
2026-07-21 15:34:59 | INFO     | backend.capitulation_engine | ═══ Capitulation scan complete — 50 signals found ═══
2026-07-21 15:34:59 | INFO     | backend.scanner           | Saved 50 capitulation signals to disk.
2026-07-21 15:35:09 | INFO     | backend.scanner           | Successfully synced 50 items to Render backend (/api/capitulation).
2026-07-21 15:35:09 | INFO     | backend.scanner           | Saved 50 capitulation signals to disk.
2026-07-21 15:35:11 | INFO     | backend.scanner           | Successfully synced 50 items to Render backend (/api/capitulation).
2026-07-21 15:35:11 | INFO     | backend.telegram_notifier | [DRY-RUN] Telegram alert:
🔬 ANÁLISIS DE CAPITULACIÓN
━━━━━━━━━━━━━━━━━━
🏷️ MSFT — US Equities (S&P 500)
🟢 Veredicto: APTO COMPRA ASIMÉTRICA
📉 Caída: -2.9% (Idiosincrática)
📊 Confianza: 80%
━━━━━━━━━━━━━━━━━━
📍 Entrada: $398.48
🛑 Stop Loss: $388.66
🎯 Take Profit: $427.94
⚖️ R:R = 1:3.0
📐 Tamaño: 101.8292 unidades
━━━━━━━━━━━━━━━━━━
📊 POC: $384.98
📊 VAH: $402.58 | VAL: $370.78
🟦 FVG: $388.19 — $392.05
🟧 OB: $381.50 — $391.91
🔄 MSB: bullish_reversal
💼 Fundamental: ✅ Solvente
⏰ 2026-07-21 18:34 UTC
━━━━━━━━━━━━━━━━━━
📝 Caída de 0.0% (idiosincrática) | Entrada: CONFLUENCE | 47 zona(s) de confluencia SMC | Precio dentro del Value Area | R:R = 1:3.0 (MIN_RR) | Confianza: 80%
2026-07-21 15:35:11 | INFO     | backend.scanner           | 📊 CAPITULATION ALERT sent: MSFT APTO_COMPRA_ASIMETRICA (R:R=1:3.0, Confidence=80%)
2026-07-21 15:35:11 | INFO     | backend.telegram_notifier | [DRY-RUN] Telegram alert:
🔬 ANÁLISIS DE CAPITULACIÓN
━━━━━━━━━━━━━━━━━━
🏷️ GOOGL — US Equities (S&P 500)
🟢 Veredicto: APTO COMPRA ASIMÉTRICA
📉 Caída: -3.7% (Idiosincrática)
📊 Confianza: 80%
━━━━━━━━━━━━━━━━━━
📍 Entrada: $350.75
🛑 Stop Loss: $340.59
🎯 Take Profit: $381.23
⚖️ R:R = 1:3.0
📐 Tamaño: 98.4350 unidades
━━━━━━━━━━━━━━━━━━
📊 POC: $357.82
📊 VAH: $363.10 | VAL: $341.99
🟦 FVG: $364.21 — $365.50
🟧 OB: $352.30 — $375.27
🔄 MSB: bearish_reversal
💼 Fundamental: ✅ Solvente
⏰ 2026-07-21 18:34 UTC
━━━━━━━━━━━━━━━━━━
📝 Caída de 0.0% (idiosincrática) | Entrada: CONFLUENCE | 58 zona(s) de confluencia SMC | Precio dentro del Value Area | R:R = 1:3.0 (MIN_RR) | Confianza: 80%
2026-07-21 15:35:11 | INFO     | backend.scanner           | 📊 CAPITULATION ALERT sent: GOOGL APTO_COMPRA_ASIMETRICA (R:R=1:3.0, Confidence=80%)
2026-07-21 15:35:11 | INFO     | backend.telegram_notifier | [DRY-RUN] Telegram alert:
🔬 ANÁLISIS DE CAPITULACIÓN
━━━━━━━━━━━━━━━━━━
🏷️ AMZN — US Equities (S&P 500)
🟢 Veredicto: APTO COMPRA ASIMÉTRICA
📉 Caída: -2.5% (Idiosincrática)
📊 Confianza: 80%
━━━━━━━━━━━━━━━━━━
📍 Entrada: $247.81
🛑 Stop Loss: $243.18
🎯 Take Profit: $261.69
⚖️ R:R = 1:3.0
📐 Tamaño: 216.1480 unidades
━━━━━━━━━━━━━━━━━━
📊 POC: $245.40
📊 VAH: $254.18 | VAL: $237.26
🟦 FVG: $249.65 — $249.75
🟧 OB: $240.52 — $244.80
🔄 MSB: bearish_reversal
💼 Fundamental: ✅ Solvente
⏰ 2026-07-21 18:34 UTC
━━━━━━━━━━━━━━━━━━
📝 Caída de 0.0% (idiosincrática) | Entrada: CONFLUENCE | 33 zona(s) de confluencia SMC | Precio dentro del Value Area | R:R = 1:3.0 (MIN_RR) | Confianza: 80%
2026-07-21 15:35:11 | INFO     | backend.scanner           | 📊 CAPITULATION ALERT sent: AMZN APTO_COMPRA_ASIMETRICA (R:R=1:3.0, Confidence=80%)
2026-07-21 15:35:11 | INFO     | backend.telegram_notifier | [DRY-RUN] Telegram alert:
🔬 ANÁLISIS DE CAPITULACIÓN
━━━━━━━━━━━━━━━━━━
🏷️ NVDA — US Equities (S&P 500)
🟢 Veredicto: APTO COMPRA ASIMÉTRICA
📉 Caída: -4.5% (Idiosincrática)
📊 Confianza: 80%
━━━━━━━━━━━━━━━━━━
📍 Entrada: $207.29
🛑 Stop Loss: $197.46
🎯 Take Profit: $236.79
⚖️ R:R = 1:3.0
📐 Tamaño: 101.6957 unidades
━━━━━━━━━━━━━━━━━━
📊 POC: $194.84
📊 VAH: $205.17 | VAL: $191.24
🟦 FVG: $198.41 — $198.96
🟧 OB: $205.85 — $211.08
🔄 MSB: bullish_reversal
💼 Fundamental: ✅ Solvente
⏰ 2026-07-21 18:34 UTC
━━━━━━━━━━━━━━━━━━
📝 Caída de 0.0% (idiosincrática) | Entrada: CONFLUENCE | 23 zona(s) de confluencia SMC | R:R = 1:3.0 (MIN_RR) | Confianza: 80%
2026-07-21 15:35:11 | INFO     | backend.scanner           | 📊 CAPITULATION ALERT sent: NVDA APTO_COMPRA_ASIMETRICA (R:R=1:3.0, Confidence=80%)
2026-07-21 15:35:11 | INFO     | backend.telegram_notifier | [DRY-RUN] Telegram alert:
🔬 ANÁLISIS DE CAPITULACIÓN
━━━━━━━━━━━━━━━━━━
🏷️ META — US Equities (S&P 500)
🟢 Veredicto: APTO COMPRA ASIMÉTRICA
📉 Caída: -5.8% (Idiosincrática)
📊 Confianza: 80%
━━━━━━━━━━━━━━━━━━
📍 Entrada: $628.28
🛑 Stop Loss: $624.63
🎯 Take Profit: $639.24
⚖️ R:R = 1:3.0
📐 Tamaño: 273.6012 unidades
━━━━━━━━━━━━━━━━━━
📊 POC: $670.03
📊 VAH: $686.08 | VAL: $598.56
🟦 FVG: $565.54 — $580.42
🟧 OB: $598.01 — $616.00
🔄 MSB: bearish_reversal
💼 Fundamental: ✅ Solvente
⏰ 2026-07-21 18:34 UTC
━━━━━━━━━━━━━━━━━━
📝 Caída de 0.0% (idiosincrática) | Entrada: CONFLUENCE | 31 zona(s) de confluencia SMC | Precio dentro del Value Area | R:R = 1:3.0 (MIN_RR) | Confianza: 80%
2026-07-21 15:35:11 | INFO     | backend.scanner           | 📊 CAPITULATION ALERT sent: META APTO_COMPRA_ASIMETRICA (R:R=1:3.0, Confidence=80%)
2026-07-21 15:35:11 | INFO     | backend.telegram_notifier | [DRY-RUN] Telegram alert:
🔬 ANÁLISIS DE CAPITULACIÓN
━━━━━━━━━━━━━━━━━━
🏷️ V — US Equities (S&P 500)
🟢 Veredicto: APTO COMPRA ASIMÉTRICA
📉 Caída: -2.2% (Idiosincrática)
📊 Confianza: 80%
━━━━━━━━━━━━━━━━━━
📍 Entrada: $355.21
🛑 Stop Loss: $354.20
🎯 Take Profit: $358.25
⚖️ R:R = 1:3.0
📐 Tamaño: 988.0169 unidades
━━━━━━━━━━━━━━━━━━
📊 POC: $358.38
📊 VAH: $362.92 | VAL: $345.45
🟦 FVG: $351.17 — $353.68
🟧 OB: $345.33 — $351.17
🔄 MSB: bullish_reversal
💼 Fundamental: ✅ Solvente
⏰ 2026-07-21 18:34 UTC
━━━━━━━━━━━━━━━━━━
📝 Caída de 0.0% (idiosincrática) | Entrada: CONFLUENCE | 32 zona(s) de confluencia SMC | Precio dentro del Value Area | R:R = 1:3.0 (MIN_RR) | Confianza: 80%
2026-07-21 15:35:11 | INFO     | backend.scanner           | 📊 CAPITULATION ALERT sent: V APTO_COMPRA_ASIMETRICA (R:R=1:3.0, Confidence=80%)
2026-07-21 15:35:11 | INFO     | backend.telegram_notifier | [DRY-RUN] Telegram alert:
🔬 ANÁLISIS DE CAPITULACIÓN
━━━━━━━━━━━━━━━━━━
🏷️ HD — US Equities (S&P 500)
🟢 Veredicto: APTO COMPRA ASIMÉTRICA
📉 Caída: -2.9% (Idiosincrática)
📊 Confianza: 90%
━━━━━━━━━━━━━━━━━━
📍 Entrada: $338.09
🛑 Stop Loss: $326.42
🎯 Take Profit: $373.10
⚖️ R:R = 1:3.0
📐 Tamaño: 85.6788 unidades
━━━━━━━━━━━━━━━━━━
📊 POC: $348.98
📊 VAH: $352.48 | VAL: $337.83
🟦 FVG: $313.77 — $318.80
🟧 OB: $330.66 — $337.99
🔄 MSB: bullish_reversal
💼 Fundamental: ✅ Solvente
⏰ 2026-07-21 18:34 UTC
━━━━━━━━━━━━━━━━━━
📝 Caída de 0.0% (idiosincrática) | Entrada: CONFLUENCE | 52 zona(s) de confluencia SMC | Precio bajo VAL (sobreventa) | R:R = 1:3.0 (MIN_RR) | Confianza: 90%
2026-07-21 15:35:11 | INFO     | backend.scanner           | 📊 CAPITULATION ALERT sent: HD APTO_COMPRA_ASIMETRICA (R:R=1:3.0, Confidence=90%)
2026-07-21 15:35:11 | INFO     | backend.telegram_notifier | [DRY-RUN] Telegram alert:
🔬 ANÁLISIS DE CAPITULACIÓN
━━━━━━━━━━━━━━━━━━
🏷️ KO — US Equities (S&P 500)
🟢 Veredicto: APTO COMPRA ASIMÉTRICA
📉 Caída: -4.8% (Idiosincrática)
📊 Confianza: 70%
━━━━━━━━━━━━━━━━━━
📍 Entrada: $82.56
🛑 Stop Loss: $80.72
🎯 Take Profit: $88.07
⚖️ R:R = 1:3.0
📐 Tamaño: 544.4798 unidades
━━━━━━━━━━━━━━━━━━
📊 POC: $81.51
📊 VAH: $83.85 | VAL: $81.00
🟧 OB: $83.08 — $84.63
🔄 MSB: bearish_reversal
💼 Fundamental: ✅ Solvente
⏰ 2026-07-21 18:34 UTC
━━━━━━━━━━━━━━━━━━
📝 Caída de 0.0% (idiosincrática) | Entrada: CONFLUENCE | 50 zona(s) de confluencia SMC | Precio dentro del Value Area | R:R = 1:3.0 (MIN_RR) | Confianza: 70%
2026-07-21 15:35:11 | INFO     | backend.scanner           | 📊 CAPITULATION ALERT sent: KO APTO_COMPRA_ASIMETRICA (R:R=1:3.0, Confidence=70%)
2026-07-21 15:35:11 | INFO     | backend.telegram_notifier | [DRY-RUN] Telegram alert:
🔬 ANÁLISIS DE CAPITULACIÓN
━━━━━━━━━━━━━━━━━━
🏷️ AVGO — US Equities (S&P 500)
🟢 Veredicto: APTO COMPRA ASIMÉTRICA
📉 Caída: -4.5% (Idiosincrática)
📊 Confianza: 80%
━━━━━━━━━━━━━━━━━━
📍 Entrada: $385.31
🛑 Stop Loss: $356.83
🎯 Take Profit: $470.76
⚖️ R:R = 1:3.0
📐 Tamaño: 35.1068 unidades
━━━━━━━━━━━━━━━━━━
📊 POC: $372.27
📊 VAH: $391.17 | VAL: $366.65
🟦 FVG: $377.35 — $379.22
🟧 OB: $371.90 — $386.74
🔄 MSB: bearish_reversal
💼 Fundamental: ✅ Solvente
⏰ 2026-07-21 18:34 UTC
━━━━━━━━━━━━━━━━━━
📝 Caída de 0.0% (idiosincrática) | Entrada: CONFLUENCE | 51 zona(s) de confluencia SMC | Precio dentro del Value Area | R:R = 1:3.0 (MIN_RR) | Confianza: 80%
2026-07-21 15:35:11 | INFO     | backend.scanner           | 📊 CAPITULATION ALERT sent: AVGO APTO_COMPRA_ASIMETRICA (R:R=1:3.0, Confidence=80%)
2026-07-21 15:35:11 | INFO     | backend.telegram_notifier | [DRY-RUN] Telegram alert:
🔬 ANÁLISIS DE CAPITULACIÓN
━━━━━━━━━━━━━━━━━━
🏷️ NKE — US Equities (S&P 500)
🟢 Veredicto: APTO COMPRA ASIMÉTRICA
📉 Caída: -2.4% (Idiosincrática)
📊 Confianza: 80%
━━━━━━━━━━━━━━━━━━
📍 Entrada: $42.92
🛑 Stop Loss: $42.66
🎯 Take Profit: $43.70
⚖️ R:R = 1:3.0
📐 Tamaño: 3861.0312 unidades
━━━━━━━━━━━━━━━━━━
📊 POC: $41.26
📊 VAH: $43.32 | VAL: $40.40
🟦 FVG: $44.58 — $44.85
🟧 OB: $42.47 — $44.49
🔄 MSB: bullish_reversal
💼 Fundamental: ✅ Solvente
⏰ 2026-07-21 18:34 UTC
━━━━━━━━━━━━━━━━━━
📝 Caída de 0.0% (idiosincrática) | Entrada: CONFLUENCE | 23 zona(s) de confluencia SMC | Precio dentro del Value Area | R:R = 1:3.0 (MIN_RR) | Confianza: 80%
2026-07-21 15:35:11 | INFO     | backend.scanner           | 📊 CAPITULATION ALERT sent: NKE APTO_COMPRA_ASIMETRICA (R:R=1:3.0, Confidence=80%)
2026-07-21 15:35:11 | INFO     | backend.telegram_notifier | [DRY-RUN] Telegram alert:
🔬 ANÁLISIS DE CAPITULACIÓN
━━━━━━━━━━━━━━━━━━
🏷️ ACN — US Equities (S&P 500)
🟢 Veredicto: APTO COMPRA ASIMÉTRICA
📉 Caída: -3.4% (Idiosincrática)
📊 Confianza: 80%
━━━━━━━━━━━━━━━━━━
📍 Entrada: $139.72
🛑 Stop Loss: $139.30
🎯 Take Profit: $140.97
⚖️ R:R = 1:3.0
📐 Tamaño: 2398.4081 unidades
━━━━━━━━━━━━━━━━━━
📊 POC: $138.45
📊 VAH: $145.37 | VAL: $128.45
🟦 FVG: $139.54 — $139.72
🟧 OB: $136.10 — $141.74
🔄 MSB: bullish_reversal
💼 Fundamental: ✅ Solvente
⏰ 2026-07-21 18:34 UTC
━━━━━━━━━━━━━━━━━━
📝 Caída de 0.0% (idiosincrática) | Entrada: CONFLUENCE | 22 zona(s) de confluencia SMC | Precio dentro del Value Area | R:R = 1:3.0 (MIN_RR) | Confianza: 80%
2026-07-21 15:35:11 | INFO     | backend.scanner           | 📊 CAPITULATION ALERT sent: ACN APTO_COMPRA_ASIMETRICA (R:R=1:3.0, Confidence=80%)
2026-07-21 15:35:11 | INFO     | backend.telegram_notifier | [DRY-RUN] Telegram alert:
🔬 ANÁLISIS DE CAPITULACIÓN
━━━━━━━━━━━━━━━━━━
🏷️ MCD — US Equities (S&P 500)
🟢 Veredicto: APTO COMPRA ASIMÉTRICA
📉 Caída: -2.3% (Idiosincrática)
📊 Confianza: 90%
━━━━━━━━━━━━━━━━━━
📍 Entrada: $266.62
🛑 Stop Loss: $263.92
🎯 Take Profit: $274.72
⚖️ R:R = 1:3.0
📐 Tamaño: 370.5372 unidades
━━━━━━━━━━━━━━━━━━
📊 POC: $266.62
📊 VAH: $276.52 | VAL: $265.93
🟦 FVG: $280.63 — $281.38
🟧 OB: $268.32 — $273.81
🔄 MSB: bearish_reversal
💼 Fundamental: ✅ Solvente
⏰ 2026-07-21 18:34 UTC
━━━━━━━━━━━━━━━━━━
📝 Caída de 0.0% (idiosincrática) | Entrada: POC_FALLBACK | 67 zona(s) de confluencia SMC | Precio bajo VAL (sobreventa) | R:R = 1:3.0 (MIN_RR) | Confianza: 90%
2026-07-21 15:35:11 | INFO     | backend.scanner           | 📊 CAPITULATION ALERT sent: MCD APTO_COMPRA_ASIMETRICA (R:R=1:3.0, Confidence=90%)
2026-07-21 15:35:11 | INFO     | backend.telegram_notifier | [DRY-RUN] Telegram alert:
🔬 ANÁLISIS DE CAPITULACIÓN
━━━━━━━━━━━━━━━━━━
🏷️ TXN — US Equities (S&P 500)
🟢 Veredicto: APTO COMPRA ASIMÉTRICA
📉 Caída: -4.1% (Idiosincrática)
📊 Confianza: 80%
━━━━━━━━━━━━━━━━━━
📍 Entrada: $293.19
🛑 Stop Loss: $278.35
🎯 Take Profit: $337.70
⚖️ R:R = 1:3.0
📐 Tamaño: 67.3969 unidades
━━━━━━━━━━━━━━━━━━
📊 POC: $299.86
📊 VAH: $305.98 | VAL: $285.57
🟦 FVG: $289.25 — $290.14
🟧 OB: $288.50 — $294.76
🔄 MSB: bearish_reversal
💼 Fundamental: ✅ Solvente
⏰ 2026-07-21 18:34 UTC
━━━━━━━━━━━━━━━━━━
📝 Caída de 0.0% (idiosincrática) | Entrada: CONFLUENCE | 47 zona(s) de confluencia SMC | Precio dentro del Value Area | R:R = 1:3.0 (MIN_RR) | Confianza: 80%
2026-07-21 15:35:11 | INFO     | backend.scanner           | 📊 CAPITULATION ALERT sent: TXN APTO_COMPRA_ASIMETRICA (R:R=1:3.0, Confidence=80%)
2026-07-21 15:35:11 | INFO     | backend.telegram_notifier | [DRY-RUN] Telegram alert:
🔬 ANÁLISIS DE CAPITULACIÓN
━━━━━━━━━━━━━━━━━━
🏷️ QCOM — US Equities (S&P 500)
🟢 Veredicto: APTO COMPRA ASIMÉTRICA
📉 Caída: -3.4% (Idiosincrática)
📊 Confianza: 80%
━━━━━━━━━━━━━━━━━━
📍 Entrada: $177.45
🛑 Stop Loss: $164.22
🎯 Take Profit: $217.13
⚖️ R:R = 1:3.0
📐 Tamaño: 75.5997 unidades
━━━━━━━━━━━━━━━━━━
📊 POC: $184.98
📊 VAH: $197.40 | VAL: $171.48
🟦 FVG: $185.88 — $187.44
🟧 OB: $168.99 — $173.96
🔄 MSB: bearish_reversal
💼 Fundamental: ✅ Solvente
⏰ 2026-07-21 18:34 UTC
━━━━━━━━━━━━━━━━━━
📝 Caída de 0.0% (idiosincrática) | Entrada: CONFLUENCE | 31 zona(s) de confluencia SMC | Precio dentro del Value Area | R:R = 1:3.0 (MIN_RR) | Confianza: 80%
2026-07-21 15:35:11 | INFO     | backend.scanner           | 📊 CAPITULATION ALERT sent: QCOM APTO_COMPRA_ASIMETRICA (R:R=1:3.0, Confidence=80%)
2026-07-21 15:35:11 | INFO     | backend.telegram_notifier | [DRY-RUN] Telegram alert:
🔬 ANÁLISIS DE CAPITULACIÓN
━━━━━━━━━━━━━━━━━━
🏷️ ORCL — US Equities (S&P 500)
🟢 Veredicto: APTO COMPRA ASIMÉTRICA
📉 Caída: -5.1% (Idiosincrática)
📊 Confianza: 80%
━━━━━━━━━━━━━━━━━━
📍 Entrada: $125.19
🛑 Stop Loss: $119.55
🎯 Take Profit: $142.12
⚖️ R:R = 1:3.0
📐 Tamaño: 177.2035 unidades
━━━━━━━━━━━━━━━━━━
📊 POC: $144.61
📊 VAH: $153.88 | VAL: $129.70
🟦 FVG: $184.94 — $187.01
🟧 OB: $123.66 — $131.78
🔄 MSB: bearish_reversal
💼 Fundamental: ✅ Solvente
⏰ 2026-07-21 18:34 UTC
━━━━━━━━━━━━━━━━━━
📝 Caída de 0.0% (idiosincrática) | Entrada: CONFLUENCE | 48 zona(s) de confluencia SMC | Precio bajo VAL (sobreventa) | R:R = 1:3.0 (MIN_RR) | Confianza: 80%
2026-07-21 15:35:11 | INFO     | backend.scanner           | 📊 CAPITULATION ALERT sent: ORCL APTO_COMPRA_ASIMETRICA (R:R=1:3.0, Confidence=80%)
2026-07-21 15:35:11 | INFO     | backend.telegram_notifier | [DRY-RUN] Telegram alert:
🔬 ANÁLISIS DE CAPITULACIÓN
━━━━━━━━━━━━━━━━━━
🏷️ AMGN — US Equities (S&P 500)
🟢 Veredicto: APTO COMPRA ASIMÉTRICA
📉 Caída: -2.6% (Idiosincrática)
📊 Confianza: 80%
━━━━━━━━━━━━━━━━━━
📍 Entrada: $361.72
🛑 Stop Loss: $361.13
🎯 Take Profit: $363.48
⚖️ R:R = 1:3.0
📐 Tamaño: 1706.0793 unidades
━━━━━━━━━━━━━━━━━━
📊 POC: $364.02
📊 VAH: $367.72 | VAL: $355.19
🟦 FVG: $359.90 — $361.72
🟧 OB: $355.73 — $363.29
🔄 MSB: bullish_reversal
💼 Fundamental: ✅ Solvente
⏰ 2026-07-21 18:34 UTC
━━━━━━━━━━━━━━━━━━
📝 Caída de 0.0% (idiosincrática) | Entrada: CONFLUENCE | 20 zona(s) de confluencia SMC | Precio dentro del Value Area | R:R = 1:3.0 (MIN_RR) | Confianza: 80%
2026-07-21 15:35:11 | INFO     | backend.scanner           | 📊 CAPITULATION ALERT sent: AMGN APTO_COMPRA_ASIMETRICA (R:R=1:3.0, Confidence=80%)
2026-07-21 15:35:11 | INFO     | backend.telegram_notifier | [DRY-RUN] Telegram alert:
🔬 ANÁLISIS DE CAPITULACIÓN
━━━━━━━━━━━━━━━━━━
🏷️ UPS — US Equities (S&P 500)
🟢 Veredicto: APTO COMPRA ASIMÉTRICA
📉 Caída: -4.3% (Idiosincrática)
📊 Confianza: 80%
━━━━━━━━━━━━━━━━━━
📍 Entrada: $115.69
🛑 Stop Loss: $112.40
🎯 Take Profit: $125.55
⚖️ R:R = 1:3.0
📐 Tamaño: 304.1509 unidades
━━━━━━━━━━━━━━━━━━
📊 POC: $113.31
📊 VAH: $114.28 | VAL: $107.66
🟦 FVG: $108.00 — $109.27
🟧 OB: $112.62 — $115.43
🔄 MSB: bullish_reversal
💼 Fundamental: ✅ Solvente
⏰ 2026-07-21 18:34 UTC
━━━━━━━━━━━━━━━━━━
📝 Caída de 0.0% (idiosincrática) | Entrada: CONFLUENCE | 15 zona(s) de confluencia SMC | R:R = 1:3.0 (MIN_RR) | Confianza: 80%
2026-07-21 15:35:11 | INFO     | backend.scanner           | 📊 CAPITULATION ALERT sent: UPS APTO_COMPRA_ASIMETRICA (R:R=1:3.0, Confidence=80%)
2026-07-21 15:35:11 | INFO     | backend.telegram_notifier | [DRY-RUN] Telegram alert:
🔬 ANÁLISIS DE CAPITULACIÓN
━━━━━━━━━━━━━━━━━━
🏷️ NFLX — US Equities (S&P 500)
🟢 Veredicto: APTO COMPRA ASIMÉTRICA
📉 Caída: -12.5% (Idiosincrática)
📊 Confianza: 90%
━━━━━━━━━━━━━━━━━━
📍 Entrada: $73.87
🛑 Stop Loss: $64.90
🎯 Take Profit: $100.77
⚖️ R:R = 1:3.0
📐 Tamaño: 111.5030 unidades
━━━━━━━━━━━━━━━━━━
📊 POC: $73.87
📊 VAH: $78.17 | VAL: $71.39
🟧 OB: $73.73 — $76.07
🔄 MSB: bearish_reversal
💼 Fundamental: ✅ Solvente
⏰ 2026-07-21 18:34 UTC
━━━━━━━━━━━━━━━━━━
📝 Caída de 0.0% (idiosincrática) | Entrada: POC_FALLBACK | 41 zona(s) de confluencia SMC | Precio bajo VAL (sobreventa) | R:R = 1:3.0 (MIN_RR) | Confianza: 90%
2026-07-21 15:35:11 | INFO     | backend.scanner           | 📊 CAPITULATION ALERT sent: NFLX APTO_COMPRA_ASIMETRICA (R:R=1:3.0, Confidence=90%)
2026-07-21 15:35:11 | INFO     | backend.telegram_notifier | [DRY-RUN] Telegram alert:
🔬 ANÁLISIS DE CAPITULACIÓN
━━━━━━━━━━━━━━━━━━
🏷️ MU — US Equities (S&P 500)
🟢 Veredicto: APTO COMPRA ASIMÉTRICA
📉 Caída: -5.8% (Idiosincrática)
📊 Confianza: 80%
━━━━━━━━━━━━━━━━━━
📍 Entrada: $968.75
🛑 Stop Loss: $798.26
🎯 Take Profit: $1480.23
⚖️ R:R = 1:3.0
📐 Tamaño: 5.8653 unidades
━━━━━━━━━━━━━━━━━━
📊 POC: $934.79
📊 VAH: $1065.58 | VAL: $840.08
🟦 FVG: $903.96 — $916.57
🟧 OB: $840.51 — $887.71
🔄 MSB: bearish_reversal
💼 Fundamental: ✅ Solvente
⏰ 2026-07-21 18:34 UTC
━━━━━━━━━━━━━━━━━━
📝 Caída de 0.0% (idiosincrática) | Entrada: CONFLUENCE | 41 zona(s) de confluencia SMC | Precio dentro del Value Area | R:R = 1:3.0 (MIN_RR) | Confianza: 80%
2026-07-21 15:35:11 | INFO     | backend.scanner           | 📊 CAPITULATION ALERT sent: MU APTO_COMPRA_ASIMETRICA (R:R=1:3.0, Confidence=80%)
2026-07-21 15:35:11 | INFO     | backend.telegram_notifier | [DRY-RUN] Telegram alert:
🔬 ANÁLISIS DE CAPITULACIÓN
━━━━━━━━━━━━━━━━━━
🏷️ PYPL — US Equities (S&P 500)
🟢 Veredicto: APTO COMPRA ASIMÉTRICA
📉 Caída: -3.0% (Idiosincrática)
📊 Confianza: 80%
━━━━━━━━━━━━━━━━━━
📍 Entrada: $55.28
🛑 Stop Loss: $54.96
🎯 Take Profit: $56.25
⚖️ R:R = 1:3.0
📐 Tamaño: 3082.9298 unidades
━━━━━━━━━━━━━━━━━━
📊 POC: $44.22
📊 VAH: $48.70 | VAL: $42.21
🟦 FVG: $47.39 — $55.28
🟧 OB: $43.73 — $45.28
🔄 MSB: bullish_reversal
💼 Fundamental: ✅ Solvente
⏰ 2026-07-21 18:34 UTC
━━━━━━━━━━━━━━━━━━
📝 Caída de 0.0% (idiosincrática) | Entrada: CONFLUENCE | 33 zona(s) de confluencia SMC | R:R = 1:3.0 (MIN_RR) | Confianza: 80%
2026-07-21 15:35:11 | INFO     | backend.scanner           | 📊 CAPITULATION ALERT sent: PYPL APTO_COMPRA_ASIMETRICA (R:R=1:3.0, Confidence=80%)
2026-07-21 15:35:11 | INFO     | backend.telegram_notifier | [DRY-RUN] Telegram alert:
🔬 ANÁLISIS DE CAPITULACIÓN
━━━━━━━━━━━━━━━━━━
🏷️ BABA — US Equities (S&P 500)
🟢 Veredicto: APTO COMPRA ASIMÉTRICA
📉 Caída: -3.0% (Idiosincrática)
📊 Confianza: 80%
━━━━━━━━━━━━━━━━━━
📍 Entrada: $117.86
🛑 Stop Loss: $113.64
🎯 Take Profit: $130.56
⚖️ R:R = 1:3.0
📐 Tamaño: 236.8869 unidades
━━━━━━━━━━━━━━━━━━
📊 POC: $94.68
📊 VAH: $102.14 | VAL: $91.99
🟦 FVG: $115.93 — $117.65
🟧 OB: $117.42 — $119.93
🔄 MSB: bullish_reversal
💼 Fundamental: ✅ Solvente
⏰ 2026-07-21 18:34 UTC
━━━━━━━━━━━━━━━━━━
📝 Caída de 0.0% (idiosincrática) | Entrada: CONFLUENCE | 49 zona(s) de confluencia SMC | R:R = 1:3.0 (FVG_TARGET) | Confianza: 80%
2026-07-21 15:35:11 | INFO     | backend.scanner           | 📊 CAPITULATION ALERT sent: BABA APTO_COMPRA_ASIMETRICA (R:R=1:3.0, Confidence=80%)
2026-07-21 15:35:11 | INFO     | backend.telegram_notifier | [DRY-RUN] Telegram alert:
🔬 ANÁLISIS DE CAPITULACIÓN
━━━━━━━━━━━━━━━━━━
🏷️ MSTR — US Equities (S&P 500)
🟢 Veredicto: APTO COMPRA ASIMÉTRICA
📉 Caída: -4.2% (Idiosincrática)
📊 Confianza: 80%
━━━━━━━━━━━━━━━━━━
📍 Entrada: $100.35
🛑 Stop Loss: $89.58
🎯 Take Profit: $138.18
⚖️ R:R = 1:3.5
📐 Tamaño: 92.8186 unidades
━━━━━━━━━━━━━━━━━━
📊 POC: $93.98
📊 VAH: $103.86 | VAL: $87.78
🟦 FVG: $95.97 — $100.18
🟧 OB: $96.36 — $101.95
🔄 MSB: bullish_reversal
💼 Fundamental: ✅ Solvente
⏰ 2026-07-21 18:34 UTC
━━━━━━━━━━━━━━━━━━
📝 Caída de 0.0% (idiosincrática) | Entrada: CONFLUENCE | 77 zona(s) de confluencia SMC | Precio dentro del Value Area | R:R = 1:3.5 (FVG_TARGET) | Confianza: 80%
2026-07-21 15:35:11 | INFO     | backend.scanner           | 📊 CAPITULATION ALERT sent: MSTR APTO_COMPRA_ASIMETRICA (R:R=1:3.5, Confidence=80%)
2026-07-21 15:35:11 | INFO     | backend.telegram_notifier | [DRY-RUN] Telegram alert:
🔬 ANÁLISIS DE CAPITULACIÓN
━━━━━━━━━━━━━━━━━━
🏷️ SMCI — US Equities (S&P 500)
🟢 Veredicto: APTO COMPRA ASIMÉTRICA
📉 Caída: -5.3% (Idiosincrática)
📊 Confianza: 80%
━━━━━━━━━━━━━━━━━━
📍 Entrada: $25.17
🛑 Stop Loss: $23.28
🎯 Take Profit: $30.83
⚖️ R:R = 1:3.0
📐 Tamaño: 529.8917 unidades
━━━━━━━━━━━━━━━━━━
📊 POC: $28.22
📊 VAH: $29.97 | VAL: $25.03
🟦 FVG: $48.34 — $48.56
🟧 OB: $23.38 — $25.17
🔄 MSB: bearish_reversal
💼 Fundamental: ✅ Solvente
⏰ 2026-07-21 18:34 UTC
━━━━━━━━━━━━━━━━━━
📝 Caída de 0.0% (idiosincrática) | Entrada: CONFLUENCE | 25 zona(s) de confluencia SMC | Precio dentro del Value Area | R:R = 1:3.0 (MIN_RR) | Confianza: 80%
2026-07-21 15:35:11 | INFO     | backend.scanner           | 📊 CAPITULATION ALERT sent: SMCI APTO_COMPRA_ASIMETRICA (R:R=1:3.0, Confidence=80%)
2026-07-21 15:35:11 | INFO     | backend.telegram_notifier | [DRY-RUN] Telegram alert:
🔬 ANÁLISIS DE CAPITULACIÓN
━━━━━━━━━━━━━━━━━━
🏷️ BTCUSDT — Crypto (Binance Spot)
🟢 Veredicto: APTO COMPRA ASIMÉTRICA
📉 Caída: -2.5% (Idiosincrática)
📊 Confianza: 80%
━━━━━━━━━━━━━━━━━━
📍 Entrada: $66129.1900
🛑 Stop Loss: $63017.4737
🎯 Take Profit: $75464.3387
⚖️ R:R = 1:3.0
📐 Tamaño: 0.3214 unidades
━━━━━━━━━━━━━━━━━━
📊 POC: $63995.6947
📊 VAH: $65188.7140 | VAL: $62714.3036
🟦 FVG: $64967.2500 — $65148.7500
🟧 OB: $63748.7400 — $64997.5200
🔄 MSB: bullish_reversal
💼 Fundamental: ✅ Solvente
⏰ 2026-07-21 18:34 UTC
━━━━━━━━━━━━━━━━━━
📝 Caída de 0.0% (idiosincrática) | Entrada: CONFLUENCE | 57 zona(s) de confluencia SMC | R:R = 1:3.0 (MIN_RR) | Confianza: 80%
2026-07-21 15:35:11 | INFO     | backend.scanner           | 📊 CAPITULATION ALERT sent: BTCUSDT APTO_COMPRA_ASIMETRICA (R:R=1:3.0, Confidence=80%)
2026-07-21 15:35:11 | INFO     | backend.telegram_notifier | [DRY-RUN] Telegram alert:
🔬 ANÁLISIS DE CAPITULACIÓN
━━━━━━━━━━━━━━━━━━
🏷️ ADAUSDT — Crypto (Binance Spot)
🟢 Veredicto: APTO COMPRA ASIMÉTRICA
📉 Caída: -3.4% (Idiosincrática)
📊 Confianza: 80%
━━━━━━━━━━━━━━━━━━
📍 Entrada: $0.1694
🛑 Stop Loss: $0.1602
🎯 Take Profit: $0.1971
⚖️ R:R = 1:3.0
📐 Tamaño: 108483.4020 unidades
━━━━━━━━━━━━━━━━━━
📊 POC: $0.1660
📊 VAH: $0.1697 | VAL: $0.1598
🟦 FVG: $0.1688 — $0.1694
🟧 OB: $0.1599 — $0.1664
🔄 MSB: bearish_reversal
💼 Fundamental: ✅ Solvente
⏰ 2026-07-21 18:34 UTC
━━━━━━━━━━━━━━━━━━
📝 Caída de 0.0% (idiosincrática) | Entrada: CONFLUENCE | 17 zona(s) de confluencia SMC | R:R = 1:3.0 (MIN_RR) | Confianza: 80%
2026-07-21 15:35:11 | INFO     | backend.scanner           | 📊 CAPITULATION ALERT sent: ADAUSDT APTO_COMPRA_ASIMETRICA (R:R=1:3.0, Confidence=80%)
2026-07-21 15:35:11 | INFO     | backend.telegram_notifier | [DRY-RUN] Telegram alert:
🔬 ANÁLISIS DE CAPITULACIÓN
━━━━━━━━━━━━━━━━━━
🏷️ AVAXUSDT — Crypto (Binance Spot)
🟢 Veredicto: APTO COMPRA ASIMÉTRICA
📉 Caída: -2.8% (Idiosincrática)
📊 Confianza: 70%
━━━━━━━━━━━━━━━━━━
📍 Entrada: $6.6370
🛑 Stop Loss: $6.3814
🎯 Take Profit: $7.4039
⚖️ R:R = 1:3.0
📐 Tamaño: 3911.7050 unidades
━━━━━━━━━━━━━━━━━━
📊 POC: $6.5967
📊 VAH: $6.6502 | VAL: $6.4864
🟧 OB: $6.5140 — $6.6640
🔄 MSB: bearish_reversal
💼 Fundamental: ✅ Solvente
⏰ 2026-07-21 18:34 UTC
━━━━━━━━━━━━━━━━━━
📝 Caída de 0.0% (idiosincrática) | Entrada: CONFLUENCE | 15 zona(s) de confluencia SMC | Precio dentro del Value Area | R:R = 1:3.0 (MIN_RR) | Confianza: 70%
2026-07-21 15:35:11 | INFO     | backend.scanner           | 📊 CAPITULATION ALERT sent: AVAXUSDT APTO_COMPRA_ASIMETRICA (R:R=1:3.0, Confidence=70%)
2026-07-21 15:35:11 | INFO     | backend.telegram_notifier | [DRY-RUN] Telegram alert:
🔬 ANÁLISIS DE CAPITULACIÓN
━━━━━━━━━━━━━━━━━━
🏷️ DOTUSDT — Crypto (Binance Spot)
🟢 Veredicto: APTO COMPRA ASIMÉTRICA
📉 Caída: -3.9% (Idiosincrática)
📊 Confianza: 70%
━━━━━━━━━━━━━━━━━━
📍 Entrada: $0.8470
🛑 Stop Loss: $0.7988
🎯 Take Profit: $0.9915
⚖️ R:R = 1:3.0
📐 Tamaño: 20755.9310 unidades
━━━━━━━━━━━━━━━━━━
📊 POC: $0.8572
📊 VAH: $0.8667 | VAL: $0.8258
🟧 OB: $0.8300 — $0.8540
🔄 MSB: bearish_reversal
💼 Fundamental: ✅ Solvente
⏰ 2026-07-21 18:34 UTC
━━━━━━━━━━━━━━━━━━
📝 Caída de 0.0% (idiosincrática) | Entrada: CONFLUENCE | 19 zona(s) de confluencia SMC | Precio dentro del Value Area | R:R = 1:3.0 (MIN_RR) | Confianza: 70%
2026-07-21 15:35:11 | INFO     | backend.scanner           | 📊 CAPITULATION ALERT sent: DOTUSDT APTO_COMPRA_ASIMETRICA (R:R=1:3.0, Confidence=70%)
2026-07-21 15:35:11 | INFO     | backend.telegram_notifier | [DRY-RUN] Telegram alert:
🔬 ANÁLISIS DE CAPITULACIÓN
━━━━━━━━━━━━━━━━━━
🏷️ BCHUSDT — Crypto (Binance Spot)
🟢 Veredicto: APTO COMPRA ASIMÉTRICA
📉 Caída: -2.8% (Idiosincrática)
📊 Confianza: 80%
━━━━━━━━━━━━━━━━━━
📍 Entrada: $224.6000
🛑 Stop Loss: $209.4357
🎯 Take Profit: $270.0929
⚖️ R:R = 1:3.0
📐 Tamaño: 65.9444 unidades
━━━━━━━━━━━━━━━━━━
📊 POC: $223.5700
📊 VAH: $223.7400 | VAL: $215.5800
🟦 FVG: $241.0000 — $243.5000
🟧 OB: $213.8000 — $224.6000
🔄 MSB: bearish_reversal
💼 Fundamental: ✅ Solvente
⏰ 2026-07-21 18:34 UTC
━━━━━━━━━━━━━━━━━━
📝 Caída de 0.0% (idiosincrática) | Entrada: CONFLUENCE | 30 zona(s) de confluencia SMC | R:R = 1:3.0 (MIN_RR) | Confianza: 80%
2026-07-21 15:35:11 | INFO     | backend.scanner           | 📊 CAPITULATION ALERT sent: BCHUSDT APTO_COMPRA_ASIMETRICA (R:R=1:3.0, Confidence=80%)
2026-07-21 15:35:11 | INFO     | backend.telegram_notifier | [DRY-RUN] Telegram alert:
🔬 ANÁLISIS DE CAPITULACIÓN
━━━━━━━━━━━━━━━━━━
🏷️ XLMUSDT — Crypto (Binance Spot)
🟢 Veredicto: APTO COMPRA ASIMÉTRICA
📉 Caída: -2.0% (Idiosincrática)
📊 Confianza: 70%
━━━━━━━━━━━━━━━━━━
📍 Entrada: $0.1913
🛑 Stop Loss: $0.1839
🎯 Take Profit: $0.2135
⚖️ R:R = 1:3.0
📐 Tamaño: 135226.5044 unidades
━━━━━━━━━━━━━━━━━━
📊 POC: $0.1868
📊 VAH: $0.1911 | VAL: $0.1843
🟧 OB: $0.1782 — $0.1895
🔄 MSB: bearish_reversal
💼 Fundamental: ✅ Solvente
⏰ 2026-07-21 18:34 UTC
━━━━━━━━━━━━━━━━━━
📝 Caída de 0.0% (idiosincrática) | Entrada: CONFLUENCE | 7 zona(s) de confluencia SMC | R:R = 1:3.0 (MIN_RR) | Confianza: 70%
2026-07-21 15:35:11 | INFO     | backend.scanner           | 📊 CAPITULATION ALERT sent: XLMUSDT APTO_COMPRA_ASIMETRICA (R:R=1:3.0, Confidence=70%)
2026-07-21 15:35:11 | INFO     | backend.telegram_notifier | [DRY-RUN] Telegram alert:
🔬 ANÁLISIS DE CAPITULACIÓN
━━━━━━━━━━━━━━━━━━
🏷️ APTUSDT — Crypto (Binance Spot)
🟢 Veredicto: APTO COMPRA ASIMÉTRICA
📉 Caída: -3.0% (Idiosincrática)
📊 Confianza: 80%
━━━━━━━━━━━━━━━━━━
📍 Entrada: $0.6010
🛑 Stop Loss: $0.5786
🎯 Take Profit: $0.6682
⚖️ R:R = 1:3.0
📐 Tamaño: 44620.9451 unidades
━━━━━━━━━━━━━━━━━━
📊 POC: $0.6054
📊 VAH: $0.6184 | VAL: $0.5954
🟦 FVG: $0.5800 — $0.5840
🟧 OB: $0.6020 — $0.6280
🔄 MSB: bearish_reversal
💼 Fundamental: ✅ Solvente
⏰ 2026-07-21 18:34 UTC
━━━━━━━━━━━━━━━━━━
📝 Caída de 0.0% (idiosincrática) | Entrada: CONFLUENCE | 3 zona(s) de confluencia SMC | Precio dentro del Value Area | R:R = 1:3.0 (MIN_RR) | Confianza: 80%
2026-07-21 15:35:11 | INFO     | backend.scanner           | 📊 CAPITULATION ALERT sent: APTUSDT APTO_COMPRA_ASIMETRICA (R:R=1:3.0, Confidence=80%)
2026-07-21 15:35:11 | INFO     | backend.telegram_notifier | [DRY-RUN] Telegram alert:
🔬 ANÁLISIS DE CAPITULACIÓN
━━━━━━━━━━━━━━━━━━
🏷️ POLUSDT — Crypto (Binance Spot)
🟢 Veredicto: APTO COMPRA ASIMÉTRICA
📉 Caída: -2.0% (Idiosincrática)
📊 Confianza: 80%
━━━━━━━━━━━━━━━━━━
📍 Entrada: $0.0813
🛑 Stop Loss: $0.0794
🎯 Take Profit: $0.0871
⚖️ R:R = 1:3.0
📐 Tamaño: 520020.8008 unidades
━━━━━━━━━━━━━━━━━━
📊 POC: $0.0808
📊 VAH: $0.0825 | VAL: $0.0802
🟦 FVG: $0.0771 — $0.0791
🟧 OB: $0.0825 — $0.0853
🔄 MSB: bullish_reversal
💼 Fundamental: ✅ Solvente
⏰ 2026-07-21 18:34 UTC
━━━━━━━━━━━━━━━━━━
📝 Caída de 0.0% (idiosincrática) | Entrada: CONFLUENCE | 12 zona(s) de confluencia SMC | Precio dentro del Value Area | R:R = 1:3.0 (MIN_RR) | Confianza: 80%
2026-07-21 15:35:11 | INFO     | backend.scanner           | 📊 CAPITULATION ALERT sent: POLUSDT APTO_COMPRA_ASIMETRICA (R:R=1:3.0, Confidence=80%)
2026-07-21 15:35:11 | INFO     | backend.telegram_notifier | [DRY-RUN] Telegram alert:
🔬 ANÁLISIS DE CAPITULACIÓN
━━━━━━━━━━━━━━━━━━
🏷️ ARBUSDT — Crypto (Binance Spot)
🟢 Veredicto: APTO COMPRA ASIMÉTRICA
📉 Caída: -4.3% (Idiosincrática)
📊 Confianza: 80%
━━━━━━━━━━━━━━━━━━
📍 Entrada: $0.0895
🛑 Stop Loss: $0.0851
🎯 Take Profit: $0.1027
⚖️ R:R = 1:3.0
📐 Tamaño: 226808.8002 unidades
━━━━━━━━━━━━━━━━━━
📊 POC: $0.0900
📊 VAH: $0.0907 | VAL: $0.0882
🟦 FVG: $0.0785 — $0.0867
🟧 OB: $0.0869 — $0.0938
🔄 MSB: bearish_reversal
💼 Fundamental: ✅ Solvente
⏰ 2026-07-21 18:34 UTC
━━━━━━━━━━━━━━━━━━
📝 Caída de 0.0% (idiosincrática) | Entrada: CONFLUENCE | 20 zona(s) de confluencia SMC | Precio dentro del Value Area | R:R = 1:3.0 (MIN_RR) | Confianza: 80%
2026-07-21 15:35:11 | INFO     | backend.scanner           | 📊 CAPITULATION ALERT sent: ARBUSDT APTO_COMPRA_ASIMETRICA (R:R=1:3.0, Confidence=80%)
2026-07-21 15:35:11 | INFO     | backend.telegram_notifier | [DRY-RUN] Telegram alert:
🔬 ANÁLISIS DE CAPITULACIÓN
━━━━━━━━━━━━━━━━━━
🏷️ OPUSDT — Crypto (Binance Spot)
🟢 Veredicto: APTO COMPRA ASIMÉTRICA
📉 Caída: -3.3% (Idiosincrática)
📊 Confianza: 70%
━━━━━━━━━━━━━━━━━━
📍 Entrada: $0.0962
🛑 Stop Loss: $0.0917
🎯 Take Profit: $0.1098
⚖️ R:R = 1:3.0
📐 Tamaño: 220022.0022 unidades
━━━━━━━━━━━━━━━━━━
📊 POC: $0.0969
📊 VAH: $0.0976 | VAL: $0.0939
🟧 OB: $0.0930 — $0.0962
🔄 MSB: bearish_reversal
💼 Fundamental: ✅ Solvente
⏰ 2026-07-21 18:34 UTC
━━━━━━━━━━━━━━━━━━
📝 Caída de 0.0% (idiosincrática) | Entrada: CONFLUENCE | 6 zona(s) de confluencia SMC | Precio dentro del Value Area | R:R = 1:3.0 (MIN_RR) | Confianza: 70%
2026-07-21 15:35:11 | INFO     | backend.scanner           | 📊 CAPITULATION ALERT sent: OPUSDT APTO_COMPRA_ASIMETRICA (R:R=1:3.0, Confidence=70%)
2026-07-21 15:35:11 | INFO     | backend.telegram_notifier | [DRY-RUN] Telegram alert:
🔬 ANÁLISIS DE CAPITULACIÓN
━━━━━━━━━━━━━━━━━━
🏷️ ATOMUSDT — Crypto (Binance Spot)
🟢 Veredicto: APTO COMPRA ASIMÉTRICA
📉 Caída: -2.2% (Idiosincrática)
📊 Confianza: 80%
━━━━━━━━━━━━━━━━━━
📍 Entrada: $1.4990
🛑 Stop Loss: $1.4429
🎯 Take Profit: $1.6673
⚖️ R:R = 1:3.0
📐 Tamaño: 17823.0880 unidades
━━━━━━━━━━━━━━━━━━
📊 POC: $1.4963
📊 VAH: $1.5098 | VAL: $1.4828
🟦 FVG: $1.6830 — $1.6980
🟧 OB: $1.5540 — $1.5910
🔄 MSB: bearish_reversal
💼 Fundamental: ✅ Solvente
⏰ 2026-07-21 18:34 UTC
━━━━━━━━━━━━━━━━━━
📝 Caída de 0.0% (idiosincrática) | Entrada: ORDER_BLOCK | 9 zona(s) de confluencia SMC | Precio dentro del Value Area | R:R = 1:3.0 (MIN_RR) | Confianza: 80%
2026-07-21 15:35:11 | INFO     | backend.scanner           | 📊 CAPITULATION ALERT sent: ATOMUSDT APTO_COMPRA_ASIMETRICA (R:R=1:3.0, Confidence=80%)
2026-07-21 15:35:11 | INFO     | backend.telegram_notifier | [DRY-RUN] Telegram alert:
🔬 ANÁLISIS DE CAPITULACIÓN
━━━━━━━━━━━━━━━━━━
🏷️ INJUSDT — Crypto (Binance Spot)
🟢 Veredicto: APTO COMPRA ASIMÉTRICA
📉 Caída: -2.6% (Idiosincrática)
📊 Confianza: 80%
━━━━━━━━━━━━━━━━━━
📍 Entrada: $5.2700
🛑 Stop Loss: $5.0196
🎯 Take Profit: $6.0211
⚖️ R:R = 1:3.0
📐 Tamaño: 3994.2961 unidades
━━━━━━━━━━━━━━━━━━
📊 POC: $5.0947
📊 VAH: $5.3828 | VAL: $5.0210
🟦 FVG: $5.2180 — $5.2700
🟧 OB: $4.8550 — $5.2360
🔄 MSB: bullish_reversal
💼 Fundamental: ✅ Solvente
⏰ 2026-07-21 18:34 UTC
━━━━━━━━━━━━━━━━━━
📝 Caída de 0.0% (idiosincrática) | Entrada: CONFLUENCE | 18 zona(s) de confluencia SMC | Precio dentro del Value Area | R:R = 1:3.0 (MIN_RR) | Confianza: 80%
2026-07-21 15:35:11 | INFO     | backend.scanner           | 📊 CAPITULATION ALERT sent: INJUSDT APTO_COMPRA_ASIMETRICA (R:R=1:3.0, Confidence=80%)
2026-07-21 15:35:11 | INFO     | backend.telegram_notifier | [DRY-RUN] Telegram alert:
🔬 ANÁLISIS DE CAPITULACIÓN
━━━━━━━━━━━━━━━━━━
🏷️ SEIUSDT — Crypto (Binance Spot)
🟢 Veredicto: APTO COMPRA ASIMÉTRICA
📉 Caída: -2.6% (Idiosincrática)
📊 Confianza: 80%
━━━━━━━━━━━━━━━━━━
📍 Entrada: $0.0464
🛑 Stop Loss: $0.0452
🎯 Take Profit: $0.0501
⚖️ R:R = 1:3.0
📐 Tamaño: 827814.5695 unidades
━━━━━━━━━━━━━━━━━━
📊 POC: $0.0467
📊 VAH: $0.0474 | VAL: $0.0463
🟦 FVG: $0.0546 — $0.0546
🟧 OB: $0.0482 — $0.0499
🔄 MSB: bearish_reversal
💼 Fundamental: ✅ Solvente
⏰ 2026-07-21 18:34 UTC
━━━━━━━━━━━━━━━━━━
📝 Caída de 0.0% (idiosincrática) | Entrada: CONFLUENCE | 10 zona(s) de confluencia SMC | Precio dentro del Value Area | R:R = 1:3.0 (MIN_RR) | Confianza: 80%
2026-07-21 15:35:11 | INFO     | backend.scanner           | 📊 CAPITULATION ALERT sent: SEIUSDT APTO_COMPRA_ASIMETRICA (R:R=1:3.0, Confidence=80%)
2026-07-21 15:35:11 | INFO     | backend.telegram_notifier | [DRY-RUN] Telegram alert:
🔬 ANÁLISIS DE CAPITULACIÓN
━━━━━━━━━━━━━━━━━━
🏷️ TIAUSDT — Crypto (Binance Spot)
🟢 Veredicto: APTO COMPRA ASIMÉTRICA
📉 Caída: -3.0% (Idiosincrática)
📊 Confianza: 80%
━━━━━━━━━━━━━━━━━━
📍 Entrada: $0.3585
🛑 Stop Loss: $0.3500
🎯 Take Profit: $0.3841
⚖️ R:R = 1:3.0
📐 Tamaño: 117027.5015 unidades
━━━━━━━━━━━━━━━━━━
📊 POC: $0.3618
📊 VAH: $0.3778 | VAL: $0.3523
🟦 FVG: $0.3855 — $0.3872
🟧 OB: $0.3510 — $0.3652
🔄 MSB: bearish_reversal
💼 Fundamental: ✅ Solvente
⏰ 2026-07-21 18:34 UTC
━━━━━━━━━━━━━━━━━━
📝 Caída de 0.0% (idiosincrática) | Entrada: CONFLUENCE | 32 zona(s) de confluencia SMC | Precio dentro del Value Area | R:R = 1:3.0 (MIN_RR) | Confianza: 80%
2026-07-21 15:35:11 | INFO     | backend.scanner           | 📊 CAPITULATION ALERT sent: TIAUSDT APTO_COMPRA_ASIMETRICA (R:R=1:3.0, Confidence=80%)
2026-07-21 15:35:11 | INFO     | backend.telegram_notifier | [DRY-RUN] Telegram alert:
🔬 ANÁLISIS DE CAPITULACIÓN
━━━━━━━━━━━━━━━━━━
🏷️ UNIUSDT — Crypto (Binance Spot)
🟢 Veredicto: APTO COMPRA ASIMÉTRICA
📉 Caída: -3.0% (Idiosincrática)
📊 Confianza: 80%
━━━━━━━━━━━━━━━━━━
📍 Entrada: $3.7020
🛑 Stop Loss: $3.4030
🎯 Take Profit: $4.5989
⚖️ R:R = 1:3.0
📐 Tamaño: 3344.8843 unidades
━━━━━━━━━━━━━━━━━━
📊 POC: $3.5206
📊 VAH: $3.6489 | VAL: $3.4646
🟦 FVG: $3.5740 — $3.6210
🟧 OB: $3.4640 — $3.6570
🔄 MSB: bearish_reversal
💼 Fundamental: ✅ Solvente
⏰ 2026-07-21 18:34 UTC
━━━━━━━━━━━━━━━━━━
📝 Caída de 0.0% (idiosincrática) | Entrada: CONFLUENCE | 25 zona(s) de confluencia SMC | R:R = 1:3.0 (MIN_RR) | Confianza: 80%
2026-07-21 15:35:11 | INFO     | backend.scanner           | 📊 CAPITULATION ALERT sent: UNIUSDT APTO_COMPRA_ASIMETRICA (R:R=1:3.0, Confidence=80%)
2026-07-21 15:35:11 | INFO     | backend.telegram_notifier | [DRY-RUN] Telegram alert:
🔬 ANÁLISIS DE CAPITULACIÓN
━━━━━━━━━━━━━━━━━━
🏷️ LDOUSDT — Crypto (Binance Spot)
🟢 Veredicto: APTO COMPRA ASIMÉTRICA
📉 Caída: -2.4% (Idiosincrática)
📊 Confianza: 80%
━━━━━━━━━━━━━━━━━━
📍 Entrada: $0.3758
🛑 Stop Loss: $0.3480
🎯 Take Profit: $0.4591
⚖️ R:R = 1:3.0
📐 Tamaño: 36033.4390 unidades
━━━━━━━━━━━━━━━━━━
📊 POC: $0.3724
📊 VAH: $0.3860 | VAL: $0.3541
🟦 FVG: $0.3662 — $0.3823
🟧 OB: $0.3539 — $0.3754
🔄 MSB: bullish_reversal
💼 Fundamental: ✅ Solvente
⏰ 2026-07-21 18:34 UTC
━━━━━━━━━━━━━━━━━━
📝 Caída de 0.0% (idiosincrática) | Entrada: CONFLUENCE | 13 zona(s) de confluencia SMC | R:R = 1:3.0 (MIN_RR) | Confianza: 80%
2026-07-21 15:35:11 | INFO     | backend.scanner           | 📊 CAPITULATION ALERT sent: LDOUSDT APTO_COMPRA_ASIMETRICA (R:R=1:3.0, Confidence=80%)
2026-07-21 15:35:11 | INFO     | backend.telegram_notifier | [DRY-RUN] Telegram alert:
🔬 ANÁLISIS DE CAPITULACIÓN
━━━━━━━━━━━━━━━━━━
🏷️ FILUSDT — Crypto (Binance Spot)
🟢 Veredicto: APTO COMPRA ASIMÉTRICA
📉 Caída: -5.2% (Idiosincrática)
📊 Confianza: 70%
━━━━━━━━━━━━━━━━━━
📍 Entrada: $0.7630
🛑 Stop Loss: $0.6991
🎯 Take Profit: $0.9547
⚖️ R:R = 1:3.0
📐 Tamaño: 15651.1668 unidades
━━━━━━━━━━━━━━━━━━
📊 POC: $0.7642
📊 VAH: $0.7714 | VAL: $0.7250
🟧 OB: $0.7380 — $0.7680
🔄 MSB: bearish_reversal
💼 Fundamental: ✅ Solvente
⏰ 2026-07-21 18:34 UTC
━━━━━━━━━━━━━━━━━━
📝 Caída de 0.0% (idiosincrática) | Entrada: CONFLUENCE | 11 zona(s) de confluencia SMC | Precio dentro del Value Area | R:R = 1:3.0 (MIN_RR) | Confianza: 70%
2026-07-21 15:35:11 | INFO     | backend.scanner           | 📊 CAPITULATION ALERT sent: FILUSDT APTO_COMPRA_ASIMETRICA (R:R=1:3.0, Confidence=70%)
2026-07-21 15:35:11 | INFO     | backend.telegram_notifier | [DRY-RUN] Telegram alert:
🔬 ANÁLISIS DE CAPITULACIÓN
━━━━━━━━━━━━━━━━━━
🏷️ GRTUSDT — Crypto (Binance Spot)
🟢 Veredicto: APTO COMPRA ASIMÉTRICA
📉 Caída: -4.1% (Idiosincrática)
📊 Confianza: 70%
━━━━━━━━━━━━━━━━━━
📍 Entrada: $0.0164
🛑 Stop Loss: $0.0161
🎯 Take Profit: $0.0173
⚖️ R:R = 1:3.0
📐 Tamaño: 3355704.6980 unidades
━━━━━━━━━━━━━━━━━━
📊 POC: $0.0168
📊 VAH: $0.0170 | VAL: $0.0162
🟧 OB: $0.0168 — $0.0171
🔄 MSB: bearish_reversal
💼 Fundamental: ✅ Solvente
⏰ 2026-07-21 18:34 UTC
━━━━━━━━━━━━━━━━━━
📝 Caída de 0.0% (idiosincrática) | Entrada: CONFLUENCE | 21 zona(s) de confluencia SMC | Precio dentro del Value Area | R:R = 1:3.0 (MIN_RR) | Confianza: 70%
2026-07-21 15:35:11 | INFO     | backend.scanner           | 📊 CAPITULATION ALERT sent: GRTUSDT APTO_COMPRA_ASIMETRICA (R:R=1:3.0, Confidence=70%)
2026-07-21 15:35:11 | INFO     | backend.telegram_notifier | [DRY-RUN] Telegram alert:
🔬 ANÁLISIS DE CAPITULACIÓN
━━━━━━━━━━━━━━━━━━
🏷️ ICPUSDT — Crypto (Binance Spot)
🟢 Veredicto: APTO COMPRA ASIMÉTRICA
📉 Caída: -2.2% (Idiosincrática)
📊 Confianza: 80%
━━━━━━━━━━━━━━━━━━
📍 Entrada: $2.2000
🛑 Stop Loss: $2.1035
🎯 Take Profit: $2.4896
⚖️ R:R = 1:3.0
📐 Tamaño: 10358.8299 unidades
━━━━━━━━━━━━━━━━━━
📊 POC: $2.1462
📊 VAH: $2.1787 | VAL: $2.1105
🟦 FVG: $2.1870 — $2.2000
🟧 OB: $2.1110 — $2.1900
🔄 MSB: bearish_reversal
💼 Fundamental: ✅ Solvente
⏰ 2026-07-21 18:34 UTC
━━━━━━━━━━━━━━━━━━
📝 Caída de 0.0% (idiosincrática) | Entrada: CONFLUENCE | 14 zona(s) de confluencia SMC | R:R = 1:3.0 (MIN_RR) | Confianza: 80%
2026-07-21 15:35:11 | INFO     | backend.scanner           | 📊 CAPITULATION ALERT sent: ICPUSDT APTO_COMPRA_ASIMETRICA (R:R=1:3.0, Confidence=80%)
2026-07-21 15:35:11 | INFO     | backend.telegram_notifier | [DRY-RUN] Telegram alert:
🔬 ANÁLISIS DE CAPITULACIÓN
━━━━━━━━━━━━━━━━━━
🏷️ WLDUSDT — Crypto (Binance Spot)
🟢 Veredicto: APTO COMPRA ASIMÉTRICA
📉 Caída: -6.1% (Idiosincrática)
📊 Confianza: 80%
━━━━━━━━━━━━━━━━━━
📍 Entrada: $0.3796
🛑 Stop Loss: $0.3522
🎯 Take Profit: $0.4619
⚖️ R:R = 1:3.0
📐 Tamaño: 36441.8206 unidades
━━━━━━━━━━━━━━━━━━
📊 POC: $0.3807
📊 VAH: $0.3866 | VAL: $0.3667
🟦 FVG: $0.6299 — $0.6343
🟧 OB: $0.3573 — $0.3892
🔄 MSB: bearish_reversal
💼 Fundamental: ✅ Solvente
⏰ 2026-07-21 18:34 UTC
━━━━━━━━━━━━━━━━━━
📝 Caída de 0.0% (idiosincrática) | Entrada: CONFLUENCE | 22 zona(s) de confluencia SMC | Precio dentro del Value Area | R:R = 1:3.0 (MIN_RR) | Confianza: 80%
2026-07-21 15:35:11 | INFO     | backend.scanner           | 📊 CAPITULATION ALERT sent: WLDUSDT APTO_COMPRA_ASIMETRICA (R:R=1:3.0, Confidence=80%)
2026-07-21 15:35:11 | INFO     | backend.telegram_notifier | [DRY-RUN] Telegram alert:
🔬 ANÁLISIS DE CAPITULACIÓN
━━━━━━━━━━━━━━━━━━
🏷️ TAOUSDT — Crypto (Binance Spot)
🟢 Veredicto: APTO COMPRA ASIMÉTRICA
📉 Caída: -3.0% (Idiosincrática)
📊 Confianza: 80%
━━━━━━━━━━━━━━━━━━
📍 Entrada: $199.1000
🛑 Stop Loss: $192.4196
🎯 Take Profit: $219.1411
⚖️ R:R = 1:3.0
📐 Tamaño: 149.6926 unidades
━━━━━━━━━━━━━━━━━━
📊 POC: $193.8800
📊 VAH: $197.9400 | VAL: $189.8200
🟦 FVG: $195.1000 — $195.2000
🟧 OB: $189.6000 — $203.5000
🔄 MSB: bearish_reversal
💼 Fundamental: ✅ Solvente
⏰ 2026-07-21 18:34 UTC
━━━━━━━━━━━━━━━━━━
📝 Caída de 0.0% (idiosincrática) | Entrada: CONFLUENCE | 33 zona(s) de confluencia SMC | R:R = 1:3.0 (MIN_RR) | Confianza: 80%
2026-07-21 15:35:11 | INFO     | backend.scanner           | 📊 CAPITULATION ALERT sent: TAOUSDT APTO_COMPRA_ASIMETRICA (R:R=1:3.0, Confidence=80%)
2026-07-21 15:35:11 | INFO     | backend.telegram_notifier | [DRY-RUN] Telegram alert:
🔬 ANÁLISIS DE CAPITULACIÓN
━━━━━━━━━━━━━━━━━━
🏷️ PEPEUSDT — Crypto (Binance Spot)
🟢 Veredicto: APTO COMPRA ASIMÉTRICA
📉 Caída: -2.1% (Idiosincrática)
📊 Confianza: 80%
━━━━━━━━━━━━━━━━━━
📍 Entrada: $0.0000
🛑 Stop Loss: $0.0000
🎯 Take Profit: $0.0000
⚖️ R:R = 1:3.0
📐 Tamaño: 8333333333.3333 unidades
━━━━━━━━━━━━━━━━━━
📊 POC: $0.0000
📊 VAH: $0.0000 | VAL: $0.0000
🟦 FVG: $0.0000 — $0.0000
🟧 OB: $0.0000 — $0.0000
🔄 MSB: bullish_reversal
💼 Fundamental: ✅ Solvente
⏰ 2026-07-21 18:34 UTC
━━━━━━━━━━━━━━━━━━
📝 Caída de 0.0% (idiosincrática) | Entrada: CONFLUENCE | 23 zona(s) de confluencia SMC | Precio dentro del Value Area | R:R = 1:3.0 (MIN_RR) | Confianza: 80%
2026-07-21 15:35:11 | INFO     | backend.scanner           | 📊 CAPITULATION ALERT sent: PEPEUSDT APTO_COMPRA_ASIMETRICA (R:R=1:3.0, Confidence=80%)
2026-07-21 15:35:11 | INFO     | backend.telegram_notifier | [DRY-RUN] Telegram alert:
🔬 ANÁLISIS DE CAPITULACIÓN
━━━━━━━━━━━━━━━━━━
🏷️ JUPUSDT — Crypto (Binance Spot)
🟢 Veredicto: APTO COMPRA ASIMÉTRICA
📉 Caída: -2.9% (Idiosincrática)
📊 Confianza: 80%
━━━━━━━━━━━━━━━━━━
📍 Entrada: $0.1949
🛑 Stop Loss: $0.1887
🎯 Take Profit: $0.2135
⚖️ R:R = 1:3.0
📐 Tamaño: 161576.9914 unidades
━━━━━━━━━━━━━━━━━━
📊 POC: $0.1951
📊 VAH: $0.1986 | VAL: $0.1924
🟦 FVG: $0.2183 — $0.2290
🟧 OB: $0.1965 — $0.2088
🔄 MSB: bullish_reversal
💼 Fundamental: ✅ Solvente
⏰ 2026-07-21 18:34 UTC
━━━━━━━━━━━━━━━━━━
📝 Caída de 0.0% (idiosincrática) | Entrada: CONFLUENCE | 15 zona(s) de confluencia SMC | Precio dentro del Value Area | R:R = 1:3.0 (MIN_RR) | Confianza: 80%
2026-07-21 15:35:11 | INFO     | backend.scanner           | 📊 CAPITULATION ALERT sent: JUPUSDT APTO_COMPRA_ASIMETRICA (R:R=1:3.0, Confidence=80%)
2026-07-21 15:35:11 | INFO     | backend.telegram_notifier | [DRY-RUN] Telegram alert:
🔬 ANÁLISIS DE CAPITULACIÓN
━━━━━━━━━━━━━━━━━━
🏷️ PYTHUSDT — Crypto (Binance Spot)
🟢 Veredicto: APTO COMPRA ASIMÉTRICA
📉 Caída: -3.0% (Idiosincrática)
📊 Confianza: 80%
━━━━━━━━━━━━━━━━━━
📍 Entrada: $0.0468
🛑 Stop Loss: $0.0461
🎯 Take Profit: $0.0488
⚖️ R:R = 1:3.0
📐 Tamaño: 1451378.8099 unidades
━━━━━━━━━━━━━━━━━━
📊 POC: $0.0487
📊 VAH: $0.0496 | VAL: $0.0470
🟦 FVG: $0.0467 — $0.0468
🟧 OB: $0.0463 — $0.0506
🔄 MSB: bullish_reversal
💼 Fundamental: ✅ Solvente
⏰ 2026-07-21 18:34 UTC
━━━━━━━━━━━━━━━━━━
📝 Caída de 0.0% (idiosincrática) | Entrada: CONFLUENCE | 5 zona(s) de confluencia SMC | Precio dentro del Value Area | R:R = 1:3.0 (MIN_RR) | Confianza: 80%
2026-07-21 15:35:11 | INFO     | backend.scanner           | 📊 CAPITULATION ALERT sent: PYTHUSDT APTO_COMPRA_ASIMETRICA (R:R=1:3.0, Confidence=80%)
2026-07-21 15:35:11 | INFO     | __main__                  | Scan completed. 0 signal(s) found.
2026-07-21 21:30:33 | INFO     | backend.data_fetcher      | Fetched top 2 crypto tickers by 24h volume (excl. stablecoins): ['BTCUSDT', 'ETHUSDT']
2026-07-21 21:30:33 | INFO     | root                      | Returned top-N tickers: ['BTCUSDT', 'ETHUSDT']
2026-07-21 21:30:33 | WARNING  | backend.fundamental_filter | Insufficient ticker data for correlation filter (0 rows, need 21).
2026-07-21 21:30:33 | WARNING  | backend.fundamental_filter | Insufficient benchmark data for correlation filter (0 rows, need 21).
2026-07-21 21:30:33 | INFO     | backend.scanner           | Loaded 81 alert cooldown records from disk.
2026-07-21 21:30:33 | INFO     | backend.data_fetcher      | Binance host https://api.binance.com is working — caching as primary.
2026-07-21 21:30:33 | WARNING  | backend.data_fetcher      | Binance host https://api.binance.com exhausted 1 retries with status 500 — trying next host.
2026-07-21 21:30:33 | WARNING  | backend.data_fetcher      | Binance host https://data-api.binance.vision geo-blocked (451) — trying next host.
2026-07-21 21:30:33 | ERROR    | backend.data_fetcher      | All Binance hosts failed for /api/v3/klines. Last error: https://data-api.binance.vision → 451 (geo-blocked)
2026-07-21 21:30:33 | WARNING  | backend.data_fetcher      | Binance host https://api.binance.com geo-blocked (451) — trying next host.
2026-07-21 21:30:33 | INFO     | backend.data_fetcher      | Binance host https://data-api.binance.vision is working — caching as primary.
2026-07-21 21:30:33 | WARNING  | backend.data_fetcher      | Binance host https://data-api.binance.vision returned status 429 on attempt 1/2 — retrying in 0.47s...
2026-07-21 21:30:33 | INFO     | root                      | Sleep delays called on 429 retry: [0.4730439775603571]
2026-07-21 21:30:33 | INFO     | backend.scanner           | Loaded 81 alert cooldown records from disk.
2026-07-21 21:30:33 | INFO     | backend.scanner           | Saved 1 capitulation signals to disk.
2026-07-21 21:30:33 | INFO     | backend.scanner           | Loaded 81 alert cooldown records from disk.
2026-07-21 21:30:33 | WARNING  | backend.scanner           | Failed loading existing capitulation signals: Expecting property name enclosed in double quotes: line 1 column 3 (char 2)
2026-07-21 21:30:33 | INFO     | backend.scanner           | Saved 1 capitulation signals to disk.
2026-07-21 21:30:33 | INFO     | backend.shock_detector    | SHOCK detected: effective_return=-4.00%, low=96.0000, vol_ratio=1.00x (bar_idx=-1)
2026-07-21 21:30:33 | INFO     | backend.scanner           | Loaded 81 alert cooldown records from disk.
2026-07-21 21:30:33 | INFO     | backend.scanner           | Saved 1 capitulation signals to disk.
2026-07-21 21:30:33 | INFO     | backend.scanner           | Loaded 81 alert cooldown records from disk.
2026-07-21 21:30:33 | INFO     | backend.scanner           | Loaded 81 alert cooldown records from disk.
2026-07-21 21:30:33 | INFO     | backend.shock_detector    | SHOCK detected: effective_return=-5.50%, low=94.5000, vol_ratio=1.00x (bar_idx=-3)
2026-07-21 21:30:33 | INFO     | backend.scanner           | Loaded 81 alert cooldown records from disk.
2026-07-21 21:30:33 | INFO     | backend.scanner           | Saved 2 capitulation signals to disk.
2026-07-21 21:30:33 | INFO     | backend.scanner           | Loaded 81 alert cooldown records from disk.
